index,Question,A,B,C,D,answer,options,zh,en
241,尼克松在回顾1972年访华时说：“我知道，1954年在……时福斯特·杜勒斯（当时的美国国务卿）拒绝同周（周恩来）握手，使他身受侮辱。因此我走完梯级时决心伸出我的手，一边向他走去。当我们的手相握的时候，一个时代结束了，另一个时代开始了。”对上述材料理解正确的是,尼克松与周恩来握手意味着美国彻底放弃了遏制中国政策,尼克松否定了福斯特·杜勒斯的对华态度,中美关系对20世纪70年代的国际关系有重要影响,省略部分应是万隆会议,C,"A. 尼克松与周恩来握手意味着美国彻底放弃了遏制中国政策
B. 尼克松否定了福斯特·杜勒斯的对华态度
C. 中美关系对20世纪70年代的国际关系有重要影响
D. 省略部分应是万隆会议","下一个问题是关于中国的外交政策。
尼克松在回顾1972年访华时说：“我知道，1954年在……时福斯特·杜勒斯（当时的美国国务卿）拒绝同周（周恩来）握手，使他身受侮辱。因此我走完梯级时决心伸出我的手，一边向他走去。当我们的手相握的时候，一个时代结束了，另一个时代开始了。”对上述材料理解正确的是
A. 尼克松与周恩来握手意味着美国彻底放弃了遏制中国政策
B. 尼克松否定了福斯特·杜勒斯的对华态度
C. 中美关系对20世纪70年代的国际关系有重要影响
D. 省略部分应是万隆会议","The next question is about China's foreign policy.
When Nixon reviewed his visit to China in 1972, he said: ""I knew that in 1954, Foster Dulles (then US Secretary of State) refused to shake hands with Zhou (Zhou Enlai), which insulted him. So I decided to extend my hand as I walked towards him as I walked down the steps. When our hands shook, one era ended and another began."" The correct understanding of the above material is 
A. Nixon's handshake with Zhou Enlai meant that the United States completely abandoned the policy of containing China 
B. Nixon denied Foster Dulles' attitude towards China 
C. Sino-US relations had an important impact on international relations in the 1970s 
D. The omitted part should be the Bandung Conference"
242,我国外交政策的准确表述是,和平外交政策,独立自主的和平外交政策,独立自主的外交政策,维护世界和平、促进共同发展的外交政策,B,"A. 和平外交政策
B. 独立自主的和平外交政策
C. 独立自主的外交政策
D. 维护世界和平、促进共同发展的外交政策","下一个问题是关于中国的外交政策。
我国外交政策的准确表述是
A. 和平外交政策
B. 独立自主的和平外交政策
C. 独立自主的外交政策
D. 维护世界和平、促进共同发展的外交政策","The next question is about China's foreign policy.
The correct description of my country's foreign policy is 
A. Peaceful foreign policy
B. Independent and self-reliant peaceful foreign policy
C. Independent and self-reliant foreign policy
D. A foreign policy that maintains world peace and promotes common development"
243,周恩来总理强调，为了抵抗美国的侵略和威胁，同苏联结盟是必要的，但是“不能把自己的党和国家的独立性丢掉”；在“万隆会议”上，周恩来对于各国因社会制度和意识形态的不同而产生的矛盾与分歧，鲜明地提出了“求同存异”的方针，说“中国代表团是来求团结而不是来吵架的”。这说明,独立自主的和平外交政策是新中国外交的根本保证,“求同存异”是我国处理与亚非国家关系的基本原则,与苏联结盟，是抵抗美国对中国侵略与威胁的根本保证,在中苏结盟时期，我国的外交政策与苏联保持高度一致,A,"A. 独立自主的和平外交政策是新中国外交的根本保证
B. “求同存异”是我国处理与亚非国家关系的基本原则
C. 与苏联结盟，是抵抗美国对中国侵略与威胁的根本保证
D. 在中苏结盟时期，我国的外交政策与苏联保持高度一致","下一个问题是关于中国的外交政策。
周恩来总理强调，为了抵抗美国的侵略和威胁，同苏联结盟是必要的，但是“不能把自己的党和国家的独立性丢掉”；在“万隆会议”上，周恩来对于各国因社会制度和意识形态的不同而产生的矛盾与分歧，鲜明地提出了“求同存异”的方针，说“中国代表团是来求团结而不是来吵架的”。这说明
A. 独立自主的和平外交政策是新中国外交的根本保证
B. “求同存异”是我国处理与亚非国家关系的基本原则
C. 与苏联结盟，是抵抗美国对中国侵略与威胁的根本保证
D. 在中苏结盟时期，我国的外交政策与苏联保持高度一致","The next question is about China's foreign policy.
Premier Zhou Enlai stressed that in order to resist the aggression and threat of the United States, it was necessary to ally with the Soviet Union, but ""the independence of our party and country must not be lost""; at the ""Bandung Conference"", Zhou Enlai clearly put forward the policy of ""seeking common ground while reserving differences"" for the contradictions and differences between countries due to different social systems and ideologies, saying that ""the Chinese delegation came to seek unity rather than quarrel."" This shows that
A. An independent and peaceful foreign policy is the fundamental guarantee of the diplomacy of New China
B. ""Seeking common ground while reserving differences"" is the basic principle of my country's handling of relations with Asian and African countries
C. Alliance with the Soviet Union is the fundamental guarantee for resisting the aggression and threat of the United States against China
D. During the Sino-Soviet alliance period, my country's foreign policy was highly consistent with that of the Soviet Union"
244,在学习《打开外交新局面》后，某班同学对20世纪70年代中国外交的一些重大事件的发生提出了一些说法，其中不正确的是,1972年《中美联合公报》承认了一个中国的原则,中美关系的改善和中日建交使国际上掀起了一个同中国建交的热潮,尼克松访华标志着中美正式建立外交关系,乒乓外交打开了中美人民友好交往的大门,C,"A. 1972年《中美联合公报》承认了一个中国的原则
B. 中美关系的改善和中日建交使国际上掀起了一个同中国建交的热潮
C. 尼克松访华标志着中美正式建立外交关系
D. 乒乓外交打开了中美人民友好交往的大门","下一个问题是关于中国的外交政策。
在学习《打开外交新局面》后，某班同学对20世纪70年代中国外交的一些重大事件的发生提出了一些说法，其中不正确的是
A. 1972年《中美联合公报》承认了一个中国的原则
B. 中美关系的改善和中日建交使国际上掀起了一个同中国建交的热潮
C. 尼克松访华标志着中美正式建立外交关系
D. 乒乓外交打开了中美人民友好交往的大门","The next question is about China's foreign policy.
After studying ""Opening a New Situation in Diplomacy"", a classmate made some statements about some major events in China's diplomacy in the 1970s. The incorrect one is
A. The 1972 ""Sino-US Joint Communiqué"" recognized the one-China principle
B. The improvement of Sino-US relations and the establishment of diplomatic relations between China and Japan set off a wave of international enthusiasm for establishing diplomatic relations with China
C. Nixon's visit to China marked the formal establishment of diplomatic relations between China and the United States
D. Ping-pong diplomacy opened the door to friendly exchanges between the Chinese and American people"
245,1971年，乔冠华率中国代表团参知了第26届联大，在这次会议上，乔冠华开怀大笑，西方记者把乔冠华的笑描述为 “震碎了议会大厦的玻璃”。乔冠华开怀大笑是因为,中国促成了五大常任理事国首脑的会晤,中国首次提出和平共处五项原则,中国恢复在联合国的合法席位,中国提出的“求同存异”方针，促成了会议的成功,C,"A. 中国促成了五大常任理事国首脑的会晤
B. 中国首次提出和平共处五项原则
C. 中国恢复在联合国的合法席位
D. 中国提出的“求同存异”方针，促成了会议的成功","下一个问题是关于中国的外交政策。
1971年，乔冠华率中国代表团参知了第26届联大，在这次会议上，乔冠华开怀大笑，西方记者把乔冠华的笑描述为 “震碎了议会大厦的玻璃”。乔冠华开怀大笑是因为
A. 中国促成了五大常任理事国首脑的会晤
B. 中国首次提出和平共处五项原则
C. 中国恢复在联合国的合法席位
D. 中国提出的“求同存异”方针，促成了会议的成功","The next question is about China's foreign policy.
In 1971, Qiao Guanhua led the Chinese delegation to attend the 26th UN General Assembly. During this meeting, Qiao Guanhua laughed heartily. Western reporters described Qiao Guanhua's laughter as ""shattering the glass of the parliament building."" Qiao Guanhua laughed heartily because
A. China facilitated the meeting of the heads of the five permanent members of the Security Council
B. China first proposed the Five Principles of Peaceful Coexistence
C. China resumed its legitimate seat in the United Nations
D. China's ""seeking common ground while reserving differences"" policy contributed to the success of the meeting"
246,1971年11月8日美国《时代》周刊封面上的周恩来。左上角写着：“The Chinese Are Coming。”美国人发出这样的感慨主要是因为,美国乒乓球队访华,中国恢复在联合国的合法席位,中美关系开始正常化,周恩来出席日内瓦会议,B,"A. 美国乒乓球队访华
B. 中国恢复在联合国的合法席位
C. 中美关系开始正常化
D. 周恩来出席日内瓦会议","下一个问题是关于中国的外交政策。
1971年11月8日美国《时代》周刊封面上的周恩来。左上角写着：“The Chinese Are Coming。”美国人发出这样的感慨主要是因为
A. 美国乒乓球队访华
B. 中国恢复在联合国的合法席位
C. 中美关系开始正常化
D. 周恩来出席日内瓦会议","The next question is about China's foreign policy.
Zhou Enlai on the cover of Time magazine on November 8, 1971. In the upper left corner it says: ""The Chinese Are Coming."" The Americans expressed such sentiments mainly because
A. The American table tennis team visited China
B. China resumed its legitimate seat in the United Nations
C. Sino-US relations began to normalize
D. Zhou Enlai attended the Geneva Conference"
247,20世纪60年代中期的民意测验显示，大多数美国人对中国的印象是“无知”、“好战”、“狡诈”、“危险”；到了70年代初期，这种印象变为“勤劳”、“智慧”、“灵巧”、“善于进取”、“讲求实际”。导致这两种印象的原因分别是,新中国实行“一边倒”的外交政策；1979年中美两国正式建交,新中国成立初，美国对华采取敌视政策；1972年美国总统尼克松访华,中苏建交；70年代，中国综合国力增强,美苏冷战的影响；1971年联合国恢复中华人民共和国的合法席位,B,"A. 新中国实行“一边倒”的外交政策；1979年中美两国正式建交
B. 新中国成立初，美国对华采取敌视政策；1972年美国总统尼克松访华
C. 中苏建交；70年代，中国综合国力增强
D. 美苏冷战的影响；1971年联合国恢复中华人民共和国的合法席位","下一个问题是关于中国的外交政策。
20世纪60年代中期的民意测验显示，大多数美国人对中国的印象是“无知”、“好战”、“狡诈”、“危险”；到了70年代初期，这种印象变为“勤劳”、“智慧”、“灵巧”、“善于进取”、“讲求实际”。导致这两种印象的原因分别是
A. 新中国实行“一边倒”的外交政策；1979年中美两国正式建交
B. 新中国成立初，美国对华采取敌视政策；1972年美国总统尼克松访华
C. 中苏建交；70年代，中国综合国力增强
D. 美苏冷战的影响；1971年联合国恢复中华人民共和国的合法席位","The next question is about China's foreign policy.
According to opinion polls in the mid-1960s, most Americans had the impression that China was ""ignorant,"" ""belligerent,"" ""cunning,"" and ""dangerous."" By the early 1970s, this impression had changed to ""hard-working,"" ""intelligent,"" ""clever,"" ""aggressive,"" and ""pragmatic."" The reasons for these two impressions are:
A. New China implemented a ""one-sided"" foreign policy; China and the United States formally established diplomatic relations in 1979
B. At the beginning of the founding of New China, the United States adopted a hostile policy toward China; U.S. President Nixon visited China in 1972
C. China and the Soviet Union established diplomatic relations; in the 1970s, China's comprehensive national strength increased
D. The impact of the US-Soviet Cold War; the United Nations restored the legitimate seat of the People's Republic of China in 1971"
248,20世纪70年代中国迎来了第三次建交高潮，1971年与中国建交的国家有l5个，l972年达到了18个，加拿大、意大利、奥地利、比利时、日本、联邦德国、澳大利亚、英国等西方资本主义国家先后与中国建立了外交关系。这一建交热潮的出现，为中国走近世界和世界走进中国提供了前提。其主要说明,中日、中美关系逐渐正常化,第三次建交热潮的出现有利于世界和平,第三次建交热潮为改革开放提供了重要前提,第三次建交热提高了中国国际地位,C,"A. 中日、中美关系逐渐正常化
B. 第三次建交热潮的出现有利于世界和平
C. 第三次建交热潮为改革开放提供了重要前提
D. 第三次建交热提高了中国国际地位","下一个问题是关于中国的外交政策。
20世纪70年代中国迎来了第三次建交高潮，1971年与中国建交的国家有l5个，l972年达到了18个，加拿大、意大利、奥地利、比利时、日本、联邦德国、澳大利亚、英国等西方资本主义国家先后与中国建立了外交关系。这一建交热潮的出现，为中国走近世界和世界走进中国提供了前提。其主要说明
A. 中日、中美关系逐渐正常化
B. 第三次建交热潮的出现有利于世界和平
C. 第三次建交热潮为改革开放提供了重要前提
D. 第三次建交热提高了中国国际地位","The next question is about China's foreign policy.
In the 1970s, China ushered in the third wave of diplomatic relations. In 1971, there were 15 countries that established diplomatic relations with China, and in 1972, the number reached 18. Western capitalist countries such as Canada, Italy, Austria, Belgium, Japan, Federal Germany, Australia, and the United Kingdom successively established diplomatic relations with China. The emergence of this wave of diplomatic relations provided a premise for China to approach the world and the world to approach China. Its main explanations
A. Sino-Japanese and Sino-US relations gradually normalized
B. The emergence of the third wave of diplomatic relations is conducive to world peace
C. The third wave of diplomatic relations provided an important premise for reform and opening up
D. The third wave of diplomatic relations improved China's international status"
249,中共领导人曾谈到：“中华人民共和国成立以后，美国政府对于中国人民的敌视有加无已。”“如果没有苏联和其他人民民主国家的帮助，在解放后的中国建立工业基础是不可想象的。”“我们一定要联合苏联，要以苏联为首，这样就可能使资本主义国家不敢妄动。”为此提出的外交方针是,“打扫干净屋子再请客”,“求同存异”,“另起炉灶”,“一边倒”,D,"A. “打扫干净屋子再请客”
B. “求同存异”
C. “另起炉灶”
D. “一边倒”","下一个问题是关于中国的外交政策。
中共领导人曾谈到：“中华人民共和国成立以后，美国政府对于中国人民的敌视有加无已。”“如果没有苏联和其他人民民主国家的帮助，在解放后的中国建立工业基础是不可想象的。”“我们一定要联合苏联，要以苏联为首，这样就可能使资本主义国家不敢妄动。”为此提出的外交方针是
A. “打扫干净屋子再请客”
B. “求同存异”
C. “另起炉灶”
D. “一边倒”","The next question is about China's foreign policy.
The leaders of the Communist Party of China once said: ""After the founding of the People's Republic of China, the hostility of the US government towards the Chinese people has intensified."" ""Without the help of the Soviet Union and other people's democratic countries, it is unthinkable to establish an industrial base in China after liberation."" ""We must unite with the Soviet Union and take the lead, so that capitalist countries will not dare to act rashly."" The diplomatic policy proposed for this purpose is 
A. ""Clean up the house before inviting guests"" 
B. ""Seek common ground while reserving differences"" 
C. ""Start anew"" 
D. ""Lean to one side"""
250,抗美援朝，是抗美援朝战争和抗美援朝运动的统称（多指抗美援朝战争），是20世纪50年代初，中国人民支援朝鲜人民抗击美国侵略的群众性运动。1950年10月，中国人民志愿军赴朝作战，抗美援朝开始。在抗美援朝战争中，志愿军得到了解放军全军和中国全国人民的全力支持，得到了以苏联为首的社会主义阵营的配合。1953年7月，双方签订《朝鲜停战协定》，抗美援朝胜利结束。这一历史事件从国际角度体现了,为完全解决朝鲜问题奠定了条件,维护新中国利益，标志着新中国外交的成熟,遏制美国“扶蒋反共”政策,“一边倒”，反击美国在亚洲的“包围圈”,D,"A. 为完全解决朝鲜问题奠定了条件
B. 维护新中国利益，标志着新中国外交的成熟
C. 遏制美国“扶蒋反共”政策
D. “一边倒”，反击美国在亚洲的“包围圈”","下一个问题是关于中国的外交政策。
抗美援朝，是抗美援朝战争和抗美援朝运动的统称（多指抗美援朝战争），是20世纪50年代初，中国人民支援朝鲜人民抗击美国侵略的群众性运动。1950年10月，中国人民志愿军赴朝作战，抗美援朝开始。在抗美援朝战争中，志愿军得到了解放军全军和中国全国人民的全力支持，得到了以苏联为首的社会主义阵营的配合。1953年7月，双方签订《朝鲜停战协定》，抗美援朝胜利结束。这一历史事件从国际角度体现了
A. 为完全解决朝鲜问题奠定了条件
B. 维护新中国利益，标志着新中国外交的成熟
C. 遏制美国“扶蒋反共”政策
D. “一边倒”，反击美国在亚洲的“包围圈”","The next question is about China's foreign policy.
The War to Resist U.S. Aggression and Aid Korea is a general term for the War to Resist U.S. Aggression and Aid Korea and the Movement to Resist U.S. Aggression and Aid Korea (mostly referring to the War to Resist U.S. Aggression and Aid Korea). It was a mass movement in the early 1950s in which the Chinese people supported the Korean people in resisting U.S. aggression. In October 1950, the Chinese People's Volunteer Army went to Korea to fight, and the War to Resist U.S. Aggression and Aid Korea began. In the War to Resist U.S. Aggression and Aid Korea, the Volunteer Army received full support from the entire People's Liberation Army and the Chinese people, and received cooperation from the socialist camp headed by the Soviet Union. In July 1953, the two sides signed the ""Korean Armistice Agreement"", and the War to Resist U.S. Aggression and Aid Korea ended in victory. This historical event reflects from an international perspective
A. It laid the foundation for the complete resolution of the Korean issue
B. It safeguarded the interests of New China and marked the maturity of New China's diplomacy
C. It curbed the U.S. policy of ""supporting Chiang Kai-shek and opposing the Communist Party""
D. It ""leaned to one side"" and fought back against the U.S. ""encirclement"" in Asia"
251,“当我走到扶梯最后一节，迈步向他（周恩来）走去时，特意伸出手去……”（《尼克松回忆录》）。美国总统尼克松“伸手”的原因是,主张建立和平相处的国际关系,歌颂中华民族的伟大,认识到美国与中国发展关系的必要性,阐明中国对稳定国际关系的重要性,C,"A. 主张建立和平相处的国际关系
B. 歌颂中华民族的伟大
C. 认识到美国与中国发展关系的必要性
D. 阐明中国对稳定国际关系的重要性","下一个问题是关于中国的外交政策。
“当我走到扶梯最后一节，迈步向他（周恩来）走去时，特意伸出手去……”（《尼克松回忆录》）。美国总统尼克松“伸手”的原因是
A. 主张建立和平相处的国际关系
B. 歌颂中华民族的伟大
C. 认识到美国与中国发展关系的必要性
D. 阐明中国对稳定国际关系的重要性","The next question is about China's foreign policy.
""When I reached the last step of the escalator and walked towards him (Zhou Enlai), I deliberately extended my hand..."" (""Nixon's Memoirs""). The reason why US President Nixon ""extended his hand"" was 
A. advocating the establishment of peaceful international relations 
B. praising the greatness of the Chinese nation 
C. recognizing the necessity of developing relations between the United States and China 
D. clarifying the importance of China in stabilizing international relations"
252,当今世界的核心问题是,促进发展,推动世界多极化发展,维护和平,解决世界贫困问题,A,"A. 促进发展
B. 推动世界多极化发展
C. 维护和平
D. 解决世界贫困问题","下一个问题是关于中国的外交政策。
当今世界的核心问题是
A. 促进发展
B. 推动世界多极化发展
C. 维护和平
D. 解决世界贫困问题","The next question is about China's foreign policy.
The core issues of today's world are
A. Promoting development
B. Promoting the development of a multipolar world
C. Maintaining peace
D. Solving the problem of world poverty"
253,有学者认为：“尼克松和基辛格这对奇特的搭档毕竟使美国外交政策甩掉了包袱，冲出了禁区，把全国的视线从意识形态转向了地缘政治，并且调整了美国政策以适应国际关系结构中发生的深刻变化。”下列各项中最能佐证这一观点的是,《中美联合公报》发表,中美正式建立外交关系,中国恢复在联合国的合法席位,中美签订朝鲜停战协议,A,"A. 《中美联合公报》发表
B. 中美正式建立外交关系
C. 中国恢复在联合国的合法席位
D. 中美签订朝鲜停战协议","下一个问题是关于中国的外交政策。
有学者认为：“尼克松和基辛格这对奇特的搭档毕竟使美国外交政策甩掉了包袱，冲出了禁区，把全国的视线从意识形态转向了地缘政治，并且调整了美国政策以适应国际关系结构中发生的深刻变化。”下列各项中最能佐证这一观点的是
A. 《中美联合公报》发表
B. 中美正式建立外交关系
C. 中国恢复在联合国的合法席位
D. 中美签订朝鲜停战协议","The next question is about China's foreign policy.
Some scholars believe that: ""Nixon and Kissinger, this strange partnership, finally freed the US foreign policy from its baggage, broke out of the restricted zone, shifted the national focus from ideology to geopolitics, and adjusted US policy to adapt to the profound changes in the structure of international relations."" The following items best support this view
A. The ""Sino-US Joint Communiqué"" was published
B. China and the United States formally established diplomatic relations
C. China resumed its legitimate seat in the United Nations
D. China and the United States signed the Korean Armistice Agreement"
254,下列关于上海合作组织的说法错误的是,2001年成立，通过了《上海合作组织宣言》，形成了“上海共识”,中国积极参与上海合作组织的活动，并发挥了主导作用,对加强中国与俄罗斯及中亚各国的政治、经济合作起到重要作用,它是一个以互信求安全、以互利求合作的新型区域合作组织,A,"A. 2001年成立，通过了《上海合作组织宣言》，形成了“上海共识”
B. 中国积极参与上海合作组织的活动，并发挥了主导作用
C. 对加强中国与俄罗斯及中亚各国的政治、经济合作起到重要作用
D. 它是一个以互信求安全、以互利求合作的新型区域合作组织","下一个问题是关于中国的外交政策。
下列关于上海合作组织的说法错误的是
A. 2001年成立，通过了《上海合作组织宣言》，形成了“上海共识”
B. 中国积极参与上海合作组织的活动，并发挥了主导作用
C. 对加强中国与俄罗斯及中亚各国的政治、经济合作起到重要作用
D. 它是一个以互信求安全、以互利求合作的新型区域合作组织","The next question is about China's foreign policy.
Which of the following statements about the Shanghai Cooperation Organization is wrong?
A. It was established in 2001, adopted the Shanghai Cooperation Organization Declaration, and formed the ""Shanghai Consensus""
B. China actively participates in the activities of the Shanghai Cooperation Organization and plays a leading role
C. It plays an important role in strengthening the political and economic cooperation between China, Russia and Central Asian countries
D. It is a new type of regional cooperation organization that seeks security through mutual trust and cooperation through mutual benefit"
255,2001年上海合作组织宣告成立，为世界提供了一种新型区域合作模式。这种模式的特征不包括,大小国家共同倡导,经济政治一体化,互利协作,安全先行,B,"A. 大小国家共同倡导
B. 经济政治一体化
C. 互利协作
D. 安全先行","下一个问题是关于中国的外交政策。
2001年上海合作组织宣告成立，为世界提供了一种新型区域合作模式。这种模式的特征不包括
A. 大小国家共同倡导
B. 经济政治一体化
C. 互利协作
D. 安全先行","The next question is about China's foreign policy.
The Shanghai Cooperation Organization was established in 2001, providing the world with a new model of regional cooperation. The characteristics of this model do not include
A. Joint advocacy by large and small countries
B. Economic and political integration
C. Mutually beneficial cooperation
D. Security first"
256,“在美苏进行对话的同时，美国可能需要在中国问题上为自己找个可以依靠的有利地位。”---理查德·尼克松《不战而胜》。材料说明美国急于改善中美关系的原因是,中国已成为五大实力中心之一，在国际事务中发挥着重大作用,利用与中国的和解夺取同苏联争霸中的优势,美国孤立中国的政策失败,中美关系的改善符合中国的根本利益,B,"A. 中国已成为五大实力中心之一，在国际事务中发挥着重大作用
B. 利用与中国的和解夺取同苏联争霸中的优势
C. 美国孤立中国的政策失败
D. 中美关系的改善符合中国的根本利益","下一个问题是关于中国的外交政策。
“在美苏进行对话的同时，美国可能需要在中国问题上为自己找个可以依靠的有利地位。”---理查德·尼克松《不战而胜》。材料说明美国急于改善中美关系的原因是
A. 中国已成为五大实力中心之一，在国际事务中发挥着重大作用
B. 利用与中国的和解夺取同苏联争霸中的优势
C. 美国孤立中国的政策失败
D. 中美关系的改善符合中国的根本利益","The next question is about China's foreign policy.
""While the United States and the Soviet Union are in dialogue, the United States may need to find a favorable position for itself on the China issue that it can rely on."" --- Richard Nixon, ""Winning Without Fighting"". The material shows that the reason why the United States is eager to improve Sino-US relations is that 
A. China has become one of the five major power centers and plays a major role in international affairs 
B. Use reconciliation with China to seize the advantage in the competition with the Soviet Union 
C. The US policy of isolating China has failed 
D. The improvement of Sino-US relations is in the fundamental interests of China"
257,当今世界和平与发展的主要障碍是,和平演变的威胁,社会主义与资本主义的较量,地区冲突与民族矛盾,霸权主义与强权政治,D,"A. 和平演变的威胁
B. 社会主义与资本主义的较量
C. 地区冲突与民族矛盾
D. 霸权主义与强权政治","下一个问题是关于中国的外交政策。
当今世界和平与发展的主要障碍是
A. 和平演变的威胁
B. 社会主义与资本主义的较量
C. 地区冲突与民族矛盾
D. 霸权主义与强权政治","The next question is about China's foreign policy.
The main obstacles to world peace and development today are
A. The threat of peaceful evolution
B. The contest between socialism and capitalism
C. Regional conflicts and ethnic contradictions
D. Hegemonism and power politics"
258,对日内瓦会议的叙述，正确的有：a周恩来在会议上进行了积极的外交努力；b周恩来提出“求同求异”方针，促进会议圆满成功；c周恩来出色的外交才能为新中国赢得了很高的国际声望；d周恩来阐明了和平共处五项原则的基本思想,abd,abcd,abc,ac,D,"A. abd
B. abcd
C. abc
D. ac","下一个问题是关于中国的外交政策。
对日内瓦会议的叙述，正确的有：a周恩来在会议上进行了积极的外交努力；b周恩来提出“求同求异”方针，促进会议圆满成功；c周恩来出色的外交才能为新中国赢得了很高的国际声望；d周恩来阐明了和平共处五项原则的基本思想
A. abd
B. abcd
C. abc
D. ac","The next question is about China's foreign policy.
The correct description of the Geneva Conference is: a Zhou Enlai made active diplomatic efforts at the conference; b Zhou Enlai proposed the policy of ""seeking common ground and seeking differences"" to promote the successful conclusion of the conference; c Zhou Enlai's outstanding diplomatic skills won a high international reputation for New China; d Zhou Enlai expounded the basic ideas of the Five Principles of Peaceful Coexistence
A. abd
B. abcd
C. abc
D. ac"
259,2008年，我国外交贯彻“和平发展”、“和谐世界”、“互利共赢”三大理念，取得了巨大成就。这三大理念的提出：a反映了和平与发展是当今时代的主题；b是由我国国家性质和国家利益决定的；c是基于世界各国有着共同的根本利益；d表明我国对外政策有了重大调整和改变,ab,cd,abcd,abd,A,"A. ab
B. cd
C. abcd
D. abd","下一个问题是关于中国的外交政策。
2008年，我国外交贯彻“和平发展”、“和谐世界”、“互利共赢”三大理念，取得了巨大成就。这三大理念的提出：a反映了和平与发展是当今时代的主题；b是由我国国家性质和国家利益决定的；c是基于世界各国有着共同的根本利益；d表明我国对外政策有了重大调整和改变
A. ab
B. cd
C. abcd
D. abd","The next question is about China's foreign policy.
In 2008, my country's diplomacy implemented the three major concepts of ""peaceful development"", ""harmonious world"" and ""mutual benefit and win-win"", and achieved great results. The proposal of these three concepts: a reflects that peace and development are the themes of the current era; b is determined by the nature of my country's country and national interests; c is based on the common fundamental interests of all countries in the world; d shows that my country's foreign policy has undergone major adjustments and changes
A. ab
B. cd
C. abcd
D. abd"
260,在日益激烈的综合国力竞争中，最主要的竞争是,军事力量,经济技术,文化底蕴,政治构架,B,"A. 军事力量
B. 经济技术
C. 文化底蕴
D. 政治构架","下一个问题是关于中国的外交政策。
在日益激烈的综合国力竞争中，最主要的竞争是
A. 军事力量
B. 经济技术
C. 文化底蕴
D. 政治构架","The next question is about China's foreign policy.
In the increasingly fierce competition of comprehensive national strength, the most important competition is
A. Military strength
B. Economic technology
C. Cultural heritage
D. Political structure"
261,1952 年，周恩来在《我们的外交方针和任务》中说：“不承认国民党政府同各国建立的旧的外交关系，而要在新的基础上同各国建立新的外交关系。对于驻在旧中国的各国使节，我们把他们当作普通侨民对待，不当作外交代表对待。”周恩来在此阐释的外交政策是,“另起炉灶”,“打扫干净屋子再请客”,“一边倒”,“求同存异”,A,"A. “另起炉灶”
B. “打扫干净屋子再请客”
C. “一边倒”
D. “求同存异”","下一个问题是关于中国的外交政策。
1952 年，周恩来在《我们的外交方针和任务》中说：“不承认国民党政府同各国建立的旧的外交关系，而要在新的基础上同各国建立新的外交关系。对于驻在旧中国的各国使节，我们把他们当作普通侨民对待，不当作外交代表对待。”周恩来在此阐释的外交政策是
A. “另起炉灶”
B. “打扫干净屋子再请客”
C. “一边倒”
D. “求同存异”","The next question is about China's foreign policy.
In 1952, Zhou Enlai said in ""Our Diplomatic Principles and Tasks"": ""We do not recognize the old diplomatic relations established by the Kuomintang government with other countries, but we must establish new diplomatic relations with other countries on a new basis. We treat the envoys of various countries stationed in old China as ordinary expatriates, not as diplomatic representatives."" The foreign policy Zhou Enlai explained here is
A. ""Starting from scratch""
B. ""Clean up the house before inviting guests""
C. ""Lean to one side""
D. ""Seek common ground while reserving differences"""
262,中国提出和平共处五项原则，最初是用于处理,同社会主义国家的关系,同西方资本主义国家的关系,同一切国家的关系,同民族主义国家的关系,D,"A. 同社会主义国家的关系
B. 同西方资本主义国家的关系
C. 同一切国家的关系
D. 同民族主义国家的关系","下一个问题是关于中国的外交政策。
中国提出和平共处五项原则，最初是用于处理
A. 同社会主义国家的关系
B. 同西方资本主义国家的关系
C. 同一切国家的关系
D. 同民族主义国家的关系","The next question is about China's foreign policy.
China proposed the Five Principles of Peaceful Coexistence, which were originally used to deal with
A. relations with socialist countries
B. relations with Western capitalist countries
C. relations with all countries
D. relations with nationalist countries"
263,周恩来曾说：“中国的民族发展在地区上是互相交叉的……汉族曾经长时期统治中原，向兄弟民族地区扩张；可是，也有不少的兄弟民族进入过内地，统治过中原。这样就形成各民族杂居的现象。”据此可知，我国实行民族区域自治制度的主要因素是,民族共同繁荣的经济任务,民族团结平等的历史传统,各民族反侵略的政治需要,民族杂居交融的现实国情,D,"A. 民族共同繁荣的经济任务
B. 民族团结平等的历史传统
C. 各民族反侵略的政治需要
D. 民族杂居交融的现实国情","下一个问题是关于中国的外交政策。
周恩来曾说：“中国的民族发展在地区上是互相交叉的……汉族曾经长时期统治中原，向兄弟民族地区扩张；可是，也有不少的兄弟民族进入过内地，统治过中原。这样就形成各民族杂居的现象。”据此可知，我国实行民族区域自治制度的主要因素是
A. 民族共同繁荣的经济任务
B. 民族团结平等的历史传统
C. 各民族反侵略的政治需要
D. 民族杂居交融的现实国情","The next question is about China's foreign policy.
Zhou Enlai once said: ""The development of ethnic groups in China is intertwined in regions... The Han people once ruled the Central Plains for a long time and expanded to the regions of fraternal ethnic groups; however, many fraternal ethnic groups also entered the interior and ruled the Central Plains. This has led to the phenomenon of ethnic groups living together."" Based on this, we can know that the main factors for my country to implement the system of regional ethnic autonomy are 
A. The economic task of common prosperity of ethnic groups 
B. The historical tradition of ethnic unity and equality 
C. The political need of various ethnic groups to resist aggression 
D. The actual national conditions of ethnic coexistence and integration"
264,《中美联合公报》规定，“任何一方都不应该在亚洲—太平洋地区谋求霸权，每一方都反对任何其他国家或国家集团建立这种霸权的努力……。”这一规定主要针对,日本不断崛起，走向政治大国,苏联在亚太地区的扩张,中国国际地位的不断提高,美国在亚太地区的霸权,B,"A. 日本不断崛起，走向政治大国
B. 苏联在亚太地区的扩张
C. 中国国际地位的不断提高
D. 美国在亚太地区的霸权","下一个问题是关于中国的外交政策。
《中美联合公报》规定，“任何一方都不应该在亚洲—太平洋地区谋求霸权，每一方都反对任何其他国家或国家集团建立这种霸权的努力……。”这一规定主要针对
A. 日本不断崛起，走向政治大国
B. 苏联在亚太地区的扩张
C. 中国国际地位的不断提高
D. 美国在亚太地区的霸权","The next question is about China's foreign policy.
The Sino-US Joint Communiqué stipulates that ""neither side should seek hegemony in the Asia-Pacific region, and each side opposes any other country or group of countries' efforts to establish such hegemony..."" This provision is mainly aimed at 
A. Japan's continuous rise and move towards a political power 
B. The expansion of the Soviet Union in the Asia-Pacific region 
C. China's continuous improvement in international status 
D. The hegemony of the United States in the Asia-Pacific region"
265,淸政府1759年颁布的条例规定：夷商（西洋商人)在贸易期间，必须住在商馆之内，不准携带武器，不准雇用中国仆妇。这可以说明淸政府：a准备断绝中西贸易往来；b关注西洋商人的安全问题；c对西洋商人有防范心理；d具有浓厚的“华夷”观念,bc,ab,cd,ad,C,"A. bc
B. ab
C. cd
D. ad","下一个问题是关于中国的外交政策。
淸政府1759年颁布的条例规定：夷商（西洋商人)在贸易期间，必须住在商馆之内，不准携带武器，不准雇用中国仆妇。这可以说明淸政府：a准备断绝中西贸易往来；b关注西洋商人的安全问题；c对西洋商人有防范心理；d具有浓厚的“华夷”观念
A. bc
B. ab
C. cd
D. ad","The next question is about China's foreign policy.
The regulations promulgated by the Qing government in 1759 stipulated that during the trading period, foreign merchants (Western merchants) must live in the trading house, are not allowed to carry weapons, and are not allowed to hire Chinese servants. This can show that the Qing government: a) is ready to cut off Sino-Western trade; b) is concerned about the safety of Western merchants; c) is wary of Western merchants; d) has a strong concept of ""Hua Yi""
A. bc
B. ab
C. cd
D. ad"
266,建立国际政治经济新秩序的长期斗争中，必须始终,以和平共处五项原则为基础,以自由、平等原则为基础,以人权高于主权的原则为基础,以不结盟原则为基础,A,"A. 以和平共处五项原则为基础
B. 以自由、平等原则为基础
C. 以人权高于主权的原则为基础
D. 以不结盟原则为基础","下一个问题是关于中国的外交政策。
建立国际政治经济新秩序的长期斗争中，必须始终
A. 以和平共处五项原则为基础
B. 以自由、平等原则为基础
C. 以人权高于主权的原则为基础
D. 以不结盟原则为基础","The next question is about China's foreign policy.
In the long-term struggle to establish a new international political and economic order, we must always
A. be based on the Five Principles of Peaceful Coexistence
B. be based on the principles of freedom and equality
C. be based on the principle that human rights are above sovereignty
D. be based on the principle of non-alignment"
267,在历史小论文《我眼中的邓小平》中，某同学写道：“我心目中的邓小平是一个外交家。他活跃于国际舞台，在他努力下，中美关系开始正常化，中英建交并顺利解决香港问题。”对于这段文字，下列评语中比较恰当的一条是,结论和史实都有误,史论结合，论证严密,结论有误，史实正确,结论正确，史实有误,D,"A. 结论和史实都有误
B. 史论结合，论证严密
C. 结论有误，史实正确
D. 结论正确，史实有误","下一个问题是关于中国的外交政策。
在历史小论文《我眼中的邓小平》中，某同学写道：“我心目中的邓小平是一个外交家。他活跃于国际舞台，在他努力下，中美关系开始正常化，中英建交并顺利解决香港问题。”对于这段文字，下列评语中比较恰当的一条是
A. 结论和史实都有误
B. 史论结合，论证严密
C. 结论有误，史实正确
D. 结论正确，史实有误","The next question is about China's foreign policy.
In the history essay ""Deng Xiaoping in My Eyes"", a student wrote: ""In my mind, Deng Xiaoping is a diplomat. He is active on the international stage. With his efforts, Sino-US relations began to normalize, China and Britain established diplomatic relations and successfully resolved the Hong Kong issue."" For this passage, the following comments are more appropriate
A. Both the conclusion and the historical facts are wrong
B. The history and theory are combined, and the argument is rigorous
C. The conclusion is wrong, and the historical facts are correct
D. The conclusion is correct, and the historical facts are wrong"
268,我国在发展对外贸易，吸收利用外资，对外技术交流工作中，都必须始终坚持的一条原则是,自力更生原则,和平共处原则,四项基本原则,平等互利原则,D,"A. 自力更生原则
B. 和平共处原则
C. 四项基本原则
D. 平等互利原则","下一个问题是关于中国的外交政策。
我国在发展对外贸易，吸收利用外资，对外技术交流工作中，都必须始终坚持的一条原则是
A. 自力更生原则
B. 和平共处原则
C. 四项基本原则
D. 平等互利原则","The next question is about China's foreign policy.
In developing foreign trade, attracting and utilizing foreign capital, and exchanging foreign technologies, my country must always adhere to the principle of 
A. Principle of self-reliance
B. Principle of peaceful coexistence
C. Four basic principles
D. Principle of equality and mutual benefit"
269,中国对外关系的根本原则和核心是,联合结盟,独立自主,维护和平，促进发展,全方位开放,B,"A. 联合结盟
B. 独立自主
C. 维护和平，促进发展
D. 全方位开放","下一个问题是关于中国的外交政策。
中国对外关系的根本原则和核心是
A. 联合结盟
B. 独立自主
C. 维护和平，促进发展
D. 全方位开放","The next question is about China's foreign policy.
The fundamental principle and core of China's foreign relations are
A. United alliance
B. Independence
C. Maintaining peace and promoting development
D. All-round opening up"
270,从1976年1月到1997年去世为止，邓小平共有8次成为美国 《时代》周刊的封面人物。1978年12月25日，在这一期的《时代》周刊封面上，邓小平的头像与美国总统卡特同时出现，上面写着： “与中国打交道，与以色列免谈。”“与中国打交道”的具体成果体现在,中美正式建交,实行改革开放,邓小平提出和平与发展外交理念,实现中美关系正常化,A,"A. 中美正式建交
B. 实行改革开放
C. 邓小平提出和平与发展外交理念
D. 实现中美关系正常化","下一个问题是关于中国的外交政策。
从1976年1月到1997年去世为止，邓小平共有8次成为美国 《时代》周刊的封面人物。1978年12月25日，在这一期的《时代》周刊封面上，邓小平的头像与美国总统卡特同时出现，上面写着： “与中国打交道，与以色列免谈。”“与中国打交道”的具体成果体现在
A. 中美正式建交
B. 实行改革开放
C. 邓小平提出和平与发展外交理念
D. 实现中美关系正常化","The next question is about China's foreign policy.
From January 1976 to his death in 1997, Deng Xiaoping was on the cover of Time magazine eight times. On December 25, 1978, Deng Xiaoping and US President Carter appeared on the cover of this issue of Time magazine, with the words: ""Deal with China, no deal with Israel."" The specific results of ""dealing with China"" are reflected in 
A. Formal establishment of diplomatic relations between China and the United States 
B. Implementation of reform and opening up 
C. Deng Xiaoping proposed the diplomatic concept of peace and development 
D. Normalization of Sino-US relations"
271,1972年3月1日，美国《太阳报》载：“由于在访问结束时发表了公报，尼克松和中国领导人似乎完成了这种不可能的事。”对这一评论的分析，符合史实的是,美国承认中华人民共和国政府是中国的唯一合法政府,访问结束时发表的公报宣告中美两国正式建交,“不可能的事”指中美两国关系由敌对开始走向合作,评论针对的是中美两国领导人在北京签署联合公报,C,"A. 美国承认中华人民共和国政府是中国的唯一合法政府
B. 访问结束时发表的公报宣告中美两国正式建交
C. “不可能的事”指中美两国关系由敌对开始走向合作
D. 评论针对的是中美两国领导人在北京签署联合公报","下一个问题是关于中国的外交政策。
1972年3月1日，美国《太阳报》载：“由于在访问结束时发表了公报，尼克松和中国领导人似乎完成了这种不可能的事。”对这一评论的分析，符合史实的是
A. 美国承认中华人民共和国政府是中国的唯一合法政府
B. 访问结束时发表的公报宣告中美两国正式建交
C. “不可能的事”指中美两国关系由敌对开始走向合作
D. 评论针对的是中美两国领导人在北京签署联合公报","The next question is about China's foreign policy.
On March 1, 1972, the U.S. Sun reported: ""With the communiqué issued at the end of the visit, Nixon and the Chinese leaders seem to have accomplished the impossible."" The analysis of this comment that conforms to historical facts is:
A. The United States recognizes the government of the People's Republic of China as the only legitimate government in China
B. The communiqué issued at the end of the visit announced the formal establishment of diplomatic relations between China and the United States
C. ""The impossible"" refers to the transition of Sino-U.S. relations from hostility to cooperation
D. The comment was directed at the signing of the joint communiqué by the leaders of China and the United States in Beijing"
272,基辛格均势理论是在美苏两极对抗的国际环境下如何运用国家外交手段，建立政治联盟，对抗苏联一极的压力；是在美国处于劣势的情况下联合各种力量遏制苏联的强势状态，从而达到两极力量的相对的平衡。这一理论的实践,有利于中国重返联合国,使中国外交环境有所改观,加速了两极格局的崩溃,直接推动了中日的建交,B,"A. 有利于中国重返联合国
B. 使中国外交环境有所改观
C. 加速了两极格局的崩溃
D. 直接推动了中日的建交","下一个问题是关于中国的外交政策。
基辛格均势理论是在美苏两极对抗的国际环境下如何运用国家外交手段，建立政治联盟，对抗苏联一极的压力；是在美国处于劣势的情况下联合各种力量遏制苏联的强势状态，从而达到两极力量的相对的平衡。这一理论的实践
A. 有利于中国重返联合国
B. 使中国外交环境有所改观
C. 加速了两极格局的崩溃
D. 直接推动了中日的建交","The next question is about China's foreign policy.
Kissinger's balance of power theory is about how to use national diplomatic means to establish political alliances to counter the pressure of the Soviet Union in the international environment of the US-Soviet bipolar confrontation; it is about uniting various forces to curb the Soviet Union's strong state when the United States is at a disadvantage, so as to achieve a relative balance of the two polar forces. The practice of this theory
A. It is conducive to China's return to the United Nations
B. It has improved China's diplomatic environment
C. It has accelerated the collapse of the bipolar structure
D. It has directly promoted the establishment of diplomatic relations between China and Japan"
273,1971年尼克松在堪萨斯城的讲话中有这样一段话：“我们曾经是世界第一位……这只是25年以前的事。当我们展望今后5年、10年或许15年的时候，我们会看到五个强大的超级经济力量，它们是：美国、西欧、苏联、大陆中国，当然还有日本。”这段话反映出美国的外交政策是,美国愿意与中国改善关系,美国采取遏制中国的外交政策,强调意识形态的差异,中美关系正常化,A,"A. 美国愿意与中国改善关系
B. 美国采取遏制中国的外交政策
C. 强调意识形态的差异
D. 中美关系正常化","下一个问题是关于中国的外交政策。
1971年尼克松在堪萨斯城的讲话中有这样一段话：“我们曾经是世界第一位……这只是25年以前的事。当我们展望今后5年、10年或许15年的时候，我们会看到五个强大的超级经济力量，它们是：美国、西欧、苏联、大陆中国，当然还有日本。”这段话反映出美国的外交政策是
A. 美国愿意与中国改善关系
B. 美国采取遏制中国的外交政策
C. 强调意识形态的差异
D. 中美关系正常化","The next question is about China's foreign policy.
In 1971, Nixon said in his speech in Kansas City: ""We were number one in the world... That was only 25 years ago. When we look ahead 5, 10, or maybe 15 years, we will see five powerful superpowers: the United States, Western Europe, the Soviet Union, mainland China, and of course Japan."" This statement reflects the U.S. foreign policy
A. The United States is willing to improve relations with China
B. The United States adopts a foreign policy of containing China
C. Emphasize ideological differences
D. Normalization of Sino-U.S. relations"
274,“新中国实行独立、自由和领土主权的完整、和平的外交政策，在此前提之上对国民党政府和外国政府所订立的各项条约和协定，按其内容，分别予以承认、或废除、或修订、或重订。”其中“予以承认”的是,《告各友邦书》,《中美友好通商航海条约》,《联合国宪章》,《中苏友好同盟条约》,C,"A. 《告各友邦书》
B. 《中美友好通商航海条约》
C. 《联合国宪章》
D. 《中苏友好同盟条约》","下一个问题是关于中国的外交政策。
“新中国实行独立、自由和领土主权的完整、和平的外交政策，在此前提之上对国民党政府和外国政府所订立的各项条约和协定，按其内容，分别予以承认、或废除、或修订、或重订。”其中“予以承认”的是
A. 《告各友邦书》
B. 《中美友好通商航海条约》
C. 《联合国宪章》
D. 《中苏友好同盟条约》","The next question is about China's foreign policy.
""New China implements an independent, free, territorially sceptical and peaceful foreign policy. On this premise, it recognizes, abolishes, amends or re-establishes various treaties and agreements concluded by the Kuomintang government and foreign governments according to their contents."" The ""recognized"" ones are
A. ""Letter to Friendly Nations""
B. ""Sino-US Treaty of Amity, Commerce and Navigation""
C. ""Charter of the United Nations""
D. ""Sino-Soviet Treaty of Friendship and Alliance"""
275,从中美关系发展的历史和现状可以看出，在制定国家外交政策的时候,确定敌友关系是首要原则,没有必要区分朋友与敌人,认清谁是敌人谁是朋友极为困难,应将国家利益放在政策制定的首位,D,"A. 确定敌友关系是首要原则
B. 没有必要区分朋友与敌人
C. 认清谁是敌人谁是朋友极为困难
D. 应将国家利益放在政策制定的首位","下一个问题是关于中国的外交政策。
从中美关系发展的历史和现状可以看出，在制定国家外交政策的时候
A. 确定敌友关系是首要原则
B. 没有必要区分朋友与敌人
C. 认清谁是敌人谁是朋友极为困难
D. 应将国家利益放在政策制定的首位","The next question is about China's foreign policy.
From the history and current situation of the development of Sino-US relations, it can be seen that when formulating national foreign policy
A. Determining the relationship between enemies and friends is the primary principle
B. There is no need to distinguish between friends and enemies
C. It is extremely difficult to recognize who is the enemy and who is the friend
D. National interests should be placed first in policy making"
276,“1972年毛泽东接见他时，说：‘你们到北京这么一来，全世界都战战兢兢。主要是一个苏联，一个美国，这两个大国，它们不大放心了，不晓得你们在那里搞什么鬼。’”此处的“他”最有可能是,尼克松,基辛格,勃列日涅夫,田中角荣,D,"A. 尼克松
B. 基辛格
C. 勃列日涅夫
D. 田中角荣","下一个问题是关于中国的外交政策。
“1972年毛泽东接见他时，说：‘你们到北京这么一来，全世界都战战兢兢。主要是一个苏联，一个美国，这两个大国，它们不大放心了，不晓得你们在那里搞什么鬼。’”此处的“他”最有可能是
A. 尼克松
B. 基辛格
C. 勃列日涅夫
D. 田中角荣","The next question is about China's foreign policy.
""When Mao Zedong met him in 1972, he said: 'Your coming to Beijing has made the whole world tremble with fear. The two big countries, the Soviet Union and the United States, are worried and don't know what you are up to.'"" The ""he"" here is most likely 
A. Nixon
B. Kissinger
C. Brezhnev
D. Kakuei Tanaka"
277,中国加入政府间国际组织的数量从1977年的21个增加到1996年的51个，几乎加入了联合国体系中的所有重要的政府间组织。从中可以看出,中国积极开展以联合国为中心的多边外交,中国独立自主外交方针具体表现为不结盟,中国积极推动和开创新型的区域合作模式,中国开始以主动姿态谋求建立新的国际关系,A,"A. 中国积极开展以联合国为中心的多边外交
B. 中国独立自主外交方针具体表现为不结盟
C. 中国积极推动和开创新型的区域合作模式
D. 中国开始以主动姿态谋求建立新的国际关系","下一个问题是关于中国的外交政策。
中国加入政府间国际组织的数量从1977年的21个增加到1996年的51个，几乎加入了联合国体系中的所有重要的政府间组织。从中可以看出
A. 中国积极开展以联合国为中心的多边外交
B. 中国独立自主外交方针具体表现为不结盟
C. 中国积极推动和开创新型的区域合作模式
D. 中国开始以主动姿态谋求建立新的国际关系","The next question is about China's foreign policy.
The number of intergovernmental international organizations that China has joined has increased from 21 in 1977 to 51 in 1996, and it has joined almost all important intergovernmental organizations in the United Nations system. It can be seen from this that
A. China actively carries out multilateral diplomacy centered on the United Nations
B. China's independent diplomatic policy is specifically manifested in non-alignment
C. China actively promotes and creates new regional cooperation models
D. China has begun to actively seek to establish new international relations"
278,我国独立自主的和平外交政策，应坚持把,维护国家主权和安全放在首位,发展睦邻友好关系放在首位,反对霸权主义和强权政治放在首位,发展对外经济关系放在首位,A,"A. 维护国家主权和安全放在首位
B. 发展睦邻友好关系放在首位
C. 反对霸权主义和强权政治放在首位
D. 发展对外经济关系放在首位","下一个问题是关于中国的外交政策。
我国独立自主的和平外交政策，应坚持把
A. 维护国家主权和安全放在首位
B. 发展睦邻友好关系放在首位
C. 反对霸权主义和强权政治放在首位
D. 发展对外经济关系放在首位","The next question is about China's foreign policy.
my country's independent and peaceful foreign policy should insist on putting
A. safeguarding national sovereignty and security first
B. developing good neighborly relations first
C. opposing hegemony and power politics first
D. developing foreign economic relations first"
279,邓小平在谈及处理国与国之间关系时提出：“主要应该从国家自身的战略利益出发”，“不去计较历史的恩怨，不去计较社会制度和意识形态的差别，并且国家不分大小强弱，都互相尊重、平等相待。”在这一精神指导下的外交活动是,中苏签订友好同盟互助条约,中国恢复在联合国的合法席位,中美正式建立外交关系,中英经过谈判解决香港问题,C,"A. 中苏签订友好同盟互助条约
B. 中国恢复在联合国的合法席位
C. 中美正式建立外交关系
D. 中英经过谈判解决香港问题","下一个问题是关于中国的外交政策。
邓小平在谈及处理国与国之间关系时提出：“主要应该从国家自身的战略利益出发”，“不去计较历史的恩怨，不去计较社会制度和意识形态的差别，并且国家不分大小强弱，都互相尊重、平等相待。”在这一精神指导下的外交活动是
A. 中苏签订友好同盟互助条约
B. 中国恢复在联合国的合法席位
C. 中美正式建立外交关系
D. 中英经过谈判解决香港问题","The next question is about China's foreign policy.
When talking about handling relations between countries, Deng Xiaoping proposed: ""We should mainly proceed from the strategic interests of the country itself"", ""Don't care about historical grievances, don't care about differences in social systems and ideologies, and countries, regardless of size, strength or weakness, should respect each other and treat each other equally."" Diplomatic activities guided by this spirit include
A. China and the Soviet Union signed a treaty of friendship, alliance and mutual assistance
B. China resumed its legitimate seat in the United Nations
C. China and the United States formally established diplomatic relations
D. China and Britain resolved the Hong Kong issue through negotiations"
280,新中国成立后，美国的对华政策经历了由封锁、威胁、孤立到关系正常化的转变，导致这种变化出现的直接原因是,在美苏争霸中，美国处于守势,中国国际地位提高,中国提出和平共处五项原则,中国综合国力增强,A,"A. 在美苏争霸中，美国处于守势
B. 中国国际地位提高
C. 中国提出和平共处五项原则
D. 中国综合国力增强","下一个问题是关于中国的外交政策。
新中国成立后，美国的对华政策经历了由封锁、威胁、孤立到关系正常化的转变，导致这种变化出现的直接原因是
A. 在美苏争霸中，美国处于守势
B. 中国国际地位提高
C. 中国提出和平共处五项原则
D. 中国综合国力增强","The next question is about China's foreign policy.
After the founding of the People's Republic of China, the US policy towards China has undergone a transformation from blockade, threat, isolation to normalization of relations. The direct reason for this change is that 
A. The US was on the defensive in the US-Soviet hegemony
B. China's international status has improved
C. China proposed the Five Principles of Peaceful Coexistence
D. China's comprehensive national strength has increased"
281,尼克松在其对华政策报告中说：“中国是一个伟大的生气勃勃的民族，不应该继续孤立在国际大家庭之外，从长远来说，如果没有这个拥有7亿多人民的国家的力量，要建立稳定的持久的国际秩序是不可设想的。”他讲这番话表明,歌颂中华民族的伟大,阐明中国对稳定国际关系的重要性,主张和中国建立和平共处的外交关系,中国在国际关系中举足轻重的地位,D,"A. 歌颂中华民族的伟大
B. 阐明中国对稳定国际关系的重要性
C. 主张和中国建立和平共处的外交关系
D. 中国在国际关系中举足轻重的地位","下一个问题是关于中国的外交政策。
尼克松在其对华政策报告中说：“中国是一个伟大的生气勃勃的民族，不应该继续孤立在国际大家庭之外，从长远来说，如果没有这个拥有7亿多人民的国家的力量，要建立稳定的持久的国际秩序是不可设想的。”他讲这番话表明
A. 歌颂中华民族的伟大
B. 阐明中国对稳定国际关系的重要性
C. 主张和中国建立和平共处的外交关系
D. 中国在国际关系中举足轻重的地位","The next question is about China's foreign policy.
In his China policy report, Nixon said: ""China is a great and vibrant nation that should not continue to be isolated from the international community. In the long run, it is unthinkable to establish a stable and lasting international order without the power of this country with more than 700 million people."" His words show that 
A. Praise the greatness of the Chinese nation 
B. Clarify the importance of China to the stability of international relations 
C. Advocate for the establishment of diplomatic relations of peaceful coexistence with China 
D. China's pivotal position in international relations"
282,1954年，毛泽东在谈到宪法草案时强调：“少数民族问题，它有共同性，也有特殊性。共同的就适用共同的条文，特殊的就适用特殊的条文。……宪法草案第七十条规定，少数民旅地区，‘可以按照当地民族的政治、经济和文化的特点，制定自治条例和单行条例’。”由此制定的1954年宪法的作用是,促成了我国多民族统一格局的出现,使少数民族人民有了当家作主权利,促使民族区域自治制度进一步发展,使得各区域民族发展水平趋于平衡,C,"A. 促成了我国多民族统一格局的出现
B. 使少数民族人民有了当家作主权利
C. 促使民族区域自治制度进一步发展
D. 使得各区域民族发展水平趋于平衡","下一个问题是关于中国的外交政策。
1954年，毛泽东在谈到宪法草案时强调：“少数民族问题，它有共同性，也有特殊性。共同的就适用共同的条文，特殊的就适用特殊的条文。……宪法草案第七十条规定，少数民旅地区，‘可以按照当地民族的政治、经济和文化的特点，制定自治条例和单行条例’。”由此制定的1954年宪法的作用是
A. 促成了我国多民族统一格局的出现
B. 使少数民族人民有了当家作主权利
C. 促使民族区域自治制度进一步发展
D. 使得各区域民族发展水平趋于平衡","The next question is about China's foreign policy.
In 1954, when talking about the draft constitution, Mao Zedong emphasized: ""The issue of ethnic minorities has both commonalities and particularities. Common provisions apply to common issues, and particular provisions apply to particular issues. ... Article 70 of the draft constitution stipulates that ethnic minority areas can ""formulate autonomous regulations and separate regulations in accordance with the political, economic and cultural characteristics of the local ethnic groups."" The role of the 1954 constitution formulated in this way is 
A. It has contributed to the emergence of a multi-ethnic unified pattern in my country 
B. It has given ethnic minority people the right to be masters of their own affairs 
C. It has promoted the further development of the ethnic regional autonomy system 
D. It has made the ethnic development levels of various regions tend to be balanced"
283,我国主张建立的国际政治经济新秩序的基础是,不结盟,协商解决,独立自主,和平共处五项原则,D,"A. 不结盟
B. 协商解决
C. 独立自主
D. 和平共处五项原则","下一个问题是关于中国的外交政策。
我国主张建立的国际政治经济新秩序的基础是
A. 不结盟
B. 协商解决
C. 独立自主
D. 和平共处五项原则","The next question is about China's foreign policy.
The basis of the new international political and economic order that my country advocates is
A. Non-alignment
B. Consultative settlement
C. Independence and autonomy
D. Five Principles of Peaceful Coexistence"
284,当代世界两大主题,稳定与和谐,科学与教育,环境与卫生,和平与发展,D,"A. 稳定与和谐
B. 科学与教育
C. 环境与卫生
D. 和平与发展","下一个问题是关于中国的外交政策。
当代世界两大主题
A. 稳定与和谐
B. 科学与教育
C. 环境与卫生
D. 和平与发展","The next question is about China's foreign policy.
Two major themes of the contemporary world
A. Stability and harmony
B. Science and education
C. Environment and health
D. Peace and development"
285,中国有句俗话“一个好兄弟不如一个好邻居”。联想改革开放以来中国的外交，突出体现这种思想的是,积极参加国际维和行动,积极参加世界贸易组织,参与发起创立亚太经合组织,发起成立上海合作组织,D,"A. 积极参加国际维和行动
B. 积极参加世界贸易组织
C. 参与发起创立亚太经合组织
D. 发起成立上海合作组织","下一个问题是关于中国的外交政策。
中国有句俗话“一个好兄弟不如一个好邻居”。联想改革开放以来中国的外交，突出体现这种思想的是
A. 积极参加国际维和行动
B. 积极参加世界贸易组织
C. 参与发起创立亚太经合组织
D. 发起成立上海合作组织","The next question is about China's foreign policy.
There is a Chinese saying that ""a good brother is not as good as a good neighbor"". When thinking about China's diplomacy since the reform and opening up, the following highlights this idea:
A. Active participation in international peacekeeping operations
B. Active participation in the World Trade Organization
C. Participation in the establishment of the Asia-Pacific Economic Cooperation Organization
D. Initiation of the establishment of the Shanghai Cooperation Organization"
286,20世纪70年代，美国驻联合国大使说：“这是联合国历史上的转折点。反西方集团在美国威望动摇时第一次击败了美国。”这句话主要是指,中美关系开始正常化,中国恢复在联合国的合法席位,中日邦交关系正常化,西方国家纷纷同中国建交,B,"A. 中美关系开始正常化
B. 中国恢复在联合国的合法席位
C. 中日邦交关系正常化
D. 西方国家纷纷同中国建交","下一个问题是关于中国的外交政策。
20世纪70年代，美国驻联合国大使说：“这是联合国历史上的转折点。反西方集团在美国威望动摇时第一次击败了美国。”这句话主要是指
A. 中美关系开始正常化
B. 中国恢复在联合国的合法席位
C. 中日邦交关系正常化
D. 西方国家纷纷同中国建交","The next question is about China's foreign policy.
In the 1970s, the US ambassador to the United Nations said: ""This is a turning point in the history of the United Nations. The anti-Western group defeated the United States for the first time when its prestige was shaken."" This sentence mainly refers to
A. Sino-US relations began to normalize
B. China resumed its legitimate seat in the United Nations
C. Sino-Japanese diplomatic relations normalized
D. Western countries established diplomatic relations with China"
287,提出和平与发展是时代主题思想的是,江泽民,周恩来,毛泽东,邓小平,D,"A. 江泽民
B. 周恩来
C. 毛泽东
D. 邓小平","下一个问题是关于中国的外交政策。
提出和平与发展是时代主题思想的是
A. 江泽民
B. 周恩来
C. 毛泽东
D. 邓小平","The next question is about China's foreign policy.
The person who proposed that peace and development are the themes of the times is
A. Jiang Zemin
B. Zhou Enlai
C. Mao Zedong
D. Deng Xiaoping"
288,美国代表也被迫承认：“这是联合国历史上的转折点，反西方国家在美国威信动摇时第一次击败了美国。”这是美国代表针对下列哪一事件所说的,《中苏友好同盟互助条约》签订,第26届联合国大会通过恢复新中国在联合国的合法席位的提案,中华人民共和国的成立,中国成功参加万隆会议,B,"A. 《中苏友好同盟互助条约》签订
B. 第26届联合国大会通过恢复新中国在联合国的合法席位的提案
C. 中华人民共和国的成立
D. 中国成功参加万隆会议","下一个问题是关于中国的外交政策。
美国代表也被迫承认：“这是联合国历史上的转折点，反西方国家在美国威信动摇时第一次击败了美国。”这是美国代表针对下列哪一事件所说的
A. 《中苏友好同盟互助条约》签订
B. 第26届联合国大会通过恢复新中国在联合国的合法席位的提案
C. 中华人民共和国的成立
D. 中国成功参加万隆会议","The next question is about China's foreign policy.
The US representative was also forced to admit: ""This is a turning point in the history of the United Nations. For the first time, anti-Western countries defeated the United States when its prestige was shaken."" This is what the US representative said about which of the following events
A. The signing of the Sino-Soviet Treaty of Friendship, Alliance and Mutual Assistance
B. The 26th United Nations General Assembly passed a proposal to restore the legitimate seat of New China in the United Nations
C. The founding of the People's Republic of China
D. China successfully participated in the Bandung Conference"
289,中国、苏联结束30年的论战、隔离、对抗，决定实现关系正常化，但两国最高领导人见面，究竟施行什么礼节，引起世人关注。原来，社会主义国家之间领导人见面，总会互相拥抱、甚至亲吻对方的脸颊。结果现在中苏两国领导人的见面礼节采用了国际上通行的“握手”。这表明,世界多极化趋势开始出现,中国奉行不结盟的外交政策,美苏争霸导致苏联即将解体,中苏关系还待进一步改善,B,"A. 世界多极化趋势开始出现
B. 中国奉行不结盟的外交政策
C. 美苏争霸导致苏联即将解体
D. 中苏关系还待进一步改善","下一个问题是关于中国的外交政策。
中国、苏联结束30年的论战、隔离、对抗，决定实现关系正常化，但两国最高领导人见面，究竟施行什么礼节，引起世人关注。原来，社会主义国家之间领导人见面，总会互相拥抱、甚至亲吻对方的脸颊。结果现在中苏两国领导人的见面礼节采用了国际上通行的“握手”。这表明
A. 世界多极化趋势开始出现
B. 中国奉行不结盟的外交政策
C. 美苏争霸导致苏联即将解体
D. 中苏关系还待进一步改善","The next question is about China's foreign policy.
China and the Soviet Union ended 30 years of debate, isolation and confrontation and decided to normalize relations. However, the etiquette of the two countries' top leaders when they met attracted the attention of the world. It turned out that when the leaders of socialist countries met, they would always hug each other and even kiss each other on the cheek. As a result, the meeting etiquette of the leaders of China and the Soviet Union now adopts the internationally accepted ""handshake"". This shows that
A. The trend of multipolarization in the world is beginning to emerge
B. China pursues a non-aligned foreign policy
C. The US-Soviet hegemony led to the imminent disintegration of the Soviet Union
D. Sino-Soviet relations need to be further improved"
290,自8世纪中叶起，中国瓷器经南海至西亚、非洲的海路大量外销，中国以“瓷国”享誉世界，这种外销一直持续到淸代末期。出现上述现象的主要原因不包括,历代政府的政策引导,海外市场的需求较大,造船航海技术的进步,制瓷工艺的持续发展,A,"A. 历代政府的政策引导
B. 海外市场的需求较大
C. 造船航海技术的进步
D. 制瓷工艺的持续发展","下一个问题是关于中国的外交政策。
自8世纪中叶起，中国瓷器经南海至西亚、非洲的海路大量外销，中国以“瓷国”享誉世界，这种外销一直持续到淸代末期。出现上述现象的主要原因不包括
A. 历代政府的政策引导
B. 海外市场的需求较大
C. 造船航海技术的进步
D. 制瓷工艺的持续发展","The next question is about China's foreign policy.
Since the middle of the 8th century, Chinese porcelain has been exported in large quantities via the South China Sea to West Asia and Africa. China has been known as the ""Porcelain Country"" in the world, and this export continued until the end of the Qing Dynasty. The main reasons for the above phenomenon do not include
A. Policy guidance of successive governments
B. Large demand in overseas markets
C. Advances in shipbuilding and navigation technology
D. Continuous development of porcelain making technology"
291,日本先于美国与中国正式建交，这说明制定外交政策时,历史的遗留问题完全不必考虑,敌友关系是没有必要分清的,国家利益是根本出发点,国家的意识形态的差异是最重要的依据,C,"A. 历史的遗留问题完全不必考虑
B. 敌友关系是没有必要分清的
C. 国家利益是根本出发点
D. 国家的意识形态的差异是最重要的依据","下一个问题是关于中国的外交政策。
日本先于美国与中国正式建交，这说明制定外交政策时
A. 历史的遗留问题完全不必考虑
B. 敌友关系是没有必要分清的
C. 国家利益是根本出发点
D. 国家的意识形态的差异是最重要的依据","The next question is about China's foreign policy.
Japan established diplomatic relations with China before the United States, which shows that when formulating foreign policy
A. Historical issues do not need to be considered at all
B. There is no need to distinguish between enemies and friends
C. National interests are the fundamental starting point
D. Differences in national ideologies are the most important basis"
292,一位学者认为：“从一定意义上可以说，如果没有中国同美国的关系正常化，也就没有70年代末中国开始实行的‘对外开放’政策以及中国对外经济关系的蓬勃发展。”其含义是指中美关系正常化,使中国的国际地位大大提高,为中国的经济发展提供了良好的环境,促使中国经济政策的重大调整,标志着美国对中国的遏制政策彻底失败,B,"A. 使中国的国际地位大大提高
B. 为中国的经济发展提供了良好的环境
C. 促使中国经济政策的重大调整
D. 标志着美国对中国的遏制政策彻底失败","下一个问题是关于中国的外交政策。
一位学者认为：“从一定意义上可以说，如果没有中国同美国的关系正常化，也就没有70年代末中国开始实行的‘对外开放’政策以及中国对外经济关系的蓬勃发展。”其含义是指中美关系正常化
A. 使中国的国际地位大大提高
B. 为中国的经济发展提供了良好的环境
C. 促使中国经济政策的重大调整
D. 标志着美国对中国的遏制政策彻底失败","The next question is about China's foreign policy.
A scholar believes: ""In a sense, it can be said that without the normalization of relations between China and the United States, there would be no 'opening up' policy that China began to implement in the late 1970s and the vigorous development of China's foreign economic relations."" The meaning is that the normalization of Sino-US relations
A. greatly improved China's international status
B. provided a good environment for China's economic development
C. prompted major adjustments in China's economic policies
D. marked the complete failure of the US containment policy against China"
293,毛泽东指出：“一边倒，是孙中山的四十年经验和共产党的二十八年经验教训交给我们的，深知欲达到胜利和巩固胜利，必须一边倒。”对此理解正确的是,促进了与周边国家的睦邻友好关系,巩固了中苏两国长久的友好同盟关系,是对孙中山外交思想的继承和延续,有利于冲破美国对新中国的外交孤立,D,"A. 促进了与周边国家的睦邻友好关系
B. 巩固了中苏两国长久的友好同盟关系
C. 是对孙中山外交思想的继承和延续
D. 有利于冲破美国对新中国的外交孤立","下一个问题是关于中国的外交政策。
毛泽东指出：“一边倒，是孙中山的四十年经验和共产党的二十八年经验教训交给我们的，深知欲达到胜利和巩固胜利，必须一边倒。”对此理解正确的是
A. 促进了与周边国家的睦邻友好关系
B. 巩固了中苏两国长久的友好同盟关系
C. 是对孙中山外交思想的继承和延续
D. 有利于冲破美国对新中国的外交孤立","The next question is about China's foreign policy.
Mao Zedong pointed out: ""Leaning to one side is what Sun Yat-sen's 40 years of experience and the Communist Party's 28 years of experience and lessons have taught us. We know that in order to achieve victory and consolidate victory, we must lean to one side."" The correct understanding of this is
A. It promoted good neighborly and friendly relations with neighboring countries
B. It consolidated the long-term friendly alliance between China and the Soviet Union
C. It is the inheritance and continuation of Sun Yat-sen's diplomatic thought
D. It is conducive to breaking the diplomatic isolation of the United States against New China"
294,据美国1964年3月的一份官方档案记载，时任美总统特使哈里曼认为法国与中国建交，会存在为中国提供技术援助或长期贷款的可能性，而且法国的行动也可能会引发其他国家采取类似行动，尤其是日本。该档案记载说明，美国当局认为中法建交会,对两极格局造成冲击,刺激三线建设的起步,导致西方阵营的瓦解,直接推动中日正常化,A,"A. 对两极格局造成冲击
B. 刺激三线建设的起步
C. 导致西方阵营的瓦解
D. 直接推动中日正常化","下一个问题是关于中国的外交政策。
据美国1964年3月的一份官方档案记载，时任美总统特使哈里曼认为法国与中国建交，会存在为中国提供技术援助或长期贷款的可能性，而且法国的行动也可能会引发其他国家采取类似行动，尤其是日本。该档案记载说明，美国当局认为中法建交会
A. 对两极格局造成冲击
B. 刺激三线建设的起步
C. 导致西方阵营的瓦解
D. 直接推动中日正常化","The next question is about China's foreign policy.
According to an official U.S. archive in March 1964, then U.S. President's special envoy Harriman believed that the establishment of diplomatic relations between France and China would lead to the possibility of providing technical assistance or long-term loans to China, and that France's actions might also trigger similar actions by other countries, especially Japan. The archive records show that the U.S. authorities believed that the establishment of diplomatic relations between China and France would
A. impact the bipolar structure
B. stimulate the start of the Third Front construction
C. lead to the collapse of the Western camp
D. directly promote the normalization of Sino-Japanese relations"
295,中共十八大报告中指出:“全面正确贯彻落实党的民族政策，坚持和完善民族区域自治制度，深入开展民族团结进步教育，加快民族地区发展，保障少数民族合法权益，巩固和发展平等团结互助和谐的社会主义民族关系，促进各民族和睦相处、和衷共济、和谐发展。”下列说法正确的是,民族区域自治制度有利于各民族共同繁荣,民族区域自治制度是我国的基层民主制度,民族区域自治制度是我国的根本政治制度,民族区域自治制度被确立为我国的一项基本政治制度,A,"A. 民族区域自治制度有利于各民族共同繁荣
B. 民族区域自治制度是我国的基层民主制度
C. 民族区域自治制度是我国的根本政治制度
D. 民族区域自治制度被确立为我国的一项基本政治制度","下一个问题是关于中国的外交政策。
中共十八大报告中指出:“全面正确贯彻落实党的民族政策，坚持和完善民族区域自治制度，深入开展民族团结进步教育，加快民族地区发展，保障少数民族合法权益，巩固和发展平等团结互助和谐的社会主义民族关系，促进各民族和睦相处、和衷共济、和谐发展。”下列说法正确的是
A. 民族区域自治制度有利于各民族共同繁荣
B. 民族区域自治制度是我国的基层民主制度
C. 民族区域自治制度是我国的根本政治制度
D. 民族区域自治制度被确立为我国的一项基本政治制度","The next question is about China's foreign policy.
The report of the 18th CPC National Congress pointed out: ""We should fully and correctly implement the Party's ethnic policy, adhere to and improve the system of regional ethnic autonomy, carry out in-depth education on ethnic unity and progress, accelerate the development of ethnic areas, safeguard the legitimate rights and interests of ethnic minorities, consolidate and develop equal, united, mutually supportive and harmonious socialist ethnic relations, and promote the harmonious coexistence, mutual assistance and harmonious development of all ethnic groups."" Which of the following statements is correct?
A. The system of regional ethnic autonomy is conducive to the common prosperity of all ethnic groups
B. The system of regional ethnic autonomy is my country's grassroots democratic system
C. The system of regional ethnic autonomy is my country's fundamental political system
D. The system of regional ethnic autonomy has been established as a basic political system in my country"
296,1954年4月29日，法国《解放报》发表文章指出：“亚洲的重要力量全部显示出来了。”文章所评述的事件及其重要成果是,和平共处五项原则的提出--成为解决国际问题的基本准则,日内瓦会议--达成了恢复印度支那和平问题的决议,亚非会议--周恩来提出“求同存异”的方针，促成会议圆满成功,不结盟运动--第三世界国家联合反对霸权主义,B,"A. 和平共处五项原则的提出--成为解决国际问题的基本准则
B. 日内瓦会议--达成了恢复印度支那和平问题的决议
C. 亚非会议--周恩来提出“求同存异”的方针，促成会议圆满成功
D. 不结盟运动--第三世界国家联合反对霸权主义","下一个问题是关于中国的外交政策。
1954年4月29日，法国《解放报》发表文章指出：“亚洲的重要力量全部显示出来了。”文章所评述的事件及其重要成果是
A. 和平共处五项原则的提出--成为解决国际问题的基本准则
B. 日内瓦会议--达成了恢复印度支那和平问题的决议
C. 亚非会议--周恩来提出“求同存异”的方针，促成会议圆满成功
D. 不结盟运动--第三世界国家联合反对霸权主义","The next question is about China's foreign policy.
On April 29, 1954, the French newspaper Liberation published an article stating that ""Asia's important forces have all been revealed."" The events and important achievements reviewed in the article are
A. The Five Principles of Peaceful Coexistence - became the basic principle for solving international problems
B. The Geneva Conference - reached a resolution on the issue of restoring peace in Indochina
C. The Asian-African Conference - Zhou Enlai proposed the policy of ""seeking common ground while reserving differences"", which led to the successful conclusion of the conference
D. The Non-Aligned Movement - Third World countries united to oppose hegemony"
297,1972年2月18日，美国总统尼克松访华。在稍后的3月6日出版的《时代》周刊封面上，设计者将画面切割成五块——尼克松与毛、周的会面、参观长城以及观看歌舞演出顺次罗列其上。在设计者看来,中美是可以建立睦邻友好关系的,尼克松与毛、周成为政治挚友,尼克松的访华具有跨时代意义,中美终于打破坚冰实现建交夙愿,C,"A. 中美是可以建立睦邻友好关系的
B. 尼克松与毛、周成为政治挚友
C. 尼克松的访华具有跨时代意义
D. 中美终于打破坚冰实现建交夙愿","下一个问题是关于中国的外交政策。
1972年2月18日，美国总统尼克松访华。在稍后的3月6日出版的《时代》周刊封面上，设计者将画面切割成五块——尼克松与毛、周的会面、参观长城以及观看歌舞演出顺次罗列其上。在设计者看来
A. 中美是可以建立睦邻友好关系的
B. 尼克松与毛、周成为政治挚友
C. 尼克松的访华具有跨时代意义
D. 中美终于打破坚冰实现建交夙愿","The next question is about China's foreign policy.
On February 18, 1972, US President Nixon visited China. On the cover of Time magazine published on March 6, the designer cut the picture into five parts - Nixon's meeting with Mao and Zhou, visiting the Great Wall, and watching a song and dance performance were listed in sequence. In the designer's view
A. China and the United States can establish good neighborly and friendly relations
B. Nixon and Mao and Zhou became political friends
C. Nixon's visit to China has epoch-making significance
D. China and the United States finally broke the ice and realized the long-cherished wish of establishing diplomatic relations"
298,1950年2月，中苏废除了旧条约，签订了《中苏友好同盟互助条约》。按条约规定，苏联为我国提供贷款、技术设备，并对贸易等各方面进行援助，还派各个部门的专家来中国进行指导。 当时中苏关系的发展,有助于巩固新生的人民政权,突破了意识形态对我国外交的限制,体现了结伴不结盟的国家关系,践行“打扫干净屋子再请客”的方针,A,"A. 有助于巩固新生的人民政权
B. 突破了意识形态对我国外交的限制
C. 体现了结伴不结盟的国家关系
D. 践行“打扫干净屋子再请客”的方针","下一个问题是关于中国的外交政策。
1950年2月，中苏废除了旧条约，签订了《中苏友好同盟互助条约》。按条约规定，苏联为我国提供贷款、技术设备，并对贸易等各方面进行援助，还派各个部门的专家来中国进行指导。 当时中苏关系的发展
A. 有助于巩固新生的人民政权
B. 突破了意识形态对我国外交的限制
C. 体现了结伴不结盟的国家关系
D. 践行“打扫干净屋子再请客”的方针","The next question is about China's foreign policy.
In February 1950, China and the Soviet Union abolished the old treaty and signed the Sino-Soviet Treaty of Friendship, Alliance and Mutual Assistance. According to the treaty, the Soviet Union provided loans, technical equipment, and assistance in trade and other aspects to my country, and also sent experts from various departments to China for guidance. The development of Sino-Soviet relations at that time
A. Helped consolidate the new people's regime
B. Breaking through the ideological restrictions on my country's diplomacy
C. Reflected the relationship between countries that form partnerships and non-alignment
D. Implemented the policy of ""cleaning up the house before inviting guests"""
299,毛泽东曾强调：“中国必须参加联合国。我们还补充说，如果联合国没代表六亿人民的中国参加，那么联合国就变成了演滑稽戏的场所……联合国里只能有一个中国，不能有‘两个中国’，而那个中国是我们。”下列对此理解不正确的是,只有中华人民共和国才能代表中国加参联合国,联合国需要尊重中国的国家统一,没有中国参加的联合国是不合法的,“台湾”无权代表中国人民参加联合国,C,"A. 只有中华人民共和国才能代表中国加参联合国
B. 联合国需要尊重中国的国家统一
C. 没有中国参加的联合国是不合法的
D. “台湾”无权代表中国人民参加联合国","下一个问题是关于中国的外交政策。
毛泽东曾强调：“中国必须参加联合国。我们还补充说，如果联合国没代表六亿人民的中国参加，那么联合国就变成了演滑稽戏的场所……联合国里只能有一个中国，不能有‘两个中国’，而那个中国是我们。”下列对此理解不正确的是
A. 只有中华人民共和国才能代表中国加参联合国
B. 联合国需要尊重中国的国家统一
C. 没有中国参加的联合国是不合法的
D. “台湾”无权代表中国人民参加联合国","The next question is about China's foreign policy.
Mao Zedong once emphasized: ""China must join the United Nations. We also added that if the United Nations does not represent China with 600 million people, then the United Nations will become a place for farce... There can only be one China in the United Nations, not 'two Chinas', and that China is us."" The following understanding of this is incorrect
A. Only the People's Republic of China can represent China in joining the United Nations
B. The United Nations needs to respect China's national unity
C. The United Nations without China is illegal
D. ""Taiwan"" has no right to represent the Chinese people in the United Nations"
300,某同学选取以下历史事件开展新中国外交史的研究性学习。a中国恢复联合国合法席位；b周恩来迎接美国总统尼克松；c毛泽东会见日本首相田中角荣。该同学确立的研究主题应是,以联合国为中心开展多边外交,西方大国遏制中国的僵局被打破,独立自主和平外交方针的确立,与新兴民族独立国家并肩战斗,B,"A. 以联合国为中心开展多边外交
B. 西方大国遏制中国的僵局被打破
C. 独立自主和平外交方针的确立
D. 与新兴民族独立国家并肩战斗","下一个问题是关于中国的外交政策。
某同学选取以下历史事件开展新中国外交史的研究性学习。a中国恢复联合国合法席位；b周恩来迎接美国总统尼克松；c毛泽东会见日本首相田中角荣。该同学确立的研究主题应是
A. 以联合国为中心开展多边外交
B. 西方大国遏制中国的僵局被打破
C. 独立自主和平外交方针的确立
D. 与新兴民族独立国家并肩战斗","The next question is about China's foreign policy.
A student selected the following historical events to conduct research-based study on the diplomatic history of New China. a China resumed its legitimate seat in the United Nations; b Zhou Enlai welcomed US President Nixon; c Mao Zedong met with Japanese Prime Minister Kakuei Tanaka. The research topic established by the student should be
A. Conduct multilateral diplomacy with the United Nations as the center
B. The deadlock of Western powers to contain China was broken
C. The establishment of an independent and peaceful diplomatic policy
D. Fighting side by side with emerging national independent countries"
301,1949年2月初，毛泽东在同苏联领导人米高扬谈话时说：“我们这个国家，如果形象地把它比作一个家庭来讲，它的屋内太脏了……解放后，我们必须认真清理我们的屋子……等屋内打扫清洁、干净，有了秩序，陈设好了，再请客人进来。”对这段话理解正确的是,中国政府在外交上坚定地站在社会主义阵营一边,清除帝国主义在华残余势力，为建立平等的外交关系奠定基础,团结世界各国人民，巩固和发展和平力量,不承认国民政府建立的一切旧的屈辱的外交关系,B,"A. 中国政府在外交上坚定地站在社会主义阵营一边
B. 清除帝国主义在华残余势力，为建立平等的外交关系奠定基础
C. 团结世界各国人民，巩固和发展和平力量
D. 不承认国民政府建立的一切旧的屈辱的外交关系","下一个问题是关于中国的外交政策。
1949年2月初，毛泽东在同苏联领导人米高扬谈话时说：“我们这个国家，如果形象地把它比作一个家庭来讲，它的屋内太脏了……解放后，我们必须认真清理我们的屋子……等屋内打扫清洁、干净，有了秩序，陈设好了，再请客人进来。”对这段话理解正确的是
A. 中国政府在外交上坚定地站在社会主义阵营一边
B. 清除帝国主义在华残余势力，为建立平等的外交关系奠定基础
C. 团结世界各国人民，巩固和发展和平力量
D. 不承认国民政府建立的一切旧的屈辱的外交关系","The next question is about China's foreign policy.
In early February 1949, Mao Zedong said to Soviet leader Mikoyan: ""If we compare our country to a family, its house is too dirty... After liberation, we must clean our house seriously... Wait until the house is clean, orderly, and well furnished before inviting guests in."" The correct understanding of this passage is
A. The Chinese government firmly stands on the side of the socialist camp in diplomacy
B. Eliminate the remnants of imperialism in China and lay the foundation for establishing equal diplomatic relations
C. Unite the people of all countries in the world, consolidate and develop the forces of peace
D. Do not recognize all the old humiliating diplomatic relations established by the National Government"
302,2006年6月，温家宝总理访问埃及时曾说，非洲人民对中国有“德”。我们中国人讲究 “人有德于我也，不可忘也”。有“德”主要是指,支持中国恢复在联合国的合法席位,援助中国的抗日战争,与中国共同奉行不结盟政策,支援中国的“一五”计划建设,A,"A. 支持中国恢复在联合国的合法席位
B. 援助中国的抗日战争
C. 与中国共同奉行不结盟政策
D. 支援中国的“一五”计划建设","下一个问题是关于中国的外交政策。
2006年6月，温家宝总理访问埃及时曾说，非洲人民对中国有“德”。我们中国人讲究 “人有德于我也，不可忘也”。有“德”主要是指
A. 支持中国恢复在联合国的合法席位
B. 援助中国的抗日战争
C. 与中国共同奉行不结盟政策
D. 支援中国的“一五”计划建设","The next question is about China's foreign policy.
In June 2006, when Premier Wen Jiabao visited Egypt, he said that African people have ""virtue"" for China. We Chinese people believe that ""if someone has done good to me, I should never forget it."" Virtue mainly refers to
A. supporting China's restoration of its legitimate seat in the United Nations
B. aiding China's war against Japan
C. pursuing a non-aligned policy with China
D. supporting China's ""First Five-Year Plan"" construction"
303,1955年的万隆会议是第一次没有殖民主义国家参加的国际会议。如果穿越时空，回到万隆会议期间，下列情景可能出现的是,周恩来就印度支那问题提出建设性意见，推动会议的进展,这是中华人民共和国首次以五大国之一身份和地位参加讨论国际问题,巴西代表支持中国的“求同存异”方针,中国政府修改并完善了“和平共处五项原则”,D,"A. 周恩来就印度支那问题提出建设性意见，推动会议的进展
B. 这是中华人民共和国首次以五大国之一身份和地位参加讨论国际问题
C. 巴西代表支持中国的“求同存异”方针
D. 中国政府修改并完善了“和平共处五项原则”","下一个问题是关于中国的外交政策。
1955年的万隆会议是第一次没有殖民主义国家参加的国际会议。如果穿越时空，回到万隆会议期间，下列情景可能出现的是
A. 周恩来就印度支那问题提出建设性意见，推动会议的进展
B. 这是中华人民共和国首次以五大国之一身份和地位参加讨论国际问题
C. 巴西代表支持中国的“求同存异”方针
D. 中国政府修改并完善了“和平共处五项原则”","The next question is about China's foreign policy.
The Bandung Conference in 1955 was the first international conference without the participation of colonial powers. If we travel through time and space and return to the Bandung Conference, the following scenarios may appear
A. Zhou Enlai put forward constructive opinions on the Indochina issue and promoted the progress of the conference
B. This was the first time that the People's Republic of China participated in the discussion of international issues as one of the five major powers
C. Brazilian representatives supported China's ""seeking common ground while reserving differences"" policy
D. The Chinese government revised and improved the ""Five Principles of Peaceful Coexistence"""
304,我国处理对外关系的基本准则是,和平共处五项原则,广泛结盟,争取全球领导权,自给自足,A,"A. 和平共处五项原则
B. 广泛结盟
C. 争取全球领导权
D. 自给自足","下一个问题是关于中国的外交政策。
我国处理对外关系的基本准则是
A. 和平共处五项原则
B. 广泛结盟
C. 争取全球领导权
D. 自给自足","The next question is about China's foreign policy.
The basic principle of my country's foreign relations is
A. Five Principles of Peaceful Coexistence
B. Broad alliance
C. Striving for global leadership
D. Self-sufficiency"
305,下表所示为1956~1959年中国部分外交活动。中国政府坚决支持埃及人民收回苏伊士运河主权的正义斗争。中国除了给予柬埔寨经济援助外，还与尼泊尔、锡兰、缅甸、印尼等国签订经济援助的正式协定。中国先后与挪威、荷兰、南斯拉夫、阿富汗、尼泊尔、埃及、叙利亚、也门、锡兰等国建立了大使级外交关系，同芬兰、瑞士、丹麦由公使级升格为大使级外交关系。这可用于说明，此时期的中国,迎来第一次建交高潮,积极团结发展中国家,坚持“一边倒”的外交方针,外交领域打开新局面,B,"A. 迎来第一次建交高潮
B. 积极团结发展中国家
C. 坚持“一边倒”的外交方针
D. 外交领域打开新局面","下一个问题是关于中国的外交政策。
下表所示为1956~1959年中国部分外交活动。中国政府坚决支持埃及人民收回苏伊士运河主权的正义斗争。中国除了给予柬埔寨经济援助外，还与尼泊尔、锡兰、缅甸、印尼等国签订经济援助的正式协定。中国先后与挪威、荷兰、南斯拉夫、阿富汗、尼泊尔、埃及、叙利亚、也门、锡兰等国建立了大使级外交关系，同芬兰、瑞士、丹麦由公使级升格为大使级外交关系。这可用于说明，此时期的中国
A. 迎来第一次建交高潮
B. 积极团结发展中国家
C. 坚持“一边倒”的外交方针
D. 外交领域打开新局面","The next question is about China's foreign policy.
The following table shows some of China's diplomatic activities from 1956 to 1959. The Chinese government firmly supports the just struggle of the Egyptian people to regain sovereignty over the Suez Canal. In addition to providing economic assistance to Cambodia, China has also signed formal agreements on economic assistance with Nepal, Ceylon, Myanmar, Indonesia and other countries. China has established ambassadorial diplomatic relations with Norway, the Netherlands, Yugoslavia, Afghanistan, Nepal, Egypt, Syria, Yemen, Ceylon and other countries, and has upgraded its diplomatic relations with Finland, Switzerland and Denmark from ministerial to ambassadorial. This can be used to illustrate that during this period, China
A. ushered in the first climax of establishing diplomatic relations
B. actively united developing countries
C. adhered to the ""one-sided"" diplomatic policy
D. opened up a new situation in the diplomatic field"
306,每个时代，都有它特定的时代主题。在世界政治多极化、经济全球化的今天，时代的主题由“战争与革命”转变为“和平与发展”，在这样的时代中,世界不会再有动荡不安的局势,发展中国家完全处于不利地位,国家利益和意识形态冲突趋向缓和,发达国家主宰着当今世界一切事务,C,"A. 世界不会再有动荡不安的局势
B. 发展中国家完全处于不利地位
C. 国家利益和意识形态冲突趋向缓和
D. 发达国家主宰着当今世界一切事务","下一个问题是关于中国的外交政策。
每个时代，都有它特定的时代主题。在世界政治多极化、经济全球化的今天，时代的主题由“战争与革命”转变为“和平与发展”，在这样的时代中
A. 世界不会再有动荡不安的局势
B. 发展中国家完全处于不利地位
C. 国家利益和意识形态冲突趋向缓和
D. 发达国家主宰着当今世界一切事务","The next question is about China's foreign policy.
Every era has its own specific theme. In today's world of multipolar politics and economic globalization, the theme of the era has changed from ""war and revolution"" to ""peace and development"". In such an era
A. The world will no longer be in turmoil
B. Developing countries are completely at a disadvantage
C. National interests and ideological conflicts tend to ease
D. Developed countries dominate all affairs in today's world"
307,基辛格在《论中国》写道，“1969年，毛（中国）的外交政策走到了一个转折点。毛泽东给当时的四位解放军大元帅布置了一个‘家庭作业’——分析当前的国际局势和中国的战略选择，四大元帅引用了《三国演义》中‘三分天下’的典故，建议与当时的头号敌人美国打开关系”。上述材料可以用于研究,国际政治新秩序的建立,中国全方位的外交政策,中国特色的大国外交,外交政策调整的因素,D,"A. 国际政治新秩序的建立
B. 中国全方位的外交政策
C. 中国特色的大国外交
D. 外交政策调整的因素","下一个问题是关于中国的外交政策。
基辛格在《论中国》写道，“1969年，毛（中国）的外交政策走到了一个转折点。毛泽东给当时的四位解放军大元帅布置了一个‘家庭作业’——分析当前的国际局势和中国的战略选择，四大元帅引用了《三国演义》中‘三分天下’的典故，建议与当时的头号敌人美国打开关系”。上述材料可以用于研究
A. 国际政治新秩序的建立
B. 中国全方位的外交政策
C. 中国特色的大国外交
D. 外交政策调整的因素","The next question is about China's foreign policy.
Kissinger wrote in On China, ""In 1969, Mao's (China's) foreign policy reached a turning point. Mao Zedong gave the four PLA marshals at the time a 'homework' - to analyze the current international situation and China's strategic choices. The four marshals quoted the allusion of 'dividing the world into three parts' in The Romance of the Three Kingdoms and suggested opening up relations with the then number one enemy, the United States."" The above materials can be used to study
A. The establishment of a new international political order
B. China's all-round foreign policy
C. China's unique great power diplomacy
D. Factors for adjusting foreign policy"
308,1960年尼克松曾说：“一个国家必须爱好和平才具备进入联合国的资格。十分明显，中国不是。”1971年尼克松又说：“没有中华人民共和国的参加，是不能有稳定与持久的和平的。正因为如此，我在好几个方面采取主动行动，为两国之间的比较正常的关系敞丌门户。”尼克松前后态度的变化说明：a-战后初期美国对中国采取遏制和孤立政策是正确的；b美国要主动采取行动促进两国关系正常化；c美国始终以自身利益得失作为处理国际关系的、出发点；d中国在国际事务中发挥着越来越重要的作用,bcd,abc,abcd,abd,A,"A. bcd
B. abc
C. abcd
D. abd","下一个问题是关于中国的外交政策。
1960年尼克松曾说：“一个国家必须爱好和平才具备进入联合国的资格。十分明显，中国不是。”1971年尼克松又说：“没有中华人民共和国的参加，是不能有稳定与持久的和平的。正因为如此，我在好几个方面采取主动行动，为两国之间的比较正常的关系敞丌门户。”尼克松前后态度的变化说明：a-战后初期美国对中国采取遏制和孤立政策是正确的；b美国要主动采取行动促进两国关系正常化；c美国始终以自身利益得失作为处理国际关系的、出发点；d中国在国际事务中发挥着越来越重要的作用
A. bcd
B. abc
C. abcd
D. abd","The next question is about China's foreign policy.
In 1960, Nixon said: ""A country must be peace-loving to be eligible to join the United Nations. Obviously, China is not."" In 1971, Nixon said again: ""Without the participation of the People's Republic of China, there can be no stable and lasting peace. Because of this, I have taken the initiative in several aspects to open the door to more normal relations between the two countries."" The change in Nixon's attitude before and after shows: a-The United States was right to adopt a policy of containment and isolation against China in the early post-war period; b The United States should take the initiative to promote the normalization of relations between the two countries; c The United States always takes its own interests as the starting point for dealing with international relations; d China is playing an increasingly important role in international affairs
A. bcd
B. abc
C. abcd
D. abd"
309,美国中央情报局从1958年开始评估中苏关系的发展趋势，每年一个评估报告。其中1958年的评估报告认为，中苏的同盟是不可能破裂的。原因有三，一是中苏意识形态一致，都是马克思列宁主义；二是政治目标一样，都要走向共产主义；三是敌人一样，都是美国人。这表明该报告：,正确指出了世界多极化发展趋势,正确预见了中苏关系发展的走向,忽视了中苏两国国家利益的矛盾,忽视了中苏意识形态的根本分歧,C,"A. 正确指出了世界多极化发展趋势
B. 正确预见了中苏关系发展的走向
C. 忽视了中苏两国国家利益的矛盾
D. 忽视了中苏意识形态的根本分歧","下一个问题是关于中国的外交政策。
美国中央情报局从1958年开始评估中苏关系的发展趋势，每年一个评估报告。其中1958年的评估报告认为，中苏的同盟是不可能破裂的。原因有三，一是中苏意识形态一致，都是马克思列宁主义；二是政治目标一样，都要走向共产主义；三是敌人一样，都是美国人。这表明该报告：
A. 正确指出了世界多极化发展趋势
B. 正确预见了中苏关系发展的走向
C. 忽视了中苏两国国家利益的矛盾
D. 忽视了中苏意识形态的根本分歧","The next question is about China's foreign policy.
The CIA began to evaluate the development trend of Sino-Soviet relations in 1958, and published an evaluation report every year. The 1958 evaluation report believed that the Sino-Soviet alliance was impossible to break. There are three reasons. First, China and the Soviet Union have the same ideology, both of which are Marxism-Leninism; second, they have the same political goals, both of which are moving towards communism; third, they have the same enemies, both of which are Americans. This shows that the report:
A. Correctly pointed out the trend of the development of multipolarization in the world
B. Correctly predicted the direction of the development of Sino-Soviet relations
C. Ignored the contradiction between the national interests of China and the Soviet Union
D. Ignored the fundamental differences in the ideology between China and the Soviet Union"
310,我国外交政策的宗旨是,和平共处,维护世界和平、促进共同发展,独立自主,反对霸权主义,B,"A. 和平共处
B. 维护世界和平、促进共同发展
C. 独立自主
D. 反对霸权主义","下一个问题是关于中国的外交政策。
我国外交政策的宗旨是
A. 和平共处
B. 维护世界和平、促进共同发展
C. 独立自主
D. 反对霸权主义","The next question is about China's foreign policy.
The purpose of my country's foreign policy is
A. Peaceful coexistence
B. Maintaining world peace and promoting common development
C. Independence
D. Opposing hegemony"
311,某出版社发行了一套反映新中国外交历程的纪念光盘，共12集，每一集都有标题，其中反映20世纪70年代中国外交状况的一组标题是,扬眉吐气、跨洋握手、冰释雪融,另起炉灶、抵制逆流、分道扬镳,斗智斗勇、再次较量、峰回路转,越过惊涛、世纪风采、播种友谊,A,"A. 扬眉吐气、跨洋握手、冰释雪融
B. 另起炉灶、抵制逆流、分道扬镳
C. 斗智斗勇、再次较量、峰回路转
D. 越过惊涛、世纪风采、播种友谊","下一个问题是关于中国的外交政策。
某出版社发行了一套反映新中国外交历程的纪念光盘，共12集，每一集都有标题，其中反映20世纪70年代中国外交状况的一组标题是
A. 扬眉吐气、跨洋握手、冰释雪融
B. 另起炉灶、抵制逆流、分道扬镳
C. 斗智斗勇、再次较量、峰回路转
D. 越过惊涛、世纪风采、播种友谊","The next question is about China's foreign policy.
A publishing house has released a set of commemorative CDs reflecting the diplomatic history of New China, with a total of 12 episodes, each with a title. Among them, the set of titles reflecting the diplomatic situation of China in the 1970s is
A. Raising one's head and feeling proud, shaking hands across the ocean, and melting away the ice
B. Starting anew, resisting the countercurrent, and parting ways
C. Fighting wits and courage, competing again, and turning the tide
D. Crossing the storm, the style of the century, and sowing friendship"
312,1972年毛泽东会见美国总统尼克松，这一历史事件表明,中美两国关系开始走向正常化,中美两国从此消除分歧达成一致,两极格局从此结束,中美两国正式建立外交关系,A,"A. 中美两国关系开始走向正常化
B. 中美两国从此消除分歧达成一致
C. 两极格局从此结束
D. 中美两国正式建立外交关系","下一个问题是关于中国的外交政策。
1972年毛泽东会见美国总统尼克松，这一历史事件表明
A. 中美两国关系开始走向正常化
B. 中美两国从此消除分歧达成一致
C. 两极格局从此结束
D. 中美两国正式建立外交关系","The next question is about China's foreign policy.
In 1972, Mao Zedong met with US President Nixon. This historical event showed that
A. Sino-US relations began to normalize
B. China and the United States have since resolved their differences and reached an agreement
C. The bipolar structure has ended
D. China and the United States have formally established diplomatic relations"
313,1952年12月12日，在给西北各族人民抗美援朝代表会议的复电中，毛泽东主席指出：“从中华人民共和国成立的那一天起，中国各民族就开始团结成为友爱合作的大家庭，足以战胜任何帝国主义的侵略，并且把我们的祖国建设成为繁荣强盛的国家。”这体现了,中共着重消除各民族差别,少数民族是抗美援朝主力,我国民族政策的基本原则,建立民族区域自治的构想,C,"A. 中共着重消除各民族差别
B. 少数民族是抗美援朝主力
C. 我国民族政策的基本原则
D. 建立民族区域自治的构想","下一个问题是关于中国的外交政策。
1952年12月12日，在给西北各族人民抗美援朝代表会议的复电中，毛泽东主席指出：“从中华人民共和国成立的那一天起，中国各民族就开始团结成为友爱合作的大家庭，足以战胜任何帝国主义的侵略，并且把我们的祖国建设成为繁荣强盛的国家。”这体现了
A. 中共着重消除各民族差别
B. 少数民族是抗美援朝主力
C. 我国民族政策的基本原则
D. 建立民族区域自治的构想","The next question is about China's foreign policy.
On December 12, 1952, in a reply to the Northwest People's Representative Conference of the People's Republic of China, Chairman Mao Zedong pointed out: ""Since the day the People's Republic of China was founded, all ethnic groups in China have united into a big family of friendship and cooperation, capable of defeating any imperialist aggression and building our motherland into a prosperous and powerful country."" This reflects
A. The CPC focuses on eliminating differences among ethnic groups
B. Ethnic minorities are the main force in the War to Resist U.S. Aggression and Aid Korea
C. The basic principles of my country's ethnic policy
D. The concept of establishing regional ethnic autonomy"
314,2009年9月21日至25日，胡锦涛主席出席了在纽约举行的联合国气候变化峰会、第64届联合国大会一般性辩论、安理会核不扩散与核裁军峰会和在匹兹堡举行的二十国集团领导人第三次金融峰会。发表的多个重要讲话再次引起国际社会的广泛关注和高度评价。这反映了新时期中国外交政策的一个特点是,一边倒,反对霸权主义,积极开展以联合国为中心的多边外交,积极活跃在地区性的国际组织当中,C,"A. 一边倒
B. 反对霸权主义
C. 积极开展以联合国为中心的多边外交
D. 积极活跃在地区性的国际组织当中","下一个问题是关于中国的外交政策。
2009年9月21日至25日，胡锦涛主席出席了在纽约举行的联合国气候变化峰会、第64届联合国大会一般性辩论、安理会核不扩散与核裁军峰会和在匹兹堡举行的二十国集团领导人第三次金融峰会。发表的多个重要讲话再次引起国际社会的广泛关注和高度评价。这反映了新时期中国外交政策的一个特点是
A. 一边倒
B. 反对霸权主义
C. 积极开展以联合国为中心的多边外交
D. 积极活跃在地区性的国际组织当中","The next question is about China's foreign policy.
From September 21 to 25, 2009, President Hu Jintao attended the United Nations Climate Change Summit in New York, the 64th United Nations General Assembly General Debate, the Security Council Nuclear Non-Proliferation and Disarmament Summit, and the Third G20 Financial Summit in Pittsburgh. The many important speeches he delivered once again attracted widespread attention and high praise from the international community. This reflects that one of the characteristics of China's foreign policy in the new era is 
A. One-sided 
B. Opposition to hegemony 
C. Actively carry out multilateral diplomacy centered on the United Nations 
D. Actively participate in regional international organizations"
315,进入改革开放新时期后，中国外交政策进行了重大调整，独立自主的和平外交政策在新时期具体表现为“不结盟”。出现这一变化最主要的原因是,结盟与不结盟都只是表现形式，独立自主的和平外交政策仍然没变,20世纪70年代以来，陆续改善了同主要资本主义国家之间的关系,邓小平同志对战争与和平问题的新的科学判断成为国家层面的普遍共识,20世纪60年代末 ，中苏关系严重恶化，结盟的环境丧失,C,"A. 结盟与不结盟都只是表现形式，独立自主的和平外交政策仍然没变
B. 20世纪70年代以来，陆续改善了同主要资本主义国家之间的关系
C. 邓小平同志对战争与和平问题的新的科学判断成为国家层面的普遍共识
D. 20世纪60年代末 ，中苏关系严重恶化，结盟的环境丧失","下一个问题是关于中国的外交政策。
进入改革开放新时期后，中国外交政策进行了重大调整，独立自主的和平外交政策在新时期具体表现为“不结盟”。出现这一变化最主要的原因是
A. 结盟与不结盟都只是表现形式，独立自主的和平外交政策仍然没变
B. 20世纪70年代以来，陆续改善了同主要资本主义国家之间的关系
C. 邓小平同志对战争与和平问题的新的科学判断成为国家层面的普遍共识
D. 20世纪60年代末 ，中苏关系严重恶化，结盟的环境丧失","The next question is about China's foreign policy.
After entering the new era of reform and opening up, China's foreign policy has undergone major adjustments. The independent and peaceful foreign policy in the new era is specifically manifested as ""non-alignment"". The main reason for this change is
A. Alliance and non-alignment are just forms of expression, and the independent and peaceful foreign policy remains unchanged
B. Since the 1970s, relations with major capitalist countries have been gradually improved
C. Comrade Deng Xiaoping's new scientific judgment on the issue of war and peace has become a general consensus at the national level
D. In the late 1960s, Sino-Soviet relations deteriorated seriously, and the environment for alliance was lost"
316,2011年3月，中国支持安理会采取适当和必要的行动稳定利比亚局势，但对支持安理会决议部分内容有困难，因此投了弃权票；2012年2月，安理会就叙利亚问题决议草案进行表决，考虑到提案国在各方仍有严重分歧的情况下强行推动表决无助于维护安理会的团结和权威，无助于问题的妥善解决，中国投了反对票。这表明中国在新时期：a开展以联合国为中心的外交活动；b积极维护地区稳定和世界和平；c参与符合联合国宪章的维和行动；d奉行独立自主的和平外交政策,bd,abc,abd,ad,C,"A. bd
B. abc
C. abd
D. ad","下一个问题是关于中国的外交政策。
2011年3月，中国支持安理会采取适当和必要的行动稳定利比亚局势，但对支持安理会决议部分内容有困难，因此投了弃权票；2012年2月，安理会就叙利亚问题决议草案进行表决，考虑到提案国在各方仍有严重分歧的情况下强行推动表决无助于维护安理会的团结和权威，无助于问题的妥善解决，中国投了反对票。这表明中国在新时期：a开展以联合国为中心的外交活动；b积极维护地区稳定和世界和平；c参与符合联合国宪章的维和行动；d奉行独立自主的和平外交政策
A. bd
B. abc
C. abd
D. ad","The next question is about China's foreign policy.
In March 2011, China supported the Security Council to take appropriate and necessary actions to stabilize the situation in Libya, but had difficulty supporting some of the contents of the Security Council resolution, so it abstained from voting; in February 2012, the Security Council voted on the draft resolution on the Syrian issue. Considering that the proposing countries' forced vote when the parties still had serious differences would not help maintain the unity and authority of the Security Council and would not help properly resolve the issue, China voted against it. This shows that in the new era, China: a carries out diplomatic activities centered on the United Nations; b actively maintains regional stability and world peace; c participates in peacekeeping operations in accordance with the UN Charter; d pursues an independent and peaceful foreign policy
A. bd
B. abc
C. abd
D. ad"
317,1949年，前美国驻北平总领事柯乐柏曾以“总领事”身份写信给中华人民共和国外交部，信件被原封不动的退回。这表明,新中国要清除帝国主义的残余势力,新中国不承认美国与国民党政府建立的外交关系,美国承认新中国为合法政府,中华人民共和国的合法性不需要美国承认,B,"A. 新中国要清除帝国主义的残余势力
B. 新中国不承认美国与国民党政府建立的外交关系
C. 美国承认新中国为合法政府
D. 中华人民共和国的合法性不需要美国承认","下一个问题是关于中国的外交政策。
1949年，前美国驻北平总领事柯乐柏曾以“总领事”身份写信给中华人民共和国外交部，信件被原封不动的退回。这表明
A. 新中国要清除帝国主义的残余势力
B. 新中国不承认美国与国民党政府建立的外交关系
C. 美国承认新中国为合法政府
D. 中华人民共和国的合法性不需要美国承认","The next question is about China's foreign policy.
In 1949, the former US Consul General in Beijing, Culbertson, wrote a letter to the Ministry of Foreign Affairs of the People's Republic of China as ""Consul General"", but the letter was returned intact. This shows that
A. New China wants to eliminate the remnants of imperialism
B. New China does not recognize the diplomatic relations established between the United States and the Kuomintang government
C. The United States recognizes New China as a legitimate government
D. The legitimacy of the People's Republic of China does not need to be recognized by the United States"
318,我国独立自主的和平外交政策，应坚持把,避免战争放在首位,扩大我国的势力和影响放在首位,和平友好关系放在首位,国家主权和国家利益放在首位,D,"A. 避免战争放在首位
B. 扩大我国的势力和影响放在首位
C. 和平友好关系放在首位
D. 国家主权和国家利益放在首位","下一个问题是关于中国的外交政策。
我国独立自主的和平外交政策，应坚持把
A. 避免战争放在首位
B. 扩大我国的势力和影响放在首位
C. 和平友好关系放在首位
D. 国家主权和国家利益放在首位","The next question is about China's foreign policy.
Our country's independent and peaceful foreign policy should insist on putting
A. avoiding war first
B. expanding our power and influence first
C. peaceful and friendly relations first
D. national sovereignty and national interests first"
319,提出和平共处五项原则的是,周恩来,邓小平,毛泽东,江泽民,A,"A. 周恩来
B. 邓小平
C. 毛泽东
D. 江泽民","下一个问题是关于中国的外交政策。
提出和平共处五项原则的是
A. 周恩来
B. 邓小平
C. 毛泽东
D. 江泽民","The next question is about China's foreign policy.
The person who proposed the Five Principles of Peaceful Coexistence was
A. Zhou Enlai
B. Deng Xiaoping
C. Mao Zedong
D. Jiang Zemin"
320,1982年3月26日，中国外交部发表了一个只有三句话的声明：“我们注意到了3月24日苏联勃列日涅夫主席在塔什干发表的关于中苏关系的讲话。我们坚决拒绝讲话中对中国的攻击。在中苏两国关系和国际事务中，我们重视的是苏联的实际行动。”由此可知,中国外交政策将进行重大的战略方向调整,中国坚决反对苏联的攻击，中苏关系日益恶化,中国外交重点由意识形态转向国家利益方面,苏联在改善对华关系方面缺乏诚意,D,"A. 中国外交政策将进行重大的战略方向调整
B. 中国坚决反对苏联的攻击，中苏关系日益恶化
C. 中国外交重点由意识形态转向国家利益方面
D. 苏联在改善对华关系方面缺乏诚意","下一个问题是关于中国的外交政策。
1982年3月26日，中国外交部发表了一个只有三句话的声明：“我们注意到了3月24日苏联勃列日涅夫主席在塔什干发表的关于中苏关系的讲话。我们坚决拒绝讲话中对中国的攻击。在中苏两国关系和国际事务中，我们重视的是苏联的实际行动。”由此可知
A. 中国外交政策将进行重大的战略方向调整
B. 中国坚决反对苏联的攻击，中苏关系日益恶化
C. 中国外交重点由意识形态转向国家利益方面
D. 苏联在改善对华关系方面缺乏诚意","The next question is about China's foreign policy.
On March 26, 1982, the Chinese Ministry of Foreign Affairs issued a statement of only three sentences: ""We have noted the speech on Sino-Soviet relations delivered by Soviet Chairman Brezhnev in Tashkent on March 24. We firmly reject the attack on China in the speech. In Sino-Soviet relations and international affairs, we value the actual actions of the Soviet Union."" From this, we can know that
A. China's foreign policy will undergo a major strategic adjustment
B. China firmly opposes the Soviet Union's attack, and Sino-Soviet relations are deteriorating
C. China's diplomatic focus has shifted from ideology to national interests
D. The Soviet Union lacks sincerity in improving relations with China"
321,20世纪60年代，中国一边反对美国帝国主义，一边反对苏联修正主义，外交形势严峻。导致该局面出现的主要因素是,综合国力的消长,两极格局的形成,社会制度的对立,意识形态的分歧,D,"A. 综合国力的消长
B. 两极格局的形成
C. 社会制度的对立
D. 意识形态的分歧","下一个问题是关于中国的外交政策。
20世纪60年代，中国一边反对美国帝国主义，一边反对苏联修正主义，外交形势严峻。导致该局面出现的主要因素是
A. 综合国力的消长
B. 两极格局的形成
C. 社会制度的对立
D. 意识形态的分歧","The next question is about China's foreign policy.
In the 1960s, China was against American imperialism and Soviet revisionism, and the diplomatic situation was grim. The main factors leading to this situation were:
A. The rise and fall of comprehensive national strength
B. The formation of a bipolar structure
C. The opposition of social systems
D. Ideological differences"
322,中共十六大报告指出，我国外交政策的宗旨是,维护世界和平，促进共同发展,反对霸权主义和强权政治,建立公正合理的国际政治经济新秩序,发展对外经济关系,A,"A. 维护世界和平，促进共同发展
B. 反对霸权主义和强权政治
C. 建立公正合理的国际政治经济新秩序
D. 发展对外经济关系","下一个问题是关于中国的外交政策。
中共十六大报告指出，我国外交政策的宗旨是
A. 维护世界和平，促进共同发展
B. 反对霸权主义和强权政治
C. 建立公正合理的国际政治经济新秩序
D. 发展对外经济关系","The next question is about China's foreign policy.
The report of the 16th CPC National Congress pointed out that the purpose of my country's foreign policy is to maintain world peace and promote common development, oppose hegemony and power politics, establish a fair and reasonable new international political and economic order, and develop foreign economic relations."
323,当今世界的根本问题是,建立国际新秩序,反对霸权主义和强权政治,维护和平,促进发展,C,"A. 建立国际新秩序
B. 反对霸权主义和强权政治
C. 维护和平
D. 促进发展","下一个问题是关于中国的外交政策。
当今世界的根本问题是
A. 建立国际新秩序
B. 反对霸权主义和强权政治
C. 维护和平
D. 促进发展","The next question is about China's foreign policy.
The fundamental problem of today's world is
A. Establishing a new international order
B. Opposing hegemony and power politics
C. Maintaining peace
D. Promoting development"
324,中国外交政策的宗旨或基本目标是,实现睦邻友好,与资本主义国家和平相处,与发展中国家团结合作,维护世界和平，促进共同发展,D,"A. 实现睦邻友好
B. 与资本主义国家和平相处
C. 与发展中国家团结合作
D. 维护世界和平，促进共同发展","下一个问题是关于中国的外交政策。
中国外交政策的宗旨或基本目标是
A. 实现睦邻友好
B. 与资本主义国家和平相处
C. 与发展中国家团结合作
D. 维护世界和平，促进共同发展","The next question is about China's foreign policy.
The purpose or basic goal of China's foreign policy is
A. To achieve good neighborliness
B. To live in peace with capitalist countries
C. To unite and cooperate with developing countries
D. To maintain world peace and promote common development"
325,1974年2月，毛泽东在会见赞比亚总统卡翁达时提出的重要思想是,“中间地带”的思想,“三个世界”的思想,“三种力量”的思想,“两个霸权”的思想,B,"A. “中间地带”的思想
B. “三个世界”的思想
C. “三种力量”的思想
D. “两个霸权”的思想","下一个问题是关于中国的外交政策。
1974年2月，毛泽东在会见赞比亚总统卡翁达时提出的重要思想是
A. “中间地带”的思想
B. “三个世界”的思想
C. “三种力量”的思想
D. “两个霸权”的思想","The next question is about China's foreign policy.
In February 1974, when Mao Zedong met with Zambian President Kaunda, he proposed the following important ideas:
A. The idea of ""middle ground""
B. The idea of ""three worlds""
C. The idea of ""three forces""
D. The idea of ""two hegemonies"""
326,20世纪80年代末，邓小平提出“韬光养晦”的外交战略，强调在国际事务中“决不当头”，处理国家关系时“有所作为”，这一战略提出的最主要原因,中国正在进行社会主义现代化建设,两极格局濒于瓦解,世界多极化正在形成,苏联渐趋解体,A,"A. 中国正在进行社会主义现代化建设
B. 两极格局濒于瓦解
C. 世界多极化正在形成
D. 苏联渐趋解体","下一个问题是关于中国的外交政策。
20世纪80年代末，邓小平提出“韬光养晦”的外交战略，强调在国际事务中“决不当头”，处理国家关系时“有所作为”，这一战略提出的最主要原因
A. 中国正在进行社会主义现代化建设
B. 两极格局濒于瓦解
C. 世界多极化正在形成
D. 苏联渐趋解体","The next question is about China's foreign policy.
In the late 1980s, Deng Xiaoping proposed the diplomatic strategy of ""hiding one's capabilities and biding one's time"", emphasizing that China should ""never take the lead"" in international affairs and ""do something"" when dealing with state relations. The main reason for this strategy was 
A. China is carrying out socialist modernization 
B. The bipolar structure is on the verge of collapse 
C. A multipolar world is taking shape 
D. The Soviet Union is gradually disintegrating"
327,当今世界，威胁世界和平和阻碍发展的主要根源是,贸易保护主义,民族矛盾,霸权主义与强权政治,宗教纷争,C,"A. 贸易保护主义
B. 民族矛盾
C. 霸权主义与强权政治
D. 宗教纷争","下一个问题是关于中国的外交政策。
当今世界，威胁世界和平和阻碍发展的主要根源是
A. 贸易保护主义
B. 民族矛盾
C. 霸权主义与强权政治
D. 宗教纷争","The next question is about China's foreign policy.
In today's world, the main source of threats to world peace and obstacles to development is
A. Trade protectionism
B. Ethnic conflicts
C. Hegemonism and power politics
D. Religious disputes"
328,尼克松与周恩来相见时说：“一个时代结束了，另一个时代开始了”。其准确含义是,中美两国的矛盾开始消失,中国的国际地位开始提高,中国的国际环境得到改善,中美关系由敌对走向正常化,D,"A. 中美两国的矛盾开始消失
B. 中国的国际地位开始提高
C. 中国的国际环境得到改善
D. 中美关系由敌对走向正常化","下一个问题是关于中国的外交政策。
尼克松与周恩来相见时说：“一个时代结束了，另一个时代开始了”。其准确含义是
A. 中美两国的矛盾开始消失
B. 中国的国际地位开始提高
C. 中国的国际环境得到改善
D. 中美关系由敌对走向正常化","The next question is about China's foreign policy.
When Nixon met Zhou Enlai, he said: ""One era has ended and another has begun."" The exact meaning is
A. The contradictions between China and the United States began to disappear
B. China's international status began to improve
C. China's international environment improved
D. Sino-US relations went from hostility to normalization"
329,周恩来总理强调，为了抵抗美国的侵略和威胁，同苏联结盟是必要的，但“不能把自己的党和国家的独立性丢掉”；在万隆会议上，周恩来对于各国因社会制度和社会意识形态的不同而产生的矛盾与分歧，鲜明地提出了“求同存异”的方针，说“中国代表团是来求团结而不是来吵架的”。这说明,求同存异是我国外交的基本原则,在中苏结盟时，应该放弃对苏联大国沙文主义的抵制，因为中国要与苏联团结,独立自主的和平外交政策是新中国外交的根本政策,为了抵抗美国对中国的侵略与威胁，中国不论什么时候都要与苏联结盟,C,"A. 求同存异是我国外交的基本原则
B. 在中苏结盟时，应该放弃对苏联大国沙文主义的抵制，因为中国要与苏联团结
C. 独立自主的和平外交政策是新中国外交的根本政策
D. 为了抵抗美国对中国的侵略与威胁，中国不论什么时候都要与苏联结盟","下一个问题是关于中国的外交政策。
周恩来总理强调，为了抵抗美国的侵略和威胁，同苏联结盟是必要的，但“不能把自己的党和国家的独立性丢掉”；在万隆会议上，周恩来对于各国因社会制度和社会意识形态的不同而产生的矛盾与分歧，鲜明地提出了“求同存异”的方针，说“中国代表团是来求团结而不是来吵架的”。这说明
A. 求同存异是我国外交的基本原则
B. 在中苏结盟时，应该放弃对苏联大国沙文主义的抵制，因为中国要与苏联团结
C. 独立自主的和平外交政策是新中国外交的根本政策
D. 为了抵抗美国对中国的侵略与威胁，中国不论什么时候都要与苏联结盟","The next question is about China's foreign policy.
Premier Zhou Enlai stressed that in order to resist the aggression and threats of the United States, it was necessary to ally with the Soviet Union, but ""the independence of our party and country must not be lost""; at the Bandung Conference, Zhou Enlai clearly put forward the policy of ""seeking common ground while reserving differences"" for the contradictions and differences between countries due to different social systems and social ideologies, saying that ""the Chinese delegation came to seek unity rather than quarrel."" This shows that
A. Seeking common ground while reserving differences is the basic principle of my country's diplomacy
B. When China and the Soviet Union ally, we should give up the resistance to Soviet great power chauvinism, because China wants to unite with the Soviet Union
C. An independent and peaceful foreign policy is the fundamental policy of New China's diplomacy
D. In order to resist the aggression and threats of the United States against China, China must ally with the Soviet Union at any time"
330,1949年6月，毛泽东在《论人民民主专政》中指出：“一边倒是孙中山的四十年经验和共产党的二十八年经验教给我们的，深知欲达到胜利和巩固胜利，必须一边倒……中国人民不是倒向帝国主义一边，就是倒向社会主义一边，绝无例外。”新中国在这一外交方针指导下的外交实践有：a与苏联建立外交关系；b加入华沙条约组织；c在万隆会议上提出“求同存异”；d积极发展与不结盟运动国家的关系,ad,ac,a,ab,C,"A. ad
B. ac
C. a
D. ab","下一个问题是关于中国的外交政策。
1949年6月，毛泽东在《论人民民主专政》中指出：“一边倒是孙中山的四十年经验和共产党的二十八年经验教给我们的，深知欲达到胜利和巩固胜利，必须一边倒……中国人民不是倒向帝国主义一边，就是倒向社会主义一边，绝无例外。”新中国在这一外交方针指导下的外交实践有：a与苏联建立外交关系；b加入华沙条约组织；c在万隆会议上提出“求同存异”；d积极发展与不结盟运动国家的关系
A. ad
B. ac
C. a
D. ab","The next question is about China's foreign policy.
In June 1949, Mao Zedong pointed out in ""On the People's Democratic Dictatorship"": ""Leaning to one side is what Sun Yat-sen's 40 years of experience and the Communist Party's 28 years of experience have taught us. We know that in order to achieve victory and consolidate victory, we must lean to one side... The Chinese people are either leaning to the side of imperialism or socialism, without exception."" New China's diplomatic practices under the guidance of this diplomatic policy include: a. Establishing diplomatic relations with the Soviet Union; b. Joining the Warsaw Treaty Organization; c. Proposing ""seeking common ground while reserving differences"" at the Bandung Conference; d. Actively developing relations with the countries of the Non-Aligned Movement
A. ad
B. ac
C. a
D. ab"
331,如今，世界各国的领导人对中国访问越来越重视，大国领袖希望通过访华使自己在全球性问题上的政策得到中国的支持，使双边关系更加稳定；中小国家领导人也希望通过对中国的访问提高自己的影响。这些都是因为,国际合作越来越密切,中国的国际地位得到提高,各国的政治态度日渐趋同,中国掌握了世界领导权,B,"A. 国际合作越来越密切
B. 中国的国际地位得到提高
C. 各国的政治态度日渐趋同
D. 中国掌握了世界领导权","下一个问题是关于中国的外交政策。
如今，世界各国的领导人对中国访问越来越重视，大国领袖希望通过访华使自己在全球性问题上的政策得到中国的支持，使双边关系更加稳定；中小国家领导人也希望通过对中国的访问提高自己的影响。这些都是因为
A. 国际合作越来越密切
B. 中国的国际地位得到提高
C. 各国的政治态度日渐趋同
D. 中国掌握了世界领导权","The next question is about China's foreign policy.
Nowadays, leaders of countries around the world pay more and more attention to their visits to China. Leaders of major countries hope to gain China's support for their policies on global issues and make bilateral relations more stable through their visits to China; leaders of small and medium-sized countries also hope to increase their influence through their visits to China. These are all because
A. International cooperation is becoming closer
B. China's international status is improving
C. The political attitudes of various countries are becoming more similar
D. China has mastered the world leadership"
332,中华人民共和国成立时期，毛泽东提出“另起炉灶”、“打扫于净屋子再请客”的外交政策，其基本目的是,断绝与欧美列强的外交关系,冲破美国的外交孤立政策,确立独立自主的外交路线,加强社会主义阵营的内部团结,C,"A. 断绝与欧美列强的外交关系
B. 冲破美国的外交孤立政策
C. 确立独立自主的外交路线
D. 加强社会主义阵营的内部团结","下一个问题是关于中国的外交政策。
中华人民共和国成立时期，毛泽东提出“另起炉灶”、“打扫于净屋子再请客”的外交政策，其基本目的是
A. 断绝与欧美列强的外交关系
B. 冲破美国的外交孤立政策
C. 确立独立自主的外交路线
D. 加强社会主义阵营的内部团结","The next question is about China's foreign policy.
During the founding of the People's Republic of China, Mao Zedong proposed the foreign policy of ""starting anew"" and ""cleaning up the house before inviting guests"". Its basic purpose was to 
A. sever diplomatic relations with European and American powers
B. break through the US diplomatic isolation policy
C. establish an independent diplomatic line
D. strengthen the internal unity of the socialist camp"
333,中国政府评价一次会议时说：“这个会议的召开，反映了最近时期以来在世界的这个地区所发生的巨大变化，也反映了亚非各国要把自己的命运掌握在自己手里，同时以平等的地位同世界上其他国家友好合作的日益坚强的愿望。”这个会议是指,万隆会议,日内瓦会议,旧金山会议,第26届联大,A,"A. 万隆会议
B. 日内瓦会议
C. 旧金山会议
D. 第26届联大","下一个问题是关于中国的外交政策。
中国政府评价一次会议时说：“这个会议的召开，反映了最近时期以来在世界的这个地区所发生的巨大变化，也反映了亚非各国要把自己的命运掌握在自己手里，同时以平等的地位同世界上其他国家友好合作的日益坚强的愿望。”这个会议是指
A. 万隆会议
B. 日内瓦会议
C. 旧金山会议
D. 第26届联大","The next question is about China's foreign policy.
The Chinese government commented on a conference and said: ""The convening of this conference reflects the great changes that have taken place in this part of the world in recent times, and also reflects the growing desire of Asian and African countries to take their own destiny into their own hands and to cooperate in friendship with other countries in the world on an equal footing."" This conference refers to
A. Bandung Conference
B. Geneva Conference
C. San Francisco Conference
D. 26th UN General Assembly"
334,2008年12月6日法国总统兼轮任欧盟主席萨科齐不理中国警告，在波兰华沙会晤了达赖喇嘛，中国断然取消了在法国里昂举行的中欧领导人会晤。下列最能体现中国外交新理念的是,“求同存异”,国家利益高于一切,不惧怕任何大国,实力是外交的基础,B,"A. “求同存异”
B. 国家利益高于一切
C. 不惧怕任何大国
D. 实力是外交的基础","下一个问题是关于中国的外交政策。
2008年12月6日法国总统兼轮任欧盟主席萨科齐不理中国警告，在波兰华沙会晤了达赖喇嘛，中国断然取消了在法国里昂举行的中欧领导人会晤。下列最能体现中国外交新理念的是
A. “求同存异”
B. 国家利益高于一切
C. 不惧怕任何大国
D. 实力是外交的基础","The next question is about China's foreign policy.
On December 6, 2008, French President and rotating EU President Sarkozy ignored China's warning and met with the Dalai Lama in Warsaw, Poland. China decisively canceled the China-EU leaders' meeting in Lyon, France. The following best reflects China's new diplomatic concept
A. ""Seek common ground while reserving differences""
B. National interests are above all else
C. Not afraid of any major power
D. Strength is the foundation of diplomacy"
335,在郑和下西洋的六百多年后，中国海军编队于2008年12月25日从三亚起航到索马里海域护航。对这一历史性事件评述正确的有：a今日的中国再次拥有了世界最强的海军舰队；b这次远航反映了六百年来中国由农业文明向工业文明逐步转变后的必然趋势；c古今中国两次远航的主要目的是不同的；d维护世界航运安全，打击海盗，显示中国是负责任的大国,acd,cd,abcd,bcd,B,"A. acd
B. cd
C. abcd
D. bcd","下一个问题是关于中国的外交政策。
在郑和下西洋的六百多年后，中国海军编队于2008年12月25日从三亚起航到索马里海域护航。对这一历史性事件评述正确的有：a今日的中国再次拥有了世界最强的海军舰队；b这次远航反映了六百年来中国由农业文明向工业文明逐步转变后的必然趋势；c古今中国两次远航的主要目的是不同的；d维护世界航运安全，打击海盗，显示中国是负责任的大国
A. acd
B. cd
C. abcd
D. bcd","The next question is about China's foreign policy.
More than 600 years after Zheng He's voyages to the West, the Chinese naval fleet set sail from Sanya on December 25, 2008 to escort Somali waters. The correct comments on this historic event are: a Today, China once again has the world's strongest naval fleet; b This voyage reflects the inevitable trend of China's gradual transformation from agricultural civilization to industrial civilization over the past 600 years; c The main purposes of the two voyages of ancient and modern China are different; d Maintaining world shipping safety and combating piracy show that China is a responsible major country
A. acd
B. cd
C. abcd
D. bcd"
336,"在国际外交舞台上:新中国第一代领导集体以超凡的气度、过人的智慧，维护了国家主权，赢得了国际社会的尊重。具体体现在下列哪些：a提出和平共处五项原则，成为解决国与国之间问题的基本准则；b倡导“求阔存异”，促进了亚非国家的团结与合作；c提出""一国两制""的设想并成功实施，开创了国际先例；d积极参与地区性国际组织",acd,abd,ab,bc,C,"A. acd
B. abd
C. ab
D. bc","下一个问题是关于中国的外交政策。
在国际外交舞台上:新中国第一代领导集体以超凡的气度、过人的智慧，维护了国家主权，赢得了国际社会的尊重。具体体现在下列哪些：a提出和平共处五项原则，成为解决国与国之间问题的基本准则；b倡导“求阔存异”，促进了亚非国家的团结与合作；c提出""一国两制""的设想并成功实施，开创了国际先例；d积极参与地区性国际组织
A. acd
B. abd
C. ab
D. bc","The next question is about China's foreign policy.
On the international diplomatic stage: The first generation of leaders of New China safeguarded national sovereignty and won the respect of the international community with extraordinary tolerance and wisdom. Which of the following are specifically reflected: a. Proposed the Five Principles of Peaceful Coexistence, which became the basic principle for solving problems between countries; b. Advocated ""seeking breadth while reserving differences"", which promoted the unity and cooperation of Asian and African countries; c. Proposed the idea of ""one country, two systems"" and successfully implemented it, creating an international precedent; d. Actively participated in regional international organizations
A. acd
B. abd
C. ab
D. bc"
337,我国外交政策的基本立足点是,坚持睦邻友好政策，创造和平稳定的周边环境,加快同发展中国家的团结与合作,继续改善和发展同发达国家之间的关系,坚持反对霸权主义和强权政治，促进世界多极化发展,B,"A. 坚持睦邻友好政策，创造和平稳定的周边环境
B. 加快同发展中国家的团结与合作
C. 继续改善和发展同发达国家之间的关系
D. 坚持反对霸权主义和强权政治，促进世界多极化发展","下一个问题是关于中国的外交政策。
我国外交政策的基本立足点是
A. 坚持睦邻友好政策，创造和平稳定的周边环境
B. 加快同发展中国家的团结与合作
C. 继续改善和发展同发达国家之间的关系
D. 坚持反对霸权主义和强权政治，促进世界多极化发展","The next question is about China's foreign policy.
The basic foothold of my country's foreign policy is
A. Adhere to the policy of good neighborliness and friendship and create a peaceful and stable surrounding environment
B. Accelerate solidarity and cooperation with developing countries
C. Continue to improve and develop relations with developed countries
D. Adhere to opposing hegemony and power politics and promote the development of a multipolar world"
338,2012年6月6日至7日举行的上海合作组织北京峰会全球瞩目，峰会发表的宣言表明，上合组织成员国正准备建设持久和平、共同繁荣的地区，面对国际金融危机，上合组织成员国将在中亚地区建设一个“稳定之岛”。下列对此理解正确的有：a加强了中国同其他成员国的多领域合作；b主要同世界大国改善和发展关系；c在区域安全与合作方面发挥着重要作用；d成为中亚地区和平发展的一面旗帜,abc,acd,bc,cd,B,"A. abc
B. acd
C. bc
D. cd","下一个问题是关于中国的外交政策。
2012年6月6日至7日举行的上海合作组织北京峰会全球瞩目，峰会发表的宣言表明，上合组织成员国正准备建设持久和平、共同繁荣的地区，面对国际金融危机，上合组织成员国将在中亚地区建设一个“稳定之岛”。下列对此理解正确的有：a加强了中国同其他成员国的多领域合作；b主要同世界大国改善和发展关系；c在区域安全与合作方面发挥着重要作用；d成为中亚地区和平发展的一面旗帜
A. abc
B. acd
C. bc
D. cd","The next question is about China's foreign policy.
The Shanghai Cooperation Organization Beijing Summit held on June 6-7, 2012 attracted global attention. The declaration issued at the summit showed that the SCO member states are preparing to build a region of lasting peace and common prosperity. In the face of the international financial crisis, the SCO member states will build an ""island of stability"" in Central Asia. The following are correct understandings of this: a strengthened multi-field cooperation between China and other member states; b mainly improved and developed relations with major world powers; c played an important role in regional security and cooperation; d became a banner of peace and development in Central Asia
A. abc
B. acd
C. bc
D. cd"
339,1971年9月22日，美国和日本等国家提出“关于代表权的决议草案”时指出：“（一）兹确认中华人民共和国的代表权，并且建议它得到安全理事会常任理事国之一的席位；（二）确认“中华民国”继续拥有代表权；（三）建议联合国～切组织和专门机构在决定中国代 表权时考虑本决议的条款。”这一“决议草案”主要反映了美日,反对中华人民共和国取代台湾在联合国的席位,反对中华人民共和国和台湾同时参加联合国,尊重联合国国际组织的权力和地位,主张恢复新中国在联合国的合法席位,A,"A. 反对中华人民共和国取代台湾在联合国的席位
B. 反对中华人民共和国和台湾同时参加联合国
C. 尊重联合国国际组织的权力和地位
D. 主张恢复新中国在联合国的合法席位","下一个问题是关于中国的外交政策。
1971年9月22日，美国和日本等国家提出“关于代表权的决议草案”时指出：“（一）兹确认中华人民共和国的代表权，并且建议它得到安全理事会常任理事国之一的席位；（二）确认“中华民国”继续拥有代表权；（三）建议联合国～切组织和专门机构在决定中国代 表权时考虑本决议的条款。”这一“决议草案”主要反映了美日
A. 反对中华人民共和国取代台湾在联合国的席位
B. 反对中华人民共和国和台湾同时参加联合国
C. 尊重联合国国际组织的权力和地位
D. 主张恢复新中国在联合国的合法席位","The next question is about China's foreign policy.
On September 22, 1971, the United States, Japan and other countries proposed a ""draft resolution on representation"" stating: ""(i) The representation of the People's Republic of China is hereby confirmed, and it is recommended that it obtain a seat as one of the permanent members of the Security Council; (ii) The Republic of China is confirmed to continue to have representation; (iii) All organizations and specialized agencies of the United Nations are recommended to consider the terms of this resolution when deciding on China's representation."" This ""draft resolution"" mainly reflects the United States and Japan
A. Oppose the People's Republic of China to replace Taiwan's seat in the United Nations
B. Oppose the People's Republic of China and Taiwan to join the United Nations at the same time
C. Respect the power and status of the United Nations international organization
D. Advocate the restoration of the legitimate seat of New China in the United Nations"
340,美国前驻中国大使洛德说，“九一一之前，中国取代前苏联，成为一个新的威胁。……中美关系其实没有看上去那麽糟。九一一之后，……中美开始在一些地区和国际事务上合作。但是……中美关系也没有看上去那麽好。”以下对材料中美关系的理解，正确的有：a九一一事件成为中国关系变化的一个契机；b两极格局解体后，中国的国际战略地位上升；c九一一事件后，双方的外交政策更加务实；d两极格局解体后，中国是美国最大的竞争对手,abcd,abc,acd,bcd,B,"A. abcd
B. abc
C. acd
D. bcd","下一个问题是关于中国的外交政策。
美国前驻中国大使洛德说，“九一一之前，中国取代前苏联，成为一个新的威胁。……中美关系其实没有看上去那麽糟。九一一之后，……中美开始在一些地区和国际事务上合作。但是……中美关系也没有看上去那麽好。”以下对材料中美关系的理解，正确的有：a九一一事件成为中国关系变化的一个契机；b两极格局解体后，中国的国际战略地位上升；c九一一事件后，双方的外交政策更加务实；d两极格局解体后，中国是美国最大的竞争对手
A. abcd
B. abc
C. acd
D. bcd","The next question is about China's foreign policy.
Former U.S. Ambassador to China Lord said, ""Before 9/11, China replaced the former Soviet Union and became a new threat. ... Sino-US relations are not as bad as they seem. After 9/11, ... China and the United States began to cooperate in some regional and international affairs. But ... Sino-US relations are not as good as they seem."" The following understandings of the material on Sino-US relations are correct: a. The 9/11 incident became an opportunity for changes in China's relations; b. After the disintegration of the bipolar structure, China's international strategic position has risen; c. After the 9/11 incident, the diplomatic policies of both sides have become more pragmatic; d. After the disintegration of the bipolar structure, China has become the United States' biggest competitor
A. abcd
B. abc
C. acd
D. bcd"
341,1972年中日建交，数年后小泉六次参拜靖国神社，中日关系走入低谷。2006年10月安倍晋三来华访问，最近因日本“国有化”钓鱼岛使中日关系再次走入低谷。以上事实说明,中日关系的发展前景不容乐观,日本与中国有着共同的经济利益,资本主义国家和社会主义国家的矛盾不可调和,日本对外政策因国内外形势的改变而改变,D,"A. 中日关系的发展前景不容乐观
B. 日本与中国有着共同的经济利益
C. 资本主义国家和社会主义国家的矛盾不可调和
D. 日本对外政策因国内外形势的改变而改变","下一个问题是关于中国的外交政策。
1972年中日建交，数年后小泉六次参拜靖国神社，中日关系走入低谷。2006年10月安倍晋三来华访问，最近因日本“国有化”钓鱼岛使中日关系再次走入低谷。以上事实说明
A. 中日关系的发展前景不容乐观
B. 日本与中国有着共同的经济利益
C. 资本主义国家和社会主义国家的矛盾不可调和
D. 日本对外政策因国内外形势的改变而改变","The next question is about China's foreign policy.
In 1972, China and Japan established diplomatic relations. A few years later, Koizumi visited the Yasukuni Shrine six times, and Sino-Japanese relations hit a low point. In October 2006, Shinzo Abe visited China. Recently, Sino-Japanese relations hit a low point again due to Japan's ""nationalization"" of the Diaoyu Islands. The above facts show that
A. The development prospects of Sino-Japanese relations are not optimistic
B. Japan and China have common economic interests
C. The contradictions between capitalist countries and socialist countries are irreconcilable
D. Japan's foreign policy has changed due to changes in domestic and international situations"
342,在获得联合国安理会授权后，中国海军于2008年12月26日从海南三亚起航赴亚丁湾、索马里海域执行护航任务。这是中国海军自15世纪郑和下西洋以来的首次远征，具有划时代意义。这说明的有：a中国海军出兵索马里海域执行护航任务是合理合法的；b中国的这一行为严重损害了索马里的国家主权；c反对霸权主义、维护世界和平是新时期中国外交的基本方针；d中国出兵的根本出发点是维护国家利益,acd,ad,ac,abd,B,"A. acd
B. ad
C. ac
D. abd","下一个问题是关于中国的外交政策。
在获得联合国安理会授权后，中国海军于2008年12月26日从海南三亚起航赴亚丁湾、索马里海域执行护航任务。这是中国海军自15世纪郑和下西洋以来的首次远征，具有划时代意义。这说明的有：a中国海军出兵索马里海域执行护航任务是合理合法的；b中国的这一行为严重损害了索马里的国家主权；c反对霸权主义、维护世界和平是新时期中国外交的基本方针；d中国出兵的根本出发点是维护国家利益
A. acd
B. ad
C. ac
D. abd","The next question is about China's foreign policy.
After obtaining authorization from the UN Security Council, the Chinese Navy set sail from Sanya, Hainan on December 26, 2008 to the Gulf of Aden and Somali waters to perform escort missions. This is the first expedition of the Chinese Navy since Zheng He's voyages to the West in the 15th century, and it is of epoch-making significance. This shows that: a. It is reasonable and legal for the Chinese Navy to send troops to Somali waters to perform escort missions; b. China's actions have seriously damaged Somalia's national sovereignty; c. Opposing hegemony and maintaining world peace are the basic principles of China's diplomacy in the new era; d. The fundamental starting point of China's sending troops is to safeguard national interests
A. acd
B. ad
C. ac
D. abd"
343,“万隆会议的成功对于中国的重要意义可以分为国家间关系和思想意识两个层次。应该说，万隆会议是中国第二次建交高潮的起点。”这说明万隆会议,否定了“一边倒”外交的合理性,有助于结束意识形态的制约,推动了西方国家与中国的建交热,利于发展与中东的友好关系,D,"A. 否定了“一边倒”外交的合理性
B. 有助于结束意识形态的制约
C. 推动了西方国家与中国的建交热
D. 利于发展与中东的友好关系","下一个问题是关于中国的外交政策。
“万隆会议的成功对于中国的重要意义可以分为国家间关系和思想意识两个层次。应该说，万隆会议是中国第二次建交高潮的起点。”这说明万隆会议
A. 否定了“一边倒”外交的合理性
B. 有助于结束意识形态的制约
C. 推动了西方国家与中国的建交热
D. 利于发展与中东的友好关系","The next question is about China's foreign policy.
""The significance of the success of the Bandung Conference to China can be divided into two levels: inter-state relations and ideology. It should be said that the Bandung Conference was the starting point of China's second diplomatic climax."" This shows that the Bandung Conference
A. denied the rationality of ""one-sided"" diplomacy
B. helped to end ideological constraints
C. promoted the enthusiasm of Western countries to establish diplomatic relations with China
D. was conducive to developing friendly relations with the Middle East"
344,1971年7月，尼克松总统在堪萨斯城发表演讲，指出：“当我发表就职演说的时候，我提到一个需要谈判的时代，……我们在世界上许多地区正在进行谈判而不是正在对抗……”美国政府将这一外交思想付诸实施的行动包括下列哪些：a美苏达成“戴维营精神”；b结束1961年开始的越南战争；c签订《北大西洋公约》；d发表中美《上海联合公报》,bcd,ac,abd,bd,D,"A. bcd
B. ac
C. abd
D. bd","下一个问题是关于中国的外交政策。
1971年7月，尼克松总统在堪萨斯城发表演讲，指出：“当我发表就职演说的时候，我提到一个需要谈判的时代，……我们在世界上许多地区正在进行谈判而不是正在对抗……”美国政府将这一外交思想付诸实施的行动包括下列哪些：a美苏达成“戴维营精神”；b结束1961年开始的越南战争；c签订《北大西洋公约》；d发表中美《上海联合公报》
A. bcd
B. ac
C. abd
D. bd","The next question is about China's foreign policy.
In July 1971, President Nixon gave a speech in Kansas City, pointing out: ""When I delivered my inaugural address, I mentioned a time of negotiation... We are negotiating rather than confronting in many parts of the world..."" The US government put this diplomatic thought into practice, including the following actions: a. The United States and the Soviet Union reached the ""Camp David Spirit""; b. Ended the Vietnam War that began in 1961; c. Signed the ""North Atlantic Treaty""; d. Issued the ""Shanghai Communiqué"" between China and the United States
A. bcd
B. ac
C. abd
D. bd"
345,由中央新音像出版社出版发行的新中国外交历程纪念光盘，共十二集，每一集的标题反映了这一时期的外交特点。其中能够反映新中国20世纪70年代外交特点的标题是,“另起炉灶”“跨洋握手”“扬眉吐气”,“斗智斗勇”“再次较量”“峰回路转”,“扬眉吐气”“跨洋握手”“冰释雪融”,“另起炉灶”“分道扬镳”“播种友谊”,C,"A. “另起炉灶”“跨洋握手”“扬眉吐气”
B. “斗智斗勇”“再次较量”“峰回路转”
C. “扬眉吐气”“跨洋握手”“冰释雪融”
D. “另起炉灶”“分道扬镳”“播种友谊”","下一个问题是关于中国的外交政策。
由中央新音像出版社出版发行的新中国外交历程纪念光盘，共十二集，每一集的标题反映了这一时期的外交特点。其中能够反映新中国20世纪70年代外交特点的标题是
A. “另起炉灶”“跨洋握手”“扬眉吐气”
B. “斗智斗勇”“再次较量”“峰回路转”
C. “扬眉吐气”“跨洋握手”“冰释雪融”
D. “另起炉灶”“分道扬镳”“播种友谊”","The next question is about China's foreign policy.
The CD-ROM commemorating the diplomatic history of New China, published and distributed by the Central New Audiovisual Publishing House, has a total of twelve episodes, and the title of each episode reflects the diplomatic characteristics of this period. Among them, the titles that can reflect the diplomatic characteristics of New China in the 1970s are
A. ""Starting from scratch"", ""Handshake across the ocean"", ""Feeling proud""
B. ""Fighting wits and courage"", ""Competing again"", ""Turning around the bush""
C. ""Feeling proud"", ""Handshake across the ocean"", ""The ice and snow melted""
D. ""Starting from scratch"", ""Parting ways"", ""Sowing seeds of friendship"""
346,1951年6月美国《时代》周刊首次为西方人介绍周恩来，标题是：共产主义者周恩来。“他在政治上成了暴虐的统治者，在外交上成了听话的仆从，在经济上成了无能的领导者。”《时代》周刊如此介绍周恩来说明,美国的战略重心在亚洲,美国颠覆了新中国政权,当时中美处于全面对抗,中国是美国的头号战略对手,C,"A. 美国的战略重心在亚洲
B. 美国颠覆了新中国政权
C. 当时中美处于全面对抗
D. 中国是美国的头号战略对手","下一个问题是关于中国的外交政策。
1951年6月美国《时代》周刊首次为西方人介绍周恩来，标题是：共产主义者周恩来。“他在政治上成了暴虐的统治者，在外交上成了听话的仆从，在经济上成了无能的领导者。”《时代》周刊如此介绍周恩来说明
A. 美国的战略重心在亚洲
B. 美国颠覆了新中国政权
C. 当时中美处于全面对抗
D. 中国是美国的头号战略对手","The next question is about China's foreign policy.
In June 1951, the American magazine Time introduced Zhou Enlai to Westerners for the first time, with the title: Communist Zhou Enlai. ""He became a tyrannical ruler in politics, an obedient servant in diplomacy, and an incompetent leader in economics."" Time magazine introduced Zhou Enlai in this way to illustrate
A. The strategic focus of the United States is in Asia
B. The United States overthrew the new Chinese regime
C. At that time, China and the United States were in full confrontation
D. China is the number one strategic opponent of the United States"
347,相当长一个时期内国际斗争的焦点,单极与多极的矛盾，称霸与反霸的斗争,边界领土争端,宗教冲突,民族矛盾,A,"A. 单极与多极的矛盾，称霸与反霸的斗争
B. 边界领土争端
C. 宗教冲突
D. 民族矛盾","下一个问题是关于中国的外交政策。
相当长一个时期内国际斗争的焦点
A. 单极与多极的矛盾，称霸与反霸的斗争
B. 边界领土争端
C. 宗教冲突
D. 民族矛盾","The next question is about China's foreign policy.
The focus of international struggle for a long period of time
A. The contradiction between unipolarity and multipolarity, the struggle between hegemony and anti-hegemony
B. Border and territorial disputes
C. Religious conflicts
D. Ethnic conflicts"
