index,Question,A,B,C,D,answer,options,zh,en
348,随着中国民族资本主义产生和发展，工商业者群体意识逐渐形成，作为一种新的社会力量，工商业者在创办实业、抵制洋货、收回利权、立宪运动、民主革命、抗日救亡等众多社会事务中日益显示出自身的实力和存在价值。对此，下列历史解释正确的是,工商业者是倡导革命的新中坚力量,工商业者依旧属于传统的社会群体,工商业者投身社会事务是有利可图,工商业者推动了近代中国社会发展,D,"A. 工商业者是倡导革命的新中坚力量
B. 工商业者依旧属于传统的社会群体
C. 工商业者投身社会事务是有利可图
D. 工商业者推动了近代中国社会发展","下一个问题是关于中国的历史。
随着中国民族资本主义产生和发展，工商业者群体意识逐渐形成，作为一种新的社会力量，工商业者在创办实业、抵制洋货、收回利权、立宪运动、民主革命、抗日救亡等众多社会事务中日益显示出自身的实力和存在价值。对此，下列历史解释正确的是
A. 工商业者是倡导革命的新中坚力量
B. 工商业者依旧属于传统的社会群体
C. 工商业者投身社会事务是有利可图
D. 工商业者推动了近代中国社会发展","The next question is about China's history.
With the emergence and development of Chinese national capitalism, the collective consciousness of industrialists and businessmen gradually formed. As a new social force, industrialists and businessmen increasingly demonstrated their strength and existence value in many social affairs such as establishing industries, boycotting foreign goods, recovering profit rights, constitutional movement, democratic revolution, and anti-Japanese and national salvation. In this regard, the following historical explanation is correct
A. Industrialists and businessmen are the new backbone force advocating revolution
B. Industrialists and businessmen still belong to traditional social groups
C. It is profitable for industrialists and businessmen to engage in social affairs
D. Industrialists and businessmen promoted the development of modern Chinese society"
349,乾隆时江南地主“所居在城或他州异县，地亩山场皆委之佃户”。苏州甚至出现“土著安业者田不满百亩，余皆佃农也。上田半归于郡城之富户”。由此可知，当时江南,个体农耕为主要生产形式,农业中商品化生产普遍,农业生产利润微不足道,土地所有权变更极为频繁,A,"A. 个体农耕为主要生产形式
B. 农业中商品化生产普遍
C. 农业生产利润微不足道
D. 土地所有权变更极为频繁","下一个问题是关于中国的历史。
乾隆时江南地主“所居在城或他州异县，地亩山场皆委之佃户”。苏州甚至出现“土著安业者田不满百亩，余皆佃农也。上田半归于郡城之富户”。由此可知，当时江南
A. 个体农耕为主要生产形式
B. 农业中商品化生产普遍
C. 农业生产利润微不足道
D. 土地所有权变更极为频繁","The next question is about China's history.
During the Qianlong period, the landlords in Jiangnan ""lived in the city or other states and counties, and all the land and fields were entrusted to tenants."" In Suzhou, there was even a situation where ""the natives who settled down had less than 100 acres of land, and the rest were tenants. Half of the land belonged to the rich families in the county town."" From this, we can know that at that time in Jiangnan
A. individual farming was the main form of production
B. commercial production was common in agriculture
C. agricultural production profits were negligible
D. land ownership changes were extremely frequent"
350,《新全球史》记载，从公元前6世纪开始，铁制农具在中国骤然增加，铁犁、铁镐、铁镰刀和铁耙在乡村里成为日常用具，这一现象给当时社会发展带来的影响不包括,“庶人食力，工商食官”,“除井田，民得买卖”,“宗庙之牺为畎亩之勤”,“秋七月，初税田”,A,"A. “庶人食力，工商食官”
B. “除井田，民得买卖”
C. “宗庙之牺为畎亩之勤”
D. “秋七月，初税田”","下一个问题是关于中国的历史。
《新全球史》记载，从公元前6世纪开始，铁制农具在中国骤然增加，铁犁、铁镐、铁镰刀和铁耙在乡村里成为日常用具，这一现象给当时社会发展带来的影响不包括
A. “庶人食力，工商食官”
B. “除井田，民得买卖”
C. “宗庙之牺为畎亩之勤”
D. “秋七月，初税田”","The next question is about China's history.
The New Global History records that iron farm tools increased suddenly in China from the 6th century BC, and iron plows, iron pickaxes, iron sickles and iron rakes became daily tools in the countryside. The impact of this phenomenon on social development at that time did not include
A. ""Common people eat by labor, and businessmen eat by officials""
B. ""The well fields were abolished, and the people were able to trade""
C. ""The sacrifices in the ancestral temples were for the hard work of the fields""
D. ""In the seventh month of autumn, the land was taxed first"""
351,据研究，1853年，印度人均消费英国棉纱、棉布9.09便士，而中国是0.94便士。这反映出当时中国,经济受到鸦片战争的破坏,实行保护本国经济的政策,经济的发展水平低于印度,传统的小农经济根深蒂固,D,"A. 经济受到鸦片战争的破坏
B. 实行保护本国经济的政策
C. 经济的发展水平低于印度
D. 传统的小农经济根深蒂固","下一个问题是关于中国的历史。
据研究，1853年，印度人均消费英国棉纱、棉布9.09便士，而中国是0.94便士。这反映出当时中国
A. 经济受到鸦片战争的破坏
B. 实行保护本国经济的政策
C. 经济的发展水平低于印度
D. 传统的小农经济根深蒂固","The next question is about China's history.
According to research, in 1853, the average Indian spent 9.09 pence per capita on British cotton yarn and cloth, while the average Chinese spent 0.94 pence. This reflects that at that time, China
A. had its economy damaged by the Opium War
B. had implemented a policy of protecting its own economy
C. had a lower level of economic development than India
D. had a deep-rooted traditional small-scale peasant economy"
352,孔子曾提出过“君子和而不同”的思想，意思是“和谐而又不千篇一律，不同而又不互相冲突”，运用这种思想处理不同社会制度国家间关系取得成功的范例是,日内瓦会议的圆满成功,万隆会议的圆满成功,签订《中苏友好同盟互助条约》,香港、澳门回归,B,"A. 日内瓦会议的圆满成功
B. 万隆会议的圆满成功
C. 签订《中苏友好同盟互助条约》
D. 香港、澳门回归","下一个问题是关于中国的历史。
孔子曾提出过“君子和而不同”的思想，意思是“和谐而又不千篇一律，不同而又不互相冲突”，运用这种思想处理不同社会制度国家间关系取得成功的范例是
A. 日内瓦会议的圆满成功
B. 万隆会议的圆满成功
C. 签订《中苏友好同盟互助条约》
D. 香港、澳门回归","The next question is about China's history.
Confucius once proposed the idea of ""gentlemen are harmonious but different"", which means ""harmonious but not stereotyped, different but not conflicting"". The successful example of using this idea to deal with relations between countries with different social systems is 
A. The complete success of the Geneva Conference
B. The complete success of the Bandung Conference
C. The signing of the Sino-Soviet Treaty of Friendship, Alliance and Mutual Assistance
D. The return of Hong Kong and Macao"
353,炎帝是我国传说时代的英雄，又称神农氏。据传他使用“焚林而田”的耕作方法，还发明了耒、耜等生产工具。这些传说,可以作为中国原始农耕的直接证据,证明了炎帝的真实存在,是一种没有史料价值的想象,折射出中国农耕文明源远流长,D,"A. 可以作为中国原始农耕的直接证据
B. 证明了炎帝的真实存在
C. 是一种没有史料价值的想象
D. 折射出中国农耕文明源远流长","下一个问题是关于中国的历史。
炎帝是我国传说时代的英雄，又称神农氏。据传他使用“焚林而田”的耕作方法，还发明了耒、耜等生产工具。这些传说
A. 可以作为中国原始农耕的直接证据
B. 证明了炎帝的真实存在
C. 是一种没有史料价值的想象
D. 折射出中国农耕文明源远流长","The next question is about China's history.
Yandi was a hero in the legendary era of my country, also known as Shennong. It is said that he used the farming method of ""burning forests to make fields"" and invented production tools such as plows and hoes. These legends
A. can be used as direct evidence of China's primitive farming
B. prove the real existence of Yandi
C. is an imagination with no historical value
D. reflects the long history of China's farming civilization"
354,《齐民要术》自序：“盖神农为耒耜，以利天下，尧命四子，敬授民时，降命后稷，食为政首，……殷周之盛，《诗》《书》所述，要在安民，富而教之。”这段话主要强调,农业技术和重要性,历法与农业的关系,儒家对农业的重视,改进生产工具的意义,C,"A. 农业技术和重要性
B. 历法与农业的关系
C. 儒家对农业的重视
D. 改进生产工具的意义","下一个问题是关于中国的历史。
《齐民要术》自序：“盖神农为耒耜，以利天下，尧命四子，敬授民时，降命后稷，食为政首，……殷周之盛，《诗》《书》所述，要在安民，富而教之。”这段话主要强调
A. 农业技术和重要性
B. 历法与农业的关系
C. 儒家对农业的重视
D. 改进生产工具的意义","The next question is about China's history.
The preface of ""Qimin Yaoshu"" reads: ""It was Shennong who invented the plow and hoe to benefit the world. Yao ordered his four sons to teach the people the time and ordered Houji to make food the first priority of government... The prosperity of the Yin and Zhou dynasties, as described in ""Book of Songs"" and ""Book of Documents"", was to keep the people safe and educate them when they were rich."" This passage mainly emphasizes
A. Agricultural technology and importance
B. The relationship between the calendar and agriculture
C. The importance of agriculture by Confucianism
D. The significance of improving production tools"
355,明隆庆初年，“抚臣涂泽民用鉴前辙，为因势利导之举，请开市舶，易私贩而为公贩，易只通东西二洋，不得往日本倭国，亦禁不得以硝黄、铜、铁违禁之物夹带出海。奉旨允行，凡三十载，幸大盗不作，而海宇宴如”。这说明当时,官府废止明初以来“海禁”,巡抚掌握对外贸易决策权,官方朝贡贸易体系已瓦解,官府有条件地开放“海禁”,D,"A. 官府废止明初以来“海禁”
B. 巡抚掌握对外贸易决策权
C. 官方朝贡贸易体系已瓦解
D. 官府有条件地开放“海禁”","下一个问题是关于中国的历史。
明隆庆初年，“抚臣涂泽民用鉴前辙，为因势利导之举，请开市舶，易私贩而为公贩，易只通东西二洋，不得往日本倭国，亦禁不得以硝黄、铜、铁违禁之物夹带出海。奉旨允行，凡三十载，幸大盗不作，而海宇宴如”。这说明当时
A. 官府废止明初以来“海禁”
B. 巡抚掌握对外贸易决策权
C. 官方朝贡贸易体系已瓦解
D. 官府有条件地开放“海禁”","The next question is about China's history.
In the early years of the Longqing reign of the Ming Dynasty, ""the governor Tu Zemin, learning from the past, took the opportunity to open the maritime trade, changed private trade to public trade, and changed it to only trade in the East and West Oceans, not to Japan, and also prohibited the smuggling of prohibited items such as saltpeter, copper, and iron out of the sea. The order was granted, and for 30 years, there were no major thieves, and the world was at peace."" This shows that at that time
A. The government abolished the ""sea ban"" since the early Ming Dynasty
B. The governor had the power to make decisions on foreign trade
C. The official tribute trade system had collapsed
D. The government conditionally opened the ""sea ban"""
356,长征期间，国内外形势发生重大变化，民族矛盾加剧，中国共产党的方针政策进行重大调整。这一调整是指,召开八七会议，确定武装反抗国民党反动派的总方针,召开七大，确立毛泽东思想的指导地位,发表“八一宣言”，号召停止内战，一致抗日,召开遵义会议，纠正“左”倾错误路线,C,"A. 召开八七会议，确定武装反抗国民党反动派的总方针
B. 召开七大，确立毛泽东思想的指导地位
C. 发表“八一宣言”，号召停止内战，一致抗日
D. 召开遵义会议，纠正“左”倾错误路线","下一个问题是关于中国的历史。
长征期间，国内外形势发生重大变化，民族矛盾加剧，中国共产党的方针政策进行重大调整。这一调整是指
A. 召开八七会议，确定武装反抗国民党反动派的总方针
B. 召开七大，确立毛泽东思想的指导地位
C. 发表“八一宣言”，号召停止内战，一致抗日
D. 召开遵义会议，纠正“左”倾错误路线","The next question is about China's history.
During the Long March, the domestic and international situation underwent major changes, ethnic conflicts intensified, and the CPC's policies and guidelines were significantly adjusted. This adjustment refers to
A. The August 7th Conference was held to determine the general policy of armed resistance against the Kuomintang reactionaries
B. The Seventh National Congress was held to establish the guiding position of Mao Zedong Thought
C. The ""August 1st Declaration"" was issued, calling for an end to the civil war and a united resistance against Japan
D. The Zunyi Conference was held to correct the ""left"" erroneous line"
357,《周礼·考工记》载：建造王城，九里见方，四周各三门，南北和东西大道各九条，宫城之左为宗庙，右为社稷，前为朝，后为市。它体现的主要思想是,中正有序,中央集权,敬天法祖,君权神授,A,"A. 中正有序
B. 中央集权
C. 敬天法祖
D. 君权神授","下一个问题是关于中国的历史。
《周礼·考工记》载：建造王城，九里见方，四周各三门，南北和东西大道各九条，宫城之左为宗庙，右为社稷，前为朝，后为市。它体现的主要思想是
A. 中正有序
B. 中央集权
C. 敬天法祖
D. 君权神授","The next question is about China's history.
""Zhou Li·Kaogongji"" records: The construction of the royal city is nine li square, with three gates on each side, nine north-south and east-west roads, the left side of the palace is the ancestral temple, the right side is the altar, the front is the court, and the back is the market. The main ideas it embodies are
A. Justice and order
B. Centralization of power
C. Respecting heaven and following ancestors
D. The king's power is granted by God"
358,在中国古代，褒扬官员德行和政绩，往往称其人为“民之父母”，官员亦以“为民父母”“爱民如子”作为执政的理想境界。这一现象反映出,官员考核主要依据民本思想,“家天下”观念的政治影响,官民之间具有共同政治诉求,宗族关系已成为执政的基础,B,"A. 官员考核主要依据民本思想
B. “家天下”观念的政治影响
C. 官民之间具有共同政治诉求
D. 宗族关系已成为执政的基础","下一个问题是关于中国的历史。
在中国古代，褒扬官员德行和政绩，往往称其人为“民之父母”，官员亦以“为民父母”“爱民如子”作为执政的理想境界。这一现象反映出
A. 官员考核主要依据民本思想
B. “家天下”观念的政治影响
C. 官民之间具有共同政治诉求
D. 宗族关系已成为执政的基础","The next question is about China's history.
In ancient China, officials were often praised for their virtues and achievements, and they were often called ""the parents of the people"". Officials also regarded ""being the parents of the people"" and ""loving the people like their own children"" as the ideal state of governing. This phenomenon reflects
A. Official assessment is mainly based on the people-oriented thought
B. The political influence of the concept of ""family rule""
C. Officials and the people have common political demands
D. Clan relations have become the basis of governing"
359,李鸿章在《示文儿》一信中说：“年来国事日非……受人凌辱之原因，莫外乎不谙世事，默守陈法，藏身于文字之间，而卑视工商。岂知世界文明，工商业较重于文字，窥各国之强盛，无独不然。”对材料理解正确的是,“受人凌辱”指的是中国甲午战败,体现了挽救民族危机的愿望,洋务运动抵制了西方的侵略,作者认识到发展工商业的重要性,D,"A. “受人凌辱”指的是中国甲午战败
B. 体现了挽救民族危机的愿望
C. 洋务运动抵制了西方的侵略
D. 作者认识到发展工商业的重要性","下一个问题是关于中国的历史。
李鸿章在《示文儿》一信中说：“年来国事日非……受人凌辱之原因，莫外乎不谙世事，默守陈法，藏身于文字之间，而卑视工商。岂知世界文明，工商业较重于文字，窥各国之强盛，无独不然。”对材料理解正确的是
A. “受人凌辱”指的是中国甲午战败
B. 体现了挽救民族危机的愿望
C. 洋务运动抵制了西方的侵略
D. 作者认识到发展工商业的重要性","The next question is about China's history.
Li Hongzhang said in a letter to Wen'er: ""In recent years, the national affairs have been getting worse and worse... The reason for being humiliated by others is nothing more than being ignorant of worldly affairs, silently following old laws, hiding in words, and despising industry and commerce. But in world civilization, industry and commerce are more important than words. Looking at the strength of various countries, it is not the same."" The correct understanding of the material is
A. ""Being humiliated by others"" refers to China's defeat in the Sino-Japanese War of 1894-1895
B. It reflects the desire to save the national crisis
C. The Westernization Movement resisted Western aggression
D. The author realized the importance of developing industry and commerce"
360,《太平寰宇记》记载当时全国户数：秦岭、淮河以南的户数占全国的59.1%，以北为40.9%。10万户以上的州和府，北方有2处，南方有3处；5万户到10万户的州，北方有5处，南方有17处。南多北少的户口分布格局至此定型。据此判断，《太平寰宇记》成书于,宋代,汉代,秦代,隋代,A,"A. 宋代
B. 汉代
C. 秦代
D. 隋代","下一个问题是关于中国的历史。
《太平寰宇记》记载当时全国户数：秦岭、淮河以南的户数占全国的59.1%，以北为40.9%。10万户以上的州和府，北方有2处，南方有3处；5万户到10万户的州，北方有5处，南方有17处。南多北少的户口分布格局至此定型。据此判断，《太平寰宇记》成书于
A. 宋代
B. 汉代
C. 秦代
D. 隋代","The next question is about China's history.
The Taiping Huanyuji records the number of households in the country at that time: the number of households south of the Qinling Mountains and the Huai River accounted for 59.1% of the country, and the number of households north of the Qinling Mountains accounted for 40.9%. There were 2 states and prefectures with more than 100,000 households in the north and 3 in the south; there were 5 states with 50,000 to 100,000 households in the north and 17 in the south. The household distribution pattern of more in the south and less in the north was thus finalized. Based on this, it can be judged that the Taiping Huanyuji was written in
A. Song Dynasty
B. Han Dynasty
C. Qin Dynasty
D. Sui Dynasty"
361,从1876年中英协商《烟台条约》的具体条款开始，英国就要求重庆立即对外通商，力图打开中国西部腹地的市场。中方谈判首脑李鸿章转弯抹角地回应：“轮船未抵重庆以前，英国商民不得在彼居住，开设行栈。”李鸿章此话的主要意图是,借助英国开发西部市场,利用英国开通川江航运,变相地接受英国商民到重庆居住通商,以轮船通航为条件拖延重庆对外通商,D,"A. 借助英国开发西部市场
B. 利用英国开通川江航运
C. 变相地接受英国商民到重庆居住通商
D. 以轮船通航为条件拖延重庆对外通商","下一个问题是关于中国的历史。
从1876年中英协商《烟台条约》的具体条款开始，英国就要求重庆立即对外通商，力图打开中国西部腹地的市场。中方谈判首脑李鸿章转弯抹角地回应：“轮船未抵重庆以前，英国商民不得在彼居住，开设行栈。”李鸿章此话的主要意图是
A. 借助英国开发西部市场
B. 利用英国开通川江航运
C. 变相地接受英国商民到重庆居住通商
D. 以轮船通航为条件拖延重庆对外通商","The next question is about China's history.
Since the Sino-British negotiation of the specific terms of the Yantai Treaty in 1876, Britain has demanded that Chongqing immediately open to foreign trade, trying to open up the market in the hinterland of western China. Li Hongzhang, the head of the Chinese negotiations, responded in a roundabout way: ""Before the ship arrives in Chongqing, British merchants and civilians are not allowed to live there or open warehouses."" The main intention of Li Hongzhang's words was
A. to use Britain to develop the western market
B. to use Britain to open up the Sichuan-Yangtze River shipping
C. to accept British merchants and civilians to live and trade in Chongqing in disguise
D. to delay Chongqing's foreign trade on the condition of ship navigation"
362,1959年5月15日，陈云在写给毛泽东的信中提到教训时说：“……把生产数字定得少一点（实际是可靠数字），会泄气，我看也不见得。正如少奇同志在政治局讲的，定高了，做不到，反而会泄气。”据此，你认为上面的应该是,共产风,浮夸风,高速度,高指标,D,"A. 共产风
B. 浮夸风
C. 高速度
D. 高指标","下一个问题是关于中国的历史。
1959年5月15日，陈云在写给毛泽东的信中提到教训时说：“……把生产数字定得少一点（实际是可靠数字），会泄气，我看也不见得。正如少奇同志在政治局讲的，定高了，做不到，反而会泄气。”据此，你认为上面的应该是
A. 共产风
B. 浮夸风
C. 高速度
D. 高指标","The next question is about China's history.
On May 15, 1959, Chen Yun mentioned the lesson in a letter to Mao Zedong: ""... I don't think it will be discouraging to set a lower production figure (actually a reliable figure). As Comrade Shaoqi said in the Politburo, setting a high figure and failing to achieve it will be discouraging."" Based on this, what do you think should be the above?
A. Communism
B. Exaggeration
C. High speed
D. High target"
363,1919年11月，全国各界联合会在上海成立，发表宣言：“数月以来，国内之群众运动，风起云涌，虽受种种压迫，而前仆后继，不少顾却；大义当前，绝不退让……全国各地，知合群自救为万不可缓之图。”这说明，当时参加联合会的各界团体,对社会改造道路认识趋于一致,反思资产阶级个人主义的弊端,接受了马克思主义,爱国觉悟得到提高,D,"A. 对社会改造道路认识趋于一致
B. 反思资产阶级个人主义的弊端
C. 接受了马克思主义
D. 爱国觉悟得到提高","下一个问题是关于中国的历史。
1919年11月，全国各界联合会在上海成立，发表宣言：“数月以来，国内之群众运动，风起云涌，虽受种种压迫，而前仆后继，不少顾却；大义当前，绝不退让……全国各地，知合群自救为万不可缓之图。”这说明，当时参加联合会的各界团体
A. 对社会改造道路认识趋于一致
B. 反思资产阶级个人主义的弊端
C. 接受了马克思主义
D. 爱国觉悟得到提高","The next question is about China's history.
In November 1919, the National Federation of All Circles was established in Shanghai and issued a declaration: ""For several months, the mass movement in the country has been surging. Although it has been oppressed in various ways, it has continued to fight and not given up. In the face of justice, we will never give in... All parts of the country know that it is imperative to unite and save ourselves."" This shows that the groups from all walks of life who participated in the Federation at that time
A. had a consistent understanding of the path of social transformation
B. reflected on the shortcomings of bourgeois individualism
C. accepted Marxism
D. had a higher patriotic consciousness"
364,晚清时期清政府实行专利制度，允许企业享有长时间生产经营垄断权。1912年北京政府规定专利保护期限最高为5年。后财政总长周学熙等为其所设公司申请30年的专利权时，未获批准。这反映了民国初期,中央政府限制官营商业的发展,建立了系统完善的经济法制体系,经济法规得以完全遵照执行,经济立法鼓励工商业自由竞争,D,"A. 中央政府限制官营商业的发展
B. 建立了系统完善的经济法制体系
C. 经济法规得以完全遵照执行
D. 经济立法鼓励工商业自由竞争","下一个问题是关于中国的历史。
晚清时期清政府实行专利制度，允许企业享有长时间生产经营垄断权。1912年北京政府规定专利保护期限最高为5年。后财政总长周学熙等为其所设公司申请30年的专利权时，未获批准。这反映了民国初期
A. 中央政府限制官营商业的发展
B. 建立了系统完善的经济法制体系
C. 经济法规得以完全遵照执行
D. 经济立法鼓励工商业自由竞争","The next question is about China's history.
In the late Qing Dynasty, the Qing government implemented a patent system, allowing enterprises to enjoy long-term production and operation monopoly rights. In 1912, the Beijing government stipulated that the maximum patent protection period was 5 years. Later, when Finance Minister Zhou Xuexi and others applied for a 30-year patent for their company, they were not approved. This reflects the early Republic of China
A. The central government restricted the development of state-owned commerce
B. A systematic and complete economic legal system was established
C. Economic laws and regulations were fully implemented
D. Economic legislation encouraged free competition in industry and commerce"
365,清代有女诗人作诗曰：“人生德与才，兼备方为普。独至评闺材，持论恒相反。有德才可骇俗(兼有)，有才德反损……我意颇不然，此论殊褊浅。”这反映了在清代女性中,德才兼备成为主要的评价标准,产生了维护自身权益的诉求,男女平等思想被普遍接受,出现了对传统伦理思想的反思,D,"A. 德才兼备成为主要的评价标准
B. 产生了维护自身权益的诉求
C. 男女平等思想被普遍接受
D. 出现了对传统伦理思想的反思","下一个问题是关于中国的历史。
清代有女诗人作诗曰：“人生德与才，兼备方为普。独至评闺材，持论恒相反。有德才可骇俗(兼有)，有才德反损……我意颇不然，此论殊褊浅。”这反映了在清代女性中
A. 德才兼备成为主要的评价标准
B. 产生了维护自身权益的诉求
C. 男女平等思想被普遍接受
D. 出现了对传统伦理思想的反思","The next question is about China's history.
A female poet in the Qing Dynasty wrote a poem: ""Only when people evaluate women's talents, their opinions are always opposite. Virtue and talent can shock the world (both), but talent and virtue are detrimental... I don't think so. This argument is narrow-minded."" This reflects that among women in the Qing Dynasty
A. Virtue and talent became the main evaluation criteria
B. There was a demand to protect their own rights and interests
C. The idea of gender equality was generally accepted
D. There was a reflection on traditional ethical ideas"
366,下列改革中，实现了富国强兵，“倾邻国而雄诸侯”的是,北魏孝文帝改革,商鞅变法,王安石变法,汉武帝改革,B,"A. 北魏孝文帝改革
B. 商鞅变法
C. 王安石变法
D. 汉武帝改革","下一个问题是关于中国的历史。
下列改革中，实现了富国强兵，“倾邻国而雄诸侯”的是
A. 北魏孝文帝改革
B. 商鞅变法
C. 王安石变法
D. 汉武帝改革","The next question is about China's history.
Among the following reforms, the one that achieved a rich country and a strong army, and ""overthrew neighboring countries and dominated the princes"" was
A. Reforms of Emperor Xiaowen of the Northern Wei Dynasty
B. Shang Yang's Reforms
C. Wang Anshi's Reforms
D. Reforms of Emperor Wu of the Han Dynasty"
367,朱熹在《漳州劝农文》中说：“请诸父老，常为解说，使后生弟子，知所遵守，去恶从善，取是舍非，爱惜体肤，保守家业”。在此，朱熹,告诫乡亲去恶从善以“慎思明辨”,劝导百姓遵循一种“理性”的生活秩序,灌输以农兴业思想以存“天理”,教诲后生弟子遵从“三纲五常”,B,"A. 告诫乡亲去恶从善以“慎思明辨”
B. 劝导百姓遵循一种“理性”的生活秩序
C. 灌输以农兴业思想以存“天理”
D. 教诲后生弟子遵从“三纲五常”","下一个问题是关于中国的历史。
朱熹在《漳州劝农文》中说：“请诸父老，常为解说，使后生弟子，知所遵守，去恶从善，取是舍非，爱惜体肤，保守家业”。在此，朱熹
A. 告诫乡亲去恶从善以“慎思明辨”
B. 劝导百姓遵循一种“理性”的生活秩序
C. 灌输以农兴业思想以存“天理”
D. 教诲后生弟子遵从“三纲五常”","The next question is about China's history.
Zhu Xi said in ""Zhangzhou Encouragement to Farmers"" that ""I ask all elders to explain it frequently so that the younger generation of students will know what to follow, abandon evil and follow good, choose right and discard wrong, cherish their bodies, and preserve their family business."" Here, Zhu Xi
A. admonished fellow villagers to abandon evil and follow good in order to ""think carefully and discern clearly""
B. persuaded the people to follow a ""rational"" life order
C. instilled the idea of developing agriculture to preserve ""heavenly principles""
D. taught the younger generation of students to follow the ""Three Bonds and Five Constant Virtues"""
368,“民本”语出《尚书·夏书·五子之歌》：“民惟邦本，本固邦宁。”意谓人民是国家的根本，根本巩固，国家才能安宁。“民主”一词，最早见于古希腊历史学家希罗多德的《历史》一书，它由“人民”和“权利”两个词组合而成，其字面意思就是“人民的权利”、“人民主权”和“多数人的统治”。下列关于“民本”与“民主”的表述，正确的是,两者都鼓励百姓为实现自己的追求而奋斗,两者都具有限制和约束统治者行为的作用,两者的区别在于“民”是否是国家的基础,两者都利于从根本上改变百姓的社会地位,B,"A. 两者都鼓励百姓为实现自己的追求而奋斗
B. 两者都具有限制和约束统治者行为的作用
C. 两者的区别在于“民”是否是国家的基础
D. 两者都利于从根本上改变百姓的社会地位","下一个问题是关于中国的历史。
“民本”语出《尚书·夏书·五子之歌》：“民惟邦本，本固邦宁。”意谓人民是国家的根本，根本巩固，国家才能安宁。“民主”一词，最早见于古希腊历史学家希罗多德的《历史》一书，它由“人民”和“权利”两个词组合而成，其字面意思就是“人民的权利”、“人民主权”和“多数人的统治”。下列关于“民本”与“民主”的表述，正确的是
A. 两者都鼓励百姓为实现自己的追求而奋斗
B. 两者都具有限制和约束统治者行为的作用
C. 两者的区别在于“民”是否是国家的基础
D. 两者都利于从根本上改变百姓的社会地位","The next question is about China's history.
The phrase ""people-oriented"" comes from ""Book of History·Book of Xia·Song of the Five Sons"": ""People are the foundation of the country, and the country will be peaceful if the foundation is solid."" It means that the people are the foundation of the country, and the country can be peaceful only if the foundation is solid. The word ""democracy"" was first seen in the book ""History"" by the ancient Greek historian Herodotus. It is composed of the two words ""people"" and ""rights"", and its literal meaning is ""people's rights"", ""people's sovereignty"" and ""rule by the majority"". The following statements about ""people-oriented"" and ""democracy"" are correct
A. Both encourage people to strive to achieve their own pursuits
B. Both have the function of limiting and restraining the behavior of rulers
C. The difference between the two lies in whether ""people"" is the foundation of the country
D. Both are conducive to fundamentally changing the social status of the people"
369,《论语·八佾》记录孔子的话：“周监于二代，郁郁乎文哉！吾从周。”《荀子》说：“由士以上则必以礼节之。”对以上材料理解准确的是：a“周监于二代”中的“二代”是指夏商两代；b“吾从周”指孔子尊崇周礼；c夏商政治文化已成熟；d《荀子》指出了礼乐制在维护分封制、宗法制方面的重大作用,abc,abd,bcd,acd,B,"A. abc
B. abd
C. bcd
D. acd","下一个问题是关于中国的历史。
《论语·八佾》记录孔子的话：“周监于二代，郁郁乎文哉！吾从周。”《荀子》说：“由士以上则必以礼节之。”对以上材料理解准确的是：a“周监于二代”中的“二代”是指夏商两代；b“吾从周”指孔子尊崇周礼；c夏商政治文化已成熟；d《荀子》指出了礼乐制在维护分封制、宗法制方面的重大作用
A. abc
B. abd
C. bcd
D. acd","The next question is about China's history.
The Analects of Confucius recorded Confucius' words: ""Zhou learned from the two previous dynasties, how rich in culture! I follow Zhou."" Xunzi said: ""From the scholar level up, it is necessary to govern by etiquette."" The correct understanding of the above materials is: a ""Zhou learned from the two previous dynasties"" refers to the Xia and Shang dynasties; b ""I follow Zhou"" refers to Confucius' respect for Zhou rituals; c Xia and Shang political culture has matured; d ""Xunzi"" pointed out the important role of ritual and music system in maintaining the feudal system and patriarchal system
A. abc
B. abd
C. bcd
D. acd"
370,有学者说，在中国古代的政治制度建设中，古人为我们留下了诸多的治国智慧和法则，但也留下了许多的无奈。它最大的局限在于是一个统治性政权，不是一个发展性政权，更不是一个为国民共享的服务性政权。可见中国古代所有制度设计都围绕的一个核心是,维护以“家天下”为核心的王权,维护儒家思想的正统地位,维护统一多民族国家主权,维护专制主义的中央集权制度,A,"A. 维护以“家天下”为核心的王权
B. 维护儒家思想的正统地位
C. 维护统一多民族国家主权
D. 维护专制主义的中央集权制度","下一个问题是关于中国的历史。
有学者说，在中国古代的政治制度建设中，古人为我们留下了诸多的治国智慧和法则，但也留下了许多的无奈。它最大的局限在于是一个统治性政权，不是一个发展性政权，更不是一个为国民共享的服务性政权。可见中国古代所有制度设计都围绕的一个核心是
A. 维护以“家天下”为核心的王权
B. 维护儒家思想的正统地位
C. 维护统一多民族国家主权
D. 维护专制主义的中央集权制度","The next question is about China's history.
Some scholars say that in the construction of the political system in ancient China, the ancients left us many wisdoms and rules for governing the country, but also left us many frustrations. Its biggest limitation is that it is a ruling regime, not a developmental regime, and even less a service regime shared by the people. It can be seen that the core of all the institutional designs in ancient China is 
A. Maintaining the royal power with ""family rule"" as the core
B. Maintaining the orthodox status of Confucianism
C. Maintaining the sovereignty of a unified multi-ethnic country
D. Maintaining the centralized system of autocracy"
371,明洪武二十八年规定，凡洪武二十七年以后新垦的田地，“不论多寡，俱不起科”，“若有司增科扰害者罪之”。这些措施,可以促进农产品的商品化,能鼓励垦荒,降低赋税，减轻农民负担,能有效抑制土地兼并,B,"A. 可以促进农产品的商品化
B. 能鼓励垦荒
C. 降低赋税，减轻农民负担
D. 能有效抑制土地兼并","下一个问题是关于中国的历史。
明洪武二十八年规定，凡洪武二十七年以后新垦的田地，“不论多寡，俱不起科”，“若有司增科扰害者罪之”。这些措施
A. 可以促进农产品的商品化
B. 能鼓励垦荒
C. 降低赋税，减轻农民负担
D. 能有效抑制土地兼并","The next question is about China's history.
In the 28th year of Hongwu in the Ming Dynasty, it was stipulated that all newly reclaimed land after the 27th year of Hongwu, ""regardless of the amount, will not be taxed"" and ""any official who increases taxes or disturbs others will be punished."" These measures
A. can promote the commercialization of agricultural products
B. can encourage land reclamation
C. reduce taxes and reduce the burden on farmers
D. can effectively curb land annexation"
372,明初废行省，地方分设三司，分别掌管一地民政与财政、司法、军事，直属六部。明中叶以后，皇帝临时派遣的巡抚逐渐演变为三司之上的地方最高行政长官。这一变化有助于,提高地方行政效率,缓解中央与地方的对立,削弱六部的权限,扩大地方行政权力,A,"A. 提高地方行政效率
B. 缓解中央与地方的对立
C. 削弱六部的权限
D. 扩大地方行政权力","下一个问题是关于中国的历史。
明初废行省，地方分设三司，分别掌管一地民政与财政、司法、军事，直属六部。明中叶以后，皇帝临时派遣的巡抚逐渐演变为三司之上的地方最高行政长官。这一变化有助于
A. 提高地方行政效率
B. 缓解中央与地方的对立
C. 削弱六部的权限
D. 扩大地方行政权力","The next question is about China's history.
In the early Ming Dynasty, the provinces were abolished and the local governments were divided into three departments, which were in charge of civil affairs and finance, justice, and military affairs of a place, and were directly under the six ministries. After the middle of the Ming Dynasty, the governors temporarily sent by the emperor gradually evolved into the highest local administrative officials above the three departments. This change helped
A. improve local administrative efficiency
B. ease the confrontation between the central government and local governments
C. weaken the authority of the six ministries
D. expand local administrative power"
373,唐宣宗时，韦宙出任永州刺史，见当地俚民之俗：俚民婚，出财会宾客，号“破酒”，昼夜集，多至数百人，贫者犹数十；力不足，则不迎（娶），至私奔者。韦宙出示约束，使略如（汉）礼，俗遂改。可见，韦宙,反对俚民举办婚宴,提倡婚俗完全汉化,反对婚礼大肆操办,认可俚民不迎私奔,C,"A. 反对俚民举办婚宴
B. 提倡婚俗完全汉化
C. 反对婚礼大肆操办
D. 认可俚民不迎私奔","下一个问题是关于中国的历史。
唐宣宗时，韦宙出任永州刺史，见当地俚民之俗：俚民婚，出财会宾客，号“破酒”，昼夜集，多至数百人，贫者犹数十；力不足，则不迎（娶），至私奔者。韦宙出示约束，使略如（汉）礼，俗遂改。可见，韦宙
A. 反对俚民举办婚宴
B. 提倡婚俗完全汉化
C. 反对婚礼大肆操办
D. 认可俚民不迎私奔","The next question is about China's history.
During the reign of Emperor Xuanzong of Tang, Wei Zhou was appointed governor of Yongzhou. He saw the customs of the local people: when the local people got married, they would spend money to entertain guests, which was called ""breaking wine"". They would gather day and night, with as many as hundreds of people, and the poor would only have dozens. If they were not able to afford it, they would not marry, and some would elope. Wei Zhou issued a restriction to make it more similar to the (Han) etiquette, and the custom changed. It can be seen that Wei Zhou
A. opposed the holding of wedding banquets by the local people
B. advocated the complete sinicization of wedding customs
C. opposed the extravagant wedding
D. recognized that the local people would not marry and elope"
374,近年来，随着文化市场的繁荣，各种穿越剧、抗日神剧和历史偶像剧轮番上演，一些影视作品中的雷人情节严重干扰了广大观众的正确历史观的形成，请从历史的角度看看，下面哪些影视剧中的场景是不可能发生的：a女主角欢天喜地的向康熙皇帝展示自己的无袖旗袍；b 中共地下党员在地铁站里向同伴传递日军情报；c一对年轻人身穿列宁装和布拉吉(连衣裙)，唱着欢快的苏联歌曲去剧院看“样板戏”；d 一位刚来深圳打工的年轻人从广播里得知恢复高考的消息毅然辞掉工作回家复习，准备圆自己的大学梦,acd,bcd,abc,abcd,D,"A. acd
B. bcd
C. abc
D. abcd","下一个问题是关于中国的历史。
近年来，随着文化市场的繁荣，各种穿越剧、抗日神剧和历史偶像剧轮番上演，一些影视作品中的雷人情节严重干扰了广大观众的正确历史观的形成，请从历史的角度看看，下面哪些影视剧中的场景是不可能发生的：a女主角欢天喜地的向康熙皇帝展示自己的无袖旗袍；b 中共地下党员在地铁站里向同伴传递日军情报；c一对年轻人身穿列宁装和布拉吉(连衣裙)，唱着欢快的苏联歌曲去剧院看“样板戏”；d 一位刚来深圳打工的年轻人从广播里得知恢复高考的消息毅然辞掉工作回家复习，准备圆自己的大学梦
A. acd
B. bcd
C. abc
D. abcd","The next question is about China's history.
In recent years, with the prosperity of the cultural market, various time-travel dramas, anti-Japanese dramas and historical idol dramas have been staged one after another. The outrageous plots in some film and television works have seriously interfered with the formation of the correct historical view of the general audience. Please look at the following scenes in film and television dramas from a historical perspective. It is impossible to happen: a. The heroine happily shows her sleeveless cheongsam to Emperor Kangxi; b. The underground members of the Communist Party of China pass on Japanese military intelligence to their companions in the subway station; c. A pair of young people wearing Lenin suits and bragi (dresses), singing cheerful Soviet songs to the theater to watch ""model operas""; d. A young man who just came to Shenzhen to work learned from the radio that the college entrance examination was resumed and resolutely quit his job to go home to review, ready to realize his college dream
A. acd
B. bcd
C. abc
D. abcd"
375,抗战爆发后，国民党内一部分人认为“中国武器不如人，战必败，再战必亡”；还有一部分人寄希望于外部干涉，认为“只要坚持打三个月，国际局势一定会发生变化”。在中国共产党内，也有少数人对战争的长期性和艰苦性缺乏准确判断和精神准备。为此，毛泽东发表了,《论持久战》,《论联合政府》,《对日寇的最后一战》,《关于正确处理人民内部矛盾的问题》,A,"A. 《论持久战》
B. 《论联合政府》
C. 《对日寇的最后一战》
D. 《关于正确处理人民内部矛盾的问题》","下一个问题是关于中国的历史。
抗战爆发后，国民党内一部分人认为“中国武器不如人，战必败，再战必亡”；还有一部分人寄希望于外部干涉，认为“只要坚持打三个月，国际局势一定会发生变化”。在中国共产党内，也有少数人对战争的长期性和艰苦性缺乏准确判断和精神准备。为此，毛泽东发表了
A. 《论持久战》
B. 《论联合政府》
C. 《对日寇的最后一战》
D. 《关于正确处理人民内部矛盾的问题》","The next question is about China's history.
After the outbreak of the Anti-Japanese War, some people in the Kuomintang believed that ""China's weapons are inferior to others, and it will lose the war and perish if it fights again""; some people put their hopes on external interference, believing that ""as long as we persist in fighting for three months, the international situation will definitely change."" There are also a few people in the Communist Party of China who lack accurate judgment and mental preparation for the long-term and arduous nature of the war. For this reason, Mao Zedong published
A. ""On Protracted War""
B. ""On the United Government""
C. ""The Last Battle against the Japanese Invaders""
D. ""On the Correct Handling of Contradictions Among the People"""
376,科技创新在引领发展、建设创新型国家中发挥着重要作用。下列中国重大科技成就的取得，是在社会主义现代化建设新时期的是,第一颗氢弹爆炸成功,第一颗原子弹爆炸成功,“蛟龙号”载人深潜器研制成功,第一颗人造地球卫星发射成功,C,"A. 第一颗氢弹爆炸成功
B. 第一颗原子弹爆炸成功
C. “蛟龙号”载人深潜器研制成功
D. 第一颗人造地球卫星发射成功","下一个问题是关于中国的历史。
科技创新在引领发展、建设创新型国家中发挥着重要作用。下列中国重大科技成就的取得，是在社会主义现代化建设新时期的是
A. 第一颗氢弹爆炸成功
B. 第一颗原子弹爆炸成功
C. “蛟龙号”载人深潜器研制成功
D. 第一颗人造地球卫星发射成功","The next question is about China's history.
Scientific and technological innovation plays an important role in leading development and building an innovative country. The following major scientific and technological achievements of China were made in the new era of socialist modernization.
A. The first hydrogen bomb was successfully detonated
B. The first atomic bomb was successfully detonated
C. The ""Jiaolong"" manned submersible was successfully developed
D. The first artificial earth satellite was successfully launched"
377,福建各地族谱中大量关于入台族裔回乡请祖先牌位赴台的记载，此类现象在清乾隆年间骤然增多，这说明乾隆年间,族谱编修顺应了移民的需求,大量移民已在台湾安居繁衍,内地宗族开始整体迁移台湾,两岸居民正常往来受到阻碍,B,"A. 族谱编修顺应了移民的需求
B. 大量移民已在台湾安居繁衍
C. 内地宗族开始整体迁移台湾
D. 两岸居民正常往来受到阻碍","下一个问题是关于中国的历史。
福建各地族谱中大量关于入台族裔回乡请祖先牌位赴台的记载，此类现象在清乾隆年间骤然增多，这说明乾隆年间
A. 族谱编修顺应了移民的需求
B. 大量移民已在台湾安居繁衍
C. 内地宗族开始整体迁移台湾
D. 两岸居民正常往来受到阻碍","The next question is about China's history.
There are many records in the genealogies of various places in Fujian about the ethnic groups who came to Taiwan and asked for the ancestral tablets to go to Taiwan. This phenomenon increased suddenly during the Qianlong period of the Qing Dynasty. This shows that during the Qianlong period
A. The compilation of genealogies complied with the needs of immigrants
B. A large number of immigrants have settled and multiplied in Taiwan
C. The mainland clans began to migrate to Taiwan as a whole
D. The normal exchanges between residents on both sides of the strait were hindered"
378,十月革命后，孙中山一面强调“以俄为师”，一面强调“不可学俄人之焦头烂额也”。据此可知孙中山主张,借鉴代议制度，摒弃党国体制,发展私人资本，预防国家资本垄断,推行土地革命，实现“耕者有其田”,学习苏俄革命精神，不采用苏维埃制度,D,"A. 借鉴代议制度，摒弃党国体制
B. 发展私人资本，预防国家资本垄断
C. 推行土地革命，实现“耕者有其田”
D. 学习苏俄革命精神，不采用苏维埃制度","下一个问题是关于中国的历史。
十月革命后，孙中山一面强调“以俄为师”，一面强调“不可学俄人之焦头烂额也”。据此可知孙中山主张
A. 借鉴代议制度，摒弃党国体制
B. 发展私人资本，预防国家资本垄断
C. 推行土地革命，实现“耕者有其田”
D. 学习苏俄革命精神，不采用苏维埃制度","The next question is about China's history.
After the October Revolution, Sun Yat-sen emphasized ""learning from Russia"" and ""not learning from the Russians' frustrations"". Based on this, we can know that Sun Yat-sen advocated
A. Learn from the representative system and abandon the party-state system
B. Develop private capital and prevent state capital monopoly
C. Promote land revolution and realize ""land to the tiller""
D. Learn from the revolutionary spirit of the Soviet Union and do not adopt the Soviet system"
379,清政府鉴于边疆地区与中原之间、边疆各地区之间历史文化传统均有较大差异，因此采取“修其教不易其俗，齐其政不易其宜”的政策。这反映出清朝治理边疆的基本政策是,军事控制,因地制宜,招抚授官,扩大贸易,B,"A. 军事控制
B. 因地制宜
C. 招抚授官
D. 扩大贸易","下一个问题是关于中国的历史。
清政府鉴于边疆地区与中原之间、边疆各地区之间历史文化传统均有较大差异，因此采取“修其教不易其俗，齐其政不易其宜”的政策。这反映出清朝治理边疆的基本政策是
A. 军事控制
B. 因地制宜
C. 招抚授官
D. 扩大贸易","The next question is about China's history.
In view of the great differences in historical and cultural traditions between the border areas and the Central Plains, and between the border areas, the Qing government adopted the policy of ""improving their teachings without changing their customs, and unifying their politics without changing their suitability"". This reflects that the basic policy of the Qing Dynasty in governing the border areas was 
A. Military control
B. Adapting to local conditions
C. Recruiting officials
D. Expanding trade"
380,欧阳昱的《见闻琐录》记载：“当茶出时，众夷来买，商定而后答价，丝毫不能增。……而夷人阴谋幻诈之心，尤为甚焉者。茶有二三春，近日茶商多逡巡不前，夷见头春茶至者少，由故倍其值以买之……”此段材料不能说明,中国茶叶大量销往国外,中国农副产品日益商品化,外商操纵中国茶叶的价格,民族资本主义受到外商抑制,D,"A. 中国茶叶大量销往国外
B. 中国农副产品日益商品化
C. 外商操纵中国茶叶的价格
D. 民族资本主义受到外商抑制","下一个问题是关于中国的历史。
欧阳昱的《见闻琐录》记载：“当茶出时，众夷来买，商定而后答价，丝毫不能增。……而夷人阴谋幻诈之心，尤为甚焉者。茶有二三春，近日茶商多逡巡不前，夷见头春茶至者少，由故倍其值以买之……”此段材料不能说明
A. 中国茶叶大量销往国外
B. 中国农副产品日益商品化
C. 外商操纵中国茶叶的价格
D. 民族资本主义受到外商抑制","The next question is about China's history.
Ouyang Yu's ""Miscellaneous Records of Observations and Hearings"" records: ""When tea is released, many foreigners come to buy it. The price is agreed upon and cannot be increased at all. ... The foreigners are particularly scheming and deceitful. Tea has two or three springs. Recently, many tea merchants are hesitant. The foreigners see that there are few first-spring teas, so they buy it at double the price..."" This paragraph of material cannot explain
A. China's tea is sold abroad in large quantities
B. China's agricultural and sideline products are increasingly commercialized
C. Foreign merchants manipulate the price of Chinese tea
D. National capitalism is suppressed by foreign merchants"
381,1895年，一位中国外交官对当时四个欧美国家的政体分别作了如下评述，其中对德国的评述是,“君主能以事下会议而不能独断”,“上议院主用世爵，参以选举，君权仍重”,“议院主议法，政府主行法，察院主断法”,“举国听于议院，势太偏重”,B,"A. “君主能以事下会议而不能独断”
B. “上议院主用世爵，参以选举，君权仍重”
C. “议院主议法，政府主行法，察院主断法”
D. “举国听于议院，势太偏重”","下一个问题是关于中国的历史。
1895年，一位中国外交官对当时四个欧美国家的政体分别作了如下评述，其中对德国的评述是
A. “君主能以事下会议而不能独断”
B. “上议院主用世爵，参以选举，君权仍重”
C. “议院主议法，政府主行法，察院主断法”
D. “举国听于议院，势太偏重”","The next question is about China's history.
In 1895, a Chinese diplomat made the following comments on the political systems of four European and American countries at that time. Among them, the comment on Germany was
A. ""The monarch can refer matters to the meeting but cannot make decisions arbitrarily""
B. ""The House of Lords mainly uses hereditary nobles and participates in elections, and the monarch's power is still strong""
C. ""The House of Representatives is responsible for deliberating laws, the government is responsible for implementing laws, and the House of Censors is responsible for judging laws""
D. ""The whole country listens to the House of Representatives, which is too biased"""
382,春秋时期有一位思想家，他将天地万物本原归结为抽象的“道”，并指出“人法地，地法天，天法道，道法自然”，追求天人合一。该思想家是,韩非,老子,墨子,孔子,B,"A. 韩非
B. 老子
C. 墨子
D. 孔子","下一个问题是关于中国的历史。
春秋时期有一位思想家，他将天地万物本原归结为抽象的“道”，并指出“人法地，地法天，天法道，道法自然”，追求天人合一。该思想家是
A. 韩非
B. 老子
C. 墨子
D. 孔子","The next question is about China's history.
There was a thinker in the Spring and Autumn Period who attributed the origin of the universe to the abstract ""Tao"" and pointed out that ""man follows the earth, the earth follows the sky, the sky follows the Tao, and the Tao follows nature"", pursuing the unity of man and nature. The thinker is
A. Han Fei
B. Laozi
C. Mozi
D. Confucius"
383,1879年，上海租界管理当局为严守男女之大防，规定一辆人力车只能载客一名，如不遵行，便要罚钱。这一规定,为汽车拉客提供方便,严重违背了社情民意,顺应了历史发展趋势,体现新旧杂陈的现实,D,"A. 为汽车拉客提供方便
B. 严重违背了社情民意
C. 顺应了历史发展趋势
D. 体现新旧杂陈的现实","下一个问题是关于中国的历史。
1879年，上海租界管理当局为严守男女之大防，规定一辆人力车只能载客一名，如不遵行，便要罚钱。这一规定
A. 为汽车拉客提供方便
B. 严重违背了社情民意
C. 顺应了历史发展趋势
D. 体现新旧杂陈的现实","The next question is about China's history.
In 1879, the Shanghai Concession Administration stipulated that a rickshaw could only carry one passenger in order to strictly enforce gender separation. If the rickshaw did not comply, a fine would be imposed. This regulation
A. provided convenience for cars to pick up passengers
B. seriously violated social conditions and public opinion
C. conformed to the trend of historical development
D. reflected the reality of the mixture of the old and the new"
384,詹天佑《京张铁路工程纪略》自序：张家口距京师驿路计四百余里，既属重镇，又当孔通，不但互市之要区，实亦西北之屏藩……以此项路工实关大局……由此推断，京张铁路的修筑,使中国出现铁路建设的一个高潮,推动了交通的近代化进程,有利于促进经济交流与巩固边防,遭到封建顽固势力的反对,C,"A. 使中国出现铁路建设的一个高潮
B. 推动了交通的近代化进程
C. 有利于促进经济交流与巩固边防
D. 遭到封建顽固势力的反对","下一个问题是关于中国的历史。
詹天佑《京张铁路工程纪略》自序：张家口距京师驿路计四百余里，既属重镇，又当孔通，不但互市之要区，实亦西北之屏藩……以此项路工实关大局……由此推断，京张铁路的修筑
A. 使中国出现铁路建设的一个高潮
B. 推动了交通的近代化进程
C. 有利于促进经济交流与巩固边防
D. 遭到封建顽固势力的反对","The next question is about China's history.
Preface to Zhan Tianyou's ""A Brief History of the Beijing-Zhangjiakou Railway Project"": Zhangjiakou is more than 400 miles away from the capital by post road. It is not only an important town, but also a key point of communication. It is not only a key area for trade, but also a barrier to the northwest... This railway project is of great importance... It can be inferred that the construction of the Beijing-Zhangjiakou Railway
A. brought about a climax in railway construction in China
B. promoted the modernization of transportation
C. was conducive to promoting economic exchanges and consolidating border defense
D. was opposed by feudal stubborn forces"
385,研究表明，明代大商人的资本一般为白银数十万两，多者上百万两。到清代中期，大商人的资本一般在一百万两以上，甚至多达千万两。这表明清代中期,白银开始成为流通货币,商业活动的规模进一步扩大,重农抑商政策明显松弛,商人的地位发生根本性改变,B,"A. 白银开始成为流通货币
B. 商业活动的规模进一步扩大
C. 重农抑商政策明显松弛
D. 商人的地位发生根本性改变","下一个问题是关于中国的历史。
研究表明，明代大商人的资本一般为白银数十万两，多者上百万两。到清代中期，大商人的资本一般在一百万两以上，甚至多达千万两。这表明清代中期
A. 白银开始成为流通货币
B. 商业活动的规模进一步扩大
C. 重农抑商政策明显松弛
D. 商人的地位发生根本性改变","The next question is about China's history.
Research shows that the capital of big merchants in the Ming Dynasty was generally hundreds of thousands of taels of silver, and some even had millions of taels. By the middle of the Qing Dynasty, the capital of big merchants was generally more than one million taels, and even as much as 10 million taels. This shows that in the middle of the Qing Dynasty
A. Silver began to become a circulating currency
B. The scale of commercial activities further expanded
C. The policy of emphasizing agriculture and suppressing commerce was significantly relaxed
D. The status of merchants changed fundamentally"
386,“如果基督教国家参与镇压这场运动将是很悲哀的，因为起义者们抱着一种争取进步的激情和作全面改革的意向……目前显得较可取的惟一政策……避免与内战双方发生任何政府层面的瓜葛。”这则材料反映出,北伐战争时期英国奉行中立政策,义和团运动兴起后英国避免介入,辛亥革命时期英国采用外交孤立政策,太平天国运动初期英国采取中立政策,D,"A. 北伐战争时期英国奉行中立政策
B. 义和团运动兴起后英国避免介入
C. 辛亥革命时期英国采用外交孤立政策
D. 太平天国运动初期英国采取中立政策","下一个问题是关于中国的历史。
“如果基督教国家参与镇压这场运动将是很悲哀的，因为起义者们抱着一种争取进步的激情和作全面改革的意向……目前显得较可取的惟一政策……避免与内战双方发生任何政府层面的瓜葛。”这则材料反映出
A. 北伐战争时期英国奉行中立政策
B. 义和团运动兴起后英国避免介入
C. 辛亥革命时期英国采用外交孤立政策
D. 太平天国运动初期英国采取中立政策","The next question is about China's history.
""It would be tragic if Christian countries participated in suppressing this movement, because the rebels were motivated by a passion for progress and a desire for comprehensive reform... The only policy that seems more desirable at the moment is... to avoid any government involvement with either side of the civil war."" This material reflects
A. Britain pursued a policy of neutrality during the Northern Expedition
B. Britain avoided intervention after the Boxer Rebellion
C. Britain adopted a policy of diplomatic isolation during the Xinhai Revolution
D. Britain adopted a policy of neutrality in the early days of the Taiping Rebellion"
387,在今新疆和甘肃地区保存的佛教早期造像很多衣衫单薄，甚至裸身，面部表情生动；时代较晚的洛阳龙门石窟中，造像大都表情庄严，服饰亦趋整齐。引起这一变化的主要因素是,经济发展水平,绘画技术进步,儒家思想影响,政治权力干预,C,"A. 经济发展水平
B. 绘画技术进步
C. 儒家思想影响
D. 政治权力干预","下一个问题是关于中国的历史。
在今新疆和甘肃地区保存的佛教早期造像很多衣衫单薄，甚至裸身，面部表情生动；时代较晚的洛阳龙门石窟中，造像大都表情庄严，服饰亦趋整齐。引起这一变化的主要因素是
A. 经济发展水平
B. 绘画技术进步
C. 儒家思想影响
D. 政治权力干预","The next question is about China's history.
Many of the early Buddhist statues preserved in Xinjiang and Gansu are thinly clothed, even naked, with vivid facial expressions; in the later Longmen Grottoes in Luoyang, most of the statues have solemn expressions and neat clothing. The main factors causing this change are 
A. Economic development level 
B. Advances in painting technology 
C. Influence of Confucianism 
D. Political power intervention"
388,自1962年世界上第一个机器人研制成功至今。机器人的发展经历丁三代。印操纵型机器人、自动型机器人和智能型机器人。机器人的使用,推动了经济全球化进程,体现了科学技术的综合运用,促进了经济持续繁荣,缓解了人口压力,B,"A. 推动了经济全球化进程
B. 体现了科学技术的综合运用
C. 促进了经济持续繁荣
D. 缓解了人口压力","下一个问题是关于中国的历史。
自1962年世界上第一个机器人研制成功至今。机器人的发展经历丁三代。印操纵型机器人、自动型机器人和智能型机器人。机器人的使用
A. 推动了经济全球化进程
B. 体现了科学技术的综合运用
C. 促进了经济持续繁荣
D. 缓解了人口压力","The next question is about China's history.
Since the first robot was successfully developed in 1962, the development of robots has gone through three generations. There are three types of robots: manipulative robots, automatic robots and intelligent robots. The use of robots
A. Promoted the process of economic globalization
B. Reflected the comprehensive application of science and technology
C. Promoted sustained economic prosperity
D. Relieved population pressure"
389,1952年我国高校进行院系调整，如调整后的天津大学下设土木建筑、电信、机械等7个工科系、20个专业和13个专修科，从综合大学转变为多科性工业大学。这种调整主要是为了,推动天津经济建设发展,促进国民经济的恢复,培养经济建设专门人才,提升国民的科技素养,C,"A. 推动天津经济建设发展
B. 促进国民经济的恢复
C. 培养经济建设专门人才
D. 提升国民的科技素养","下一个问题是关于中国的历史。
1952年我国高校进行院系调整，如调整后的天津大学下设土木建筑、电信、机械等7个工科系、20个专业和13个专修科，从综合大学转变为多科性工业大学。这种调整主要是为了
A. 推动天津经济建设发展
B. 促进国民经济的恢复
C. 培养经济建设专门人才
D. 提升国民的科技素养","The next question is about China's history.
In 1952, my country's colleges and universities adjusted their departments. For example, after the adjustment, Tianjin University had 7 engineering departments, including civil engineering, telecommunications, and machinery, 20 majors, and 13 specialized courses, transforming from a comprehensive university to a multidisciplinary industrial university. This adjustment was mainly to
A. Promote the development of Tianjin's economic construction
B. Promote the recovery of the national economy
C. Cultivate specialized talents for economic construction
D. Improve the scientific and technological literacy of the people"
390,1921年中共“一大”上通过的《中国共产党纲领》（英文译稿）中规定：“以无产阶级革命军队推翻资产阶级，由劳动阶级重建国家，直至消灭阶级差别；……废除资本私有制，没收一切生产资料，如机器、土地、厂房、半成品等，归社会所有。”对上述材料的解读，不正确的是,中共缺乏对中国国情的正确认识,中共以反帝反封建为主要任务,党纲通过宣告中国共产党的诞生,中国共产党是新型的革命政党,B,"A. 中共缺乏对中国国情的正确认识
B. 中共以反帝反封建为主要任务
C. 党纲通过宣告中国共产党的诞生
D. 中国共产党是新型的革命政党","下一个问题是关于中国的历史。
1921年中共“一大”上通过的《中国共产党纲领》（英文译稿）中规定：“以无产阶级革命军队推翻资产阶级，由劳动阶级重建国家，直至消灭阶级差别；……废除资本私有制，没收一切生产资料，如机器、土地、厂房、半成品等，归社会所有。”对上述材料的解读，不正确的是
A. 中共缺乏对中国国情的正确认识
B. 中共以反帝反封建为主要任务
C. 党纲通过宣告中国共产党的诞生
D. 中国共产党是新型的革命政党","The next question is about China's history.
The ""Program of the Communist Party of China"" (English translation) adopted at the First National Congress of the Communist Party of China in 1921 stipulates: ""The proletarian revolutionary army will overthrow the bourgeoisie, and the working class will rebuild the country until class differences are eliminated; ... abolish private ownership of capital, confiscate all means of production, such as machines, land, factories, semi-finished products, etc., and return them to society."" The incorrect interpretation of the above material is
A. The Communist Party of China lacks a correct understanding of China's national conditions
B. The Communist Party of China takes anti-imperialism and anti-feudalism as its main tasks
C. The adoption of the party program announced the birth of the Communist Party of China
D. The Communist Party of China is a new type of revolutionary party"
391,1898年，梁启超等联合百余举人上书，请废八股取士之制。参加会试的近万名举人，“闻启超等此举，嫉之如不共戴天之仇，遍播谣言，几被殴击”。这一事件的发生表明,新旧学之间矛盾不可调和,知识分子在政治上极为保守,改制缺乏广泛的社会基础,废八股断送读书人政治前途,C,"A. 新旧学之间矛盾不可调和
B. 知识分子在政治上极为保守
C. 改制缺乏广泛的社会基础
D. 废八股断送读书人政治前途","下一个问题是关于中国的历史。
1898年，梁启超等联合百余举人上书，请废八股取士之制。参加会试的近万名举人，“闻启超等此举，嫉之如不共戴天之仇，遍播谣言，几被殴击”。这一事件的发生表明
A. 新旧学之间矛盾不可调和
B. 知识分子在政治上极为保守
C. 改制缺乏广泛的社会基础
D. 废八股断送读书人政治前途","The next question is about China's history.
In 1898, Liang Qichao and more than 100 candidates jointly petitioned to abolish the eight-legged essay system for selecting scholars. Nearly 10,000 candidates who participated in the imperial examination ""heard of Qichao's move, and were jealous of it like an irreconcilable enemy, spread rumors, and were almost beaten."" This incident shows that
A. The contradiction between the new and old schools of thought is irreconcilable
B. Intellectuals are extremely conservative in politics
C. The reform lacks a broad social foundation
D. Abolishing the eight-legged essay ruined the political future of scholars"
392,某学者评唐朝三省制时指出:“凡未加盖‘中书门下之印，未经政事堂议决副署，而由皇帝直接发出的命令，在当时是被认为违制的，不能为下属机关所承认。冶这里所谓“违制”的论断，主要指皇帝背离了,尚书省负责执行诏令的定制,门下省执掌诏令草拟的职能,诏令须由政事堂议决的制度,中书省监察地方政务的惯例,C,"A. 尚书省负责执行诏令的定制
B. 门下省执掌诏令草拟的职能
C. 诏令须由政事堂议决的制度
D. 中书省监察地方政务的惯例","下一个问题是关于中国的历史。
某学者评唐朝三省制时指出:“凡未加盖‘中书门下之印，未经政事堂议决副署，而由皇帝直接发出的命令，在当时是被认为违制的，不能为下属机关所承认。冶这里所谓“违制”的论断，主要指皇帝背离了
A. 尚书省负责执行诏令的定制
B. 门下省执掌诏令草拟的职能
C. 诏令须由政事堂议决的制度
D. 中书省监察地方政务的惯例","The next question is about China's history.
A scholar commented on the three-province system of the Tang Dynasty and pointed out: ""Any order issued directly by the emperor without the seal of the 'Zhongshu Menxia' and the signature of the Zhengshitang was considered to be against the rules at that time and could not be recognized by the subordinate agencies. The so-called ""violation of the rules"" here mainly refers to the emperor's deviation from
A. The Shangshu Province is responsible for executing the imperial edict
B. The Menxia Province is responsible for drafting the imperial edict
C. The system that the imperial edict must be decided by the Zhengshitang
D. The Zhongshu Province supervises the local government affairs"
393,“走向世界丛书”于20世纪80年代开始出版，所收著作记录了近代国人亲历西方的见闻感言，如容闳的《西学东渐记》、康有为的《欧洲十一国游记》等，反响极大。该丛书的出版：a 展现了近代国人走出国门、了解世界的历程；b 改变了近代中国闭关锁国、盲目自大的局面；c 为中国改革开放、融入世界提供了历史借鉴；d 开创了中国独立自主的和平外交新局面,ab,bd,bc,ac,D,"A. ab
B. bd
C. bc
D. ac","下一个问题是关于中国的历史。
“走向世界丛书”于20世纪80年代开始出版，所收著作记录了近代国人亲历西方的见闻感言，如容闳的《西学东渐记》、康有为的《欧洲十一国游记》等，反响极大。该丛书的出版：a 展现了近代国人走出国门、了解世界的历程；b 改变了近代中国闭关锁国、盲目自大的局面；c 为中国改革开放、融入世界提供了历史借鉴；d 开创了中国独立自主的和平外交新局面
A. ab
B. bd
C. bc
D. ac","The next question is about China's history.
The ""Going to the World Series"" began to be published in the 1980s. The works collected recorded the experiences and feelings of modern Chinese people in the West, such as Yung Wing's ""The Spread of Western Learning to the East"" and Kang Youwei's ""Travels in Eleven European Countries"", which received great response. The publication of this series: a shows the process of modern Chinese people going abroad and understanding the world; b changed the situation of modern China's isolation and blind arrogance; c provided historical reference for China's reform and opening up and integration into the world; d created a new situation of China's independent and peaceful diplomacy
A. ab
B. bd
C. bc
D. ac"
394,19世纪六七十年代，外国人将自己的名字租借给中国人经办新式企业的做法，在通商口岸较为盛行。这一做法,加剧了外国资本对中国的输入,有利于中国新的社会阶层发展,导致民间设厂高潮局面的出现,扭转了中国对外贸易入超局面,B,"A. 加剧了外国资本对中国的输入
B. 有利于中国新的社会阶层发展
C. 导致民间设厂高潮局面的出现
D. 扭转了中国对外贸易入超局面","下一个问题是关于中国的历史。
19世纪六七十年代，外国人将自己的名字租借给中国人经办新式企业的做法，在通商口岸较为盛行。这一做法
A. 加剧了外国资本对中国的输入
B. 有利于中国新的社会阶层发展
C. 导致民间设厂高潮局面的出现
D. 扭转了中国对外贸易入超局面","The next question is about China's history.
In the 1860s and 1970s, the practice of foreigners renting their names to Chinese to run new enterprises was quite popular in the trading ports. This practice
A. increased the inflow of foreign capital into China
B. was conducive to the development of new social classes in China
C. led to the emergence of a high tide of private factory establishment
D. reversed China's foreign trade deficit"
395,一位学者评价说:“当时知识分子不但没有全盘反传统，而且使不少被尘封或淹没了的传统重现光芒。例如，不登大雅之堂的白话小说，成了中国文学史的重要内容;作为传统文化的民间文学，第一次真正进入了大学的学术殿堂。”这一观点认为新文化运动,反对旧道德崇尚现代文化,混淆了先进与落后的界限,充分肯定了文言文的价值,存在对旧文化的传承与创新,D,"A. 反对旧道德崇尚现代文化
B. 混淆了先进与落后的界限
C. 充分肯定了文言文的价值
D. 存在对旧文化的传承与创新","下一个问题是关于中国的历史。
一位学者评价说:“当时知识分子不但没有全盘反传统，而且使不少被尘封或淹没了的传统重现光芒。例如，不登大雅之堂的白话小说，成了中国文学史的重要内容;作为传统文化的民间文学，第一次真正进入了大学的学术殿堂。”这一观点认为新文化运动
A. 反对旧道德崇尚现代文化
B. 混淆了先进与落后的界限
C. 充分肯定了文言文的价值
D. 存在对旧文化的传承与创新","The next question is about China's history.
A scholar commented: ""At that time, intellectuals not only did not completely oppose tradition, but also made many dusty or submerged traditions shine again. For example, vernacular novels, which were not worthy of being published, became an important part of Chinese literary history; folk literature, as a traditional culture, truly entered the academic halls of universities for the first time."" This view believes that the New Culture Movement
A. opposed old morality and advocated modern culture
B. confused the boundaries between advanced and backward
C. fully affirmed the value of classical Chinese
D. existed in the inheritance and innovation of old culture"
396,20世纪50年代，中国提出和平共处五项原则，参加日内瓦会议和万隆会议并取得成功。这些成就,反映了中美关系从对抗走向缓和,实现了不结盟外交的政策转变,体现了外交政策的独立自主精神,消除了意识形态对外交的影响,C,"A. 反映了中美关系从对抗走向缓和
B. 实现了不结盟外交的政策转变
C. 体现了外交政策的独立自主精神
D. 消除了意识形态对外交的影响","下一个问题是关于中国的历史。
20世纪50年代，中国提出和平共处五项原则，参加日内瓦会议和万隆会议并取得成功。这些成就
A. 反映了中美关系从对抗走向缓和
B. 实现了不结盟外交的政策转变
C. 体现了外交政策的独立自主精神
D. 消除了意识形态对外交的影响","The next question is about China's history.
In the 1950s, China proposed the Five Principles of Peaceful Coexistence and participated in the Geneva Conference and the Bandung Conference and achieved success. These achievements
A. Reflected the transition of Sino-US relations from confrontation to relaxation
B. Achieved a policy shift in non-aligned diplomacy
C. Reflected the independent spirit of foreign policy
D. Eliminated the influence of ideology on diplomacy"
397,“高产卫星”是“大跃进”时期常用词。有人以《人民日报》为例做统计，“高产卫星”一词1957年未有文章使用，1958年共85篇，1959年共15篇，而1960年只有1篇，并且还是“陕西长安县的一个学习组说1958年种的‘三亩六分高产卫星田’不尊重‘庄稼生长的规律’了”，下列对“大跃进”的准确认识有：a “大跃进”只在农业领域展开；b “高产卫星”折射“大跃进”浮夸盛行；c 1958年“大跃进”快速推进；d 1960年基层队“大跃进”有所反思,abd,abc,bcd,acd,C,"A. abd
B. abc
C. bcd
D. acd","下一个问题是关于中国的历史。
“高产卫星”是“大跃进”时期常用词。有人以《人民日报》为例做统计，“高产卫星”一词1957年未有文章使用，1958年共85篇，1959年共15篇，而1960年只有1篇，并且还是“陕西长安县的一个学习组说1958年种的‘三亩六分高产卫星田’不尊重‘庄稼生长的规律’了”，下列对“大跃进”的准确认识有：a “大跃进”只在农业领域展开；b “高产卫星”折射“大跃进”浮夸盛行；c 1958年“大跃进”快速推进；d 1960年基层队“大跃进”有所反思
A. abd
B. abc
C. bcd
D. acd","The next question is about China's history.
""High-yield satellite"" was a common term during the ""Great Leap Forward"". Some people use the People's Daily as an example to make statistics. The term ""high-yield satellite"" was not used in any article in 1957, 85 articles in 1958, 15 articles in 1959, and only one article in 1960. And it was ""A study group in Chang'an County, Shaanxi Province said that the 'three mu and six fen high-yield satellite field' planted in 1958 did not respect the 'law of crop growth'"". The following are accurate understandings of the ""Great Leap Forward"": a ""Great Leap Forward"" was only carried out in the agricultural field; b ""High-yield satellite"" reflects the prevalence of exaggeration in the ""Great Leap Forward""; c ""Great Leap Forward"" was rapidly promoted in 1958; d ""Great Leap Forward"" was reflected in the grassroots team in 1960
A. abd
B. abc
C. bcd
D. acd"
398,“根据它用某国文字发行的份数，不仅可以相当准确地判断该国工人运动的状况，而且可以相当准确地判断该国大工业发展的程度。”这句话中的“它”指的是,《大抗议书,《人权宣言》,《四月提纲》,《共产党宣言》,D,"A. 《大抗议书
B. 《人权宣言》
C. 《四月提纲》
D. 《共产党宣言》","下一个问题是关于中国的历史。
“根据它用某国文字发行的份数，不仅可以相当准确地判断该国工人运动的状况，而且可以相当准确地判断该国大工业发展的程度。”这句话中的“它”指的是
A. 《大抗议书
B. 《人权宣言》
C. 《四月提纲》
D. 《共产党宣言》","The next question is about China's history.
""Based on the number of copies of it published in a particular language, one can fairly accurately judge not only the state of the workers' movement in that country, but also the degree of development of large-scale industry in that country."" The ""it"" in this sentence refers to
A. ""The Great Protest""
B. ""The Declaration of the Rights of Man""
C. ""April Theses""
D. ""The Communist Manifesto"""
399,20世纪20年代，上海成为中国电影的制作中心，当时在上海放映的各种影片中，外国片与国产片比例约为2∶1；而在北京和天津，这一比例高达5∶1甚至6∶1。上海与京津放映中外电影比例不同，能够说明这一现象的应是,上海民众的社会心态更为开放,外国电影的制作水平较高,中国电影拷贝流通税费重,京津民众对外来事物更具热情,C,"A. 上海民众的社会心态更为开放
B. 外国电影的制作水平较高
C. 中国电影拷贝流通税费重
D. 京津民众对外来事物更具热情","下一个问题是关于中国的历史。
20世纪20年代，上海成为中国电影的制作中心，当时在上海放映的各种影片中，外国片与国产片比例约为2∶1；而在北京和天津，这一比例高达5∶1甚至6∶1。上海与京津放映中外电影比例不同，能够说明这一现象的应是
A. 上海民众的社会心态更为开放
B. 外国电影的制作水平较高
C. 中国电影拷贝流通税费重
D. 京津民众对外来事物更具热情","The next question is about China's history.
In the 1920s, Shanghai became the production center of Chinese films. Among the various films screened in Shanghai at that time, the ratio of foreign films to domestic films was about 2:1; in Beijing and Tianjin, the ratio was as high as 5:1 or even 6:1. The different ratios of Chinese and foreign films screened in Shanghai and Beijing and Tianjin can be explained by the following:
A. The social mentality of Shanghai people is more open
B. The production level of foreign films is higher
C. The circulation tax of Chinese film copies is heavy
D. The people of Beijing and Tianjin are more enthusiastic about foreign things"
400,直到1917年初，《新青年》在答读者问时还这样写道：“社会主义，理想甚高，学派亦甚复杂。惟是说之兴，中国似可缓于欧洲，因产业未兴、兼并未盛行也。”《新青年》之所以这样回答，主要是因为,社会主义理论学派复杂学.科网,尚未看到社会主义实践成果,对社会主义持怀疑态度,中国经济落后于欧洲,B,"A. 社会主义理论学派复杂学.科网
B. 尚未看到社会主义实践成果
C. 对社会主义持怀疑态度
D. 中国经济落后于欧洲","下一个问题是关于中国的历史。
直到1917年初，《新青年》在答读者问时还这样写道：“社会主义，理想甚高，学派亦甚复杂。惟是说之兴，中国似可缓于欧洲，因产业未兴、兼并未盛行也。”《新青年》之所以这样回答，主要是因为
A. 社会主义理论学派复杂学.科网
B. 尚未看到社会主义实践成果
C. 对社会主义持怀疑态度
D. 中国经济落后于欧洲","The next question is about China's history.
Until early 1917, New Youth wrote in response to readers’ questions: “Socialism has high ideals and complex schools of thought. However, the rise of this theory in China seems to be slower than in Europe, because industry has not yet flourished and mergers have not yet become popular.” The reason why New Youth answered this way is mainly because
A. The schools of socialist theory are complex. Science and technology network
B. The results of socialist practice have not yet been seen
C. They are skeptical of socialism
D. China’s economy lags behind Europe"
401,邓贤在《决定中国命运的700天》一书中这样描述：“(强渡黄泛区以后)最惊险的一幕发生在淮河岸边。渡口没有船，也没有桥，河水又深又急难以徒涉，尾随的追兵已经赶来，后卫阻击战全面爆发。紧急之中，司令员刘伯承亲自夜探淮河，经过寻访竟然找到一处当地人过河的浅滩，为大军开辟一条生路。”这段描述所反映的历史事件,取得了渡江战役的决定性胜利,基本消灭了国民党军队的主力,赢得了近百年来第一次反侵略斗争的胜利xkb,揭开了人民解放军战略反攻的序幕,D,"A. 取得了渡江战役的决定性胜利
B. 基本消灭了国民党军队的主力
C. 赢得了近百年来第一次反侵略斗争的胜利xkb
D. 揭开了人民解放军战略反攻的序幕","下一个问题是关于中国的历史。
邓贤在《决定中国命运的700天》一书中这样描述：“(强渡黄泛区以后)最惊险的一幕发生在淮河岸边。渡口没有船，也没有桥，河水又深又急难以徒涉，尾随的追兵已经赶来，后卫阻击战全面爆发。紧急之中，司令员刘伯承亲自夜探淮河，经过寻访竟然找到一处当地人过河的浅滩，为大军开辟一条生路。”这段描述所反映的历史事件
A. 取得了渡江战役的决定性胜利
B. 基本消灭了国民党军队的主力
C. 赢得了近百年来第一次反侵略斗争的胜利xkb
D. 揭开了人民解放军战略反攻的序幕","The next question is about China's history.
Deng Xian described it in the book ""700 Days That Decided China's Fate"" as follows: ""(After crossing the Yellow River flood area) the most thrilling scene occurred on the bank of the Huai River. There were no boats or bridges at the ferry, and the river was too deep and fast to wade. The pursuers had already arrived, and the rearguard blocking battle broke out. In an emergency, Commander Liu Bocheng personally explored the Huai River at night. After searching, he actually found a shallow ford where local people crossed the river, opening up a way out for the army."" The historical event reflected in this description
A. A decisive victory was achieved in the Battle of Crossing the River
B. The main force of the Kuomintang army was basically eliminated
C. The first victory in the anti-aggression struggle in nearly a hundred years was wonxkb
D. The prelude to the strategic counterattack of the People's Liberation Army"
402,定州在中国古代史上占有重要地位。下列关于定州的表述，正确的是：a秦汉始置州；b唐代私营绞织作坊兴起；c宋代以制瓷业闻名天下；d元代为中书省辖地,acd,abd,bcd,abc,C,"A. acd
B. abd
C. bcd
D. abc","下一个问题是关于中国的历史。
定州在中国古代史上占有重要地位。下列关于定州的表述，正确的是：a秦汉始置州；b唐代私营绞织作坊兴起；c宋代以制瓷业闻名天下；d元代为中书省辖地
A. acd
B. abd
C. bcd
D. abc","The next question is about China's history.
Dingzhou occupies an important position in ancient Chinese history. Which of the following statements about Dingzhou is correct: a The state was first established in the Qin and Han Dynasties; b Private weaving workshops emerged in the Tang Dynasty; c The Song Dynasty was famous for its porcelain industry; d The Yuan Dynasty was under the jurisdiction of the Secretariat
A. acd
B. abd
C. bcd
D. abc"
403,在人类文明史上，许多思想家对后世产生影响常常是通过教育的途径。下列思想家中通过私学培养人才的有：a孔子；b韩非；c朱熹；d亚里士多德,acd,abc,bcd,abd,A,"A. acd
B. abc
C. bcd
D. abd","下一个问题是关于中国的历史。
在人类文明史上，许多思想家对后世产生影响常常是通过教育的途径。下列思想家中通过私学培养人才的有：a孔子；b韩非；c朱熹；d亚里士多德
A. acd
B. abc
C. bcd
D. abd","The next question is about China's history.
In the history of human civilization, many thinkers often influenced later generations through education. Among the following thinkers, those who cultivated talents through private education include: a. Confucius; b. Han Fei; c. Zhu Xi; d. Aristotle
A. acd
B. abc
C. bcd
D. abd"
404,1898年，一份英文报纸报道：光绪皇帝已经遇害，“太后现在正维持着光绪名义上统治的滑稽剧，一到适当的时候，便公开宣布他的死讯”。这则报道可以用来说明当时,清政府加强排外活动力度,君主立宪受到社会的广泛支持,部分西方人赞同变法活动,列强寻找干涉中国内政的借口,C,"A. 清政府加强排外活动力度
B. 君主立宪受到社会的广泛支持
C. 部分西方人赞同变法活动
D. 列强寻找干涉中国内政的借口","下一个问题是关于中国的历史。
1898年，一份英文报纸报道：光绪皇帝已经遇害，“太后现在正维持着光绪名义上统治的滑稽剧，一到适当的时候，便公开宣布他的死讯”。这则报道可以用来说明当时
A. 清政府加强排外活动力度
B. 君主立宪受到社会的广泛支持
C. 部分西方人赞同变法活动
D. 列强寻找干涉中国内政的借口","The next question is about China's history.
In 1898, an English newspaper reported that Emperor Guangxu had been killed, and that ""the Empress Dowager is now maintaining the farce of Guangxu's nominal rule and will publicly announce his death when the time is right."" This report can be used to illustrate that at that time
A. The Qing government strengthened its anti-foreign activities
B. Constitutional monarchy was widely supported by society
C. Some Westerners agreed with the reform activities
D. The powers were looking for excuses to interfere in China's internal affairs"
405,1930年，鄂豫皖革命根据地英山县水稻单位面积产量增加二三成，有的甚至达到五成，出现“赤色区米价一元一斗，白色区一元只能买四五升”的情况。这主要是因为根据地,人民打破国民党的经济封锁,农民生产的积极性高,政治主要精力用于增产,红军英勇奋战保卫农民生产,B,"A. 人民打破国民党的经济封锁
B. 农民生产的积极性高
C. 政治主要精力用于增产
D. 红军英勇奋战保卫农民生产","下一个问题是关于中国的历史。
1930年，鄂豫皖革命根据地英山县水稻单位面积产量增加二三成，有的甚至达到五成，出现“赤色区米价一元一斗，白色区一元只能买四五升”的情况。这主要是因为根据地
A. 人民打破国民党的经济封锁
B. 农民生产的积极性高
C. 政治主要精力用于增产
D. 红军英勇奋战保卫农民生产","The next question is about China's history.
In 1930, the rice yield per unit area in Yingshan County of the Hubei-Henan-Anhui Revolutionary Base increased by 20% to 30%, and even reached 50%. The situation of ""rice price in the red area was one yuan per bushel, and one yuan in the white area could only buy four or five liters"" appeared. This was mainly because the base area
A. The people broke the economic blockade of the Kuomintang
B. The enthusiasm of farmers in production was high
C. The main political energy was used to increase production
D. The Red Army fought bravely to protect farmers' production"
406,“对建立在理性基础上的工业社会表示怀疑，不屑于表面的客观真实，致力于探索离奇别致的形式技巧。”引文描述的艺术形式是,现实主义,古典主义,现代主义流派,浪漫主义,C,"A. 现实主义
B. 古典主义
C. 现代主义流派
D. 浪漫主义","下一个问题是关于中国的历史。
“对建立在理性基础上的工业社会表示怀疑，不屑于表面的客观真实，致力于探索离奇别致的形式技巧。”引文描述的艺术形式是
A. 现实主义
B. 古典主义
C. 现代主义流派
D. 浪漫主义","The next question is about China's history.
""Skeptical of the industrial society based on rationality, disdainful of superficial objective truth, and committed to exploring bizarre and unique formal techniques."" The art form described in the quotation is 
A. Realism
B. Classicism
C. Modernism
D. Romanticism"
407,酒钢是国家“一五”期间重点建设项目，“九五”期间为解决产品结构不合理和效益流失问题，需投资60亿元。经过多方努力，还有7亿多元缺口，基本建设资金还有20.6亿元无来源。这反映出,国企改革没有取得实质性成效,资金匮乏制约了国企的发展,国企内部的腐败问题较为严重,国家在努力缓解国企资金问题,B,"A. 国企改革没有取得实质性成效
B. 资金匮乏制约了国企的发展
C. 国企内部的腐败问题较为严重
D. 国家在努力缓解国企资金问题","下一个问题是关于中国的历史。
酒钢是国家“一五”期间重点建设项目，“九五”期间为解决产品结构不合理和效益流失问题，需投资60亿元。经过多方努力，还有7亿多元缺口，基本建设资金还有20.6亿元无来源。这反映出
A. 国企改革没有取得实质性成效
B. 资金匮乏制约了国企的发展
C. 国企内部的腐败问题较为严重
D. 国家在努力缓解国企资金问题","The next question is about China's history.
Jiugang was a key construction project during the ""First Five-Year Plan"" period of the country. During the ""Ninth Five-Year Plan"" period, an investment of 6 billion yuan was required to solve the problems of unreasonable product structure and loss of benefits. After many efforts, there is still a gap of more than 700 million yuan, and there is still 2.06 billion yuan of capital construction funds without a source. This reflects
A. The reform of state-owned enterprises has not achieved substantial results
B. The lack of funds has restricted the development of state-owned enterprises
C. The corruption problem within state-owned enterprises is relatively serious
D. The country is working hard to alleviate the funding problem of state-owned enterprises"
408,中国封建社会后期，粮、棉、茶等一般的民生用品在转运贸易中的比重逐渐增加，流通量和流通范围较以往有所扩大，流向主要是从农村流向城市。这种状况表明中国,农产品商品化趋势的增强,自给自足的自然经济解体,城乡生活方式的融合,生产力水平出现质的飞跃,A,"A. 农产品商品化趋势的增强
B. 自给自足的自然经济解体
C. 城乡生活方式的融合
D. 生产力水平出现质的飞跃","下一个问题是关于中国的历史。
中国封建社会后期，粮、棉、茶等一般的民生用品在转运贸易中的比重逐渐增加，流通量和流通范围较以往有所扩大，流向主要是从农村流向城市。这种状况表明中国
A. 农产品商品化趋势的增强
B. 自给自足的自然经济解体
C. 城乡生活方式的融合
D. 生产力水平出现质的飞跃","The next question is about China's history.
In the late feudal society of China, the proportion of general daily necessities such as grain, cotton, and tea in transit trade gradually increased, and the circulation volume and scope were expanded compared with the past, mainly from rural areas to cities. This situation shows that China
A. The trend of agricultural product commercialization is increasing
B. The disintegration of the self-sufficient natural economy
C. The integration of urban and rural lifestyles
D. The level of productivity has made a qualitative leap"
409,20世纪50年代，中国一些农村中流传着一首打油诗：“实行公社化，不分你我他，人都是公家的，一碗稀饭是自己的。”该打油诗流传的背景是,优先发展重工业方针的弊端,社会主要矛盾发生了转移,“大办工业”违背了经济规律,经济体制妨碍了生产力发展,C,"A. 优先发展重工业方针的弊端
B. 社会主要矛盾发生了转移
C. “大办工业”违背了经济规律
D. 经济体制妨碍了生产力发展","下一个问题是关于中国的历史。
20世纪50年代，中国一些农村中流传着一首打油诗：“实行公社化，不分你我他，人都是公家的，一碗稀饭是自己的。”该打油诗流传的背景是
A. 优先发展重工业方针的弊端
B. 社会主要矛盾发生了转移
C. “大办工业”违背了经济规律
D. 经济体制妨碍了生产力发展","The next question is about China's history.
In the 1950s, a doggerel was circulated in some rural areas of China: ""In the implementation of collectivization, there is no distinction between you and me, everyone is public, and a bowl of porridge is your own."" The background of the doggerel is 
A. The drawbacks of the policy of giving priority to the development of heavy industry
B. The main contradictions in society have shifted
C. ""Large-scale industry"" violates economic laws
D. The economic system hinders the development of productivity"
410,某电视剧中有这样一个情节：1948年的上海，有人利用美元和黄金之间的价格波动牟取利润。有学者指出其存在史实错误，理由是当时,中国加入了《关税与贸易总协定》,处于布雷顿森林体系的框架下,中国正面临内战全面爆发,上海已经沦陷为“孤岛”,B,"A. 中国加入了《关税与贸易总协定》
B. 处于布雷顿森林体系的框架下
C. 中国正面临内战全面爆发
D. 上海已经沦陷为“孤岛”","下一个问题是关于中国的历史。
某电视剧中有这样一个情节：1948年的上海，有人利用美元和黄金之间的价格波动牟取利润。有学者指出其存在史实错误，理由是当时
A. 中国加入了《关税与贸易总协定》
B. 处于布雷顿森林体系的框架下
C. 中国正面临内战全面爆发
D. 上海已经沦陷为“孤岛”","The next question is about China's history.
There is a plot in a TV series: In 1948, someone in Shanghai took advantage of the price fluctuations between the US dollar and gold to make a profit. Some scholars pointed out that there are historical errors, because at that time
A. China joined the General Agreement on Tariffs and Trade
B. It was under the framework of the Bretton Woods system
C. China was facing a full-scale civil war
D. Shanghai had fallen into an ""isolated island"""
411,1948年10月底，中共中央要求各地通过党校、军校以及其他方式，对干部进行培训，在条件可能的情况下开办正规大学，尽快使干部熟悉政治、经济、文化各方面的管理和技术。这一做法的目的是,推动土地改革进一步深入,重视科学和文化以推进工业化建设,为工作重心的转移做准备,提高执政能力以发展社会主义生产,C,"A. 推动土地改革进一步深入
B. 重视科学和文化以推进工业化建设
C. 为工作重心的转移做准备
D. 提高执政能力以发展社会主义生产","下一个问题是关于中国的历史。
1948年10月底，中共中央要求各地通过党校、军校以及其他方式，对干部进行培训，在条件可能的情况下开办正规大学，尽快使干部熟悉政治、经济、文化各方面的管理和技术。这一做法的目的是
A. 推动土地改革进一步深入
B. 重视科学和文化以推进工业化建设
C. 为工作重心的转移做准备
D. 提高执政能力以发展社会主义生产","The next question is about China's history.
At the end of October 1948, the CPC Central Committee required localities to train cadres through party schools, military schools and other means, and to open regular universities where conditions permit, so as to familiarize cadres with management and technology in all aspects of politics, economy and culture as soon as possible. The purpose of this practice is to
A. promote the further deepening of land reform
B. attach importance to science and culture to promote industrialization
C. prepare for the shift of work focus
D. improve the ability to govern to develop socialist production"
412,“根据这一理论，将时间和空间说成是绝对的是没有意义的，因为对这两种范畴的测量通常随着观察者的运动而改变。……对于门外汉来说，这些观点——通常用不能理解的数学公式解释——表明科学已经达到了能被人类所知的界限。”上述“理论”的主要意义是,弥补经典力学对时空认识的不足,发现能量辐射的运动原则,预见海王星存在的准确性,开创了以实验为基础的近代科学,A,"A. 弥补经典力学对时空认识的不足
B. 发现能量辐射的运动原则
C. 预见海王星存在的准确性
D. 开创了以实验为基础的近代科学","下一个问题是关于中国的历史。
“根据这一理论，将时间和空间说成是绝对的是没有意义的，因为对这两种范畴的测量通常随着观察者的运动而改变。……对于门外汉来说，这些观点——通常用不能理解的数学公式解释——表明科学已经达到了能被人类所知的界限。”上述“理论”的主要意义是
A. 弥补经典力学对时空认识的不足
B. 发现能量辐射的运动原则
C. 预见海王星存在的准确性
D. 开创了以实验为基础的近代科学","The next question is about China's history.
""According to this theory, it is meaningless to say that time and space are absolute, because measurements of these two categories usually change with the movement of the observer. ... To the layman, these views - usually explained by incomprehensible mathematical formulas - show that science has reached the limit of what can be known by humans."" The main significance of the above ""theory"" is 
A. Make up for the shortcomings of classical mechanics in understanding time and space
B. Discover the motion principle of energy radiation
C. Accurately predict the existence of Neptune
D. Create modern science based on experiments"
413,1980年12月11日，温州人章华妹领到了自己期待很久的营业执照，成为全国第一个个体工商户。但长期以来，我们一直把非公有制经济看做是社会主义经济的对立面，谈“私”色变，早在30年前，温州和全国多数城市一样，做个“个体户”并不是件光鲜的事。“女孩子当个体户，连对象都找不着……”。使人们摆脱这种恐“私”症困扰的制度性决策是,1999九届人大二次会议正式确立的依法治国战略,1997年中共十五大的决策,1984年中共十二届三中全会通过《关于经济体制改革的决定》,1992年邓小平同志的南方谈话,B,"A. 1999九届人大二次会议正式确立的依法治国战略
B. 1997年中共十五大的决策
C. 1984年中共十二届三中全会通过《关于经济体制改革的决定》
D. 1992年邓小平同志的南方谈话","下一个问题是关于中国的历史。
1980年12月11日，温州人章华妹领到了自己期待很久的营业执照，成为全国第一个个体工商户。但长期以来，我们一直把非公有制经济看做是社会主义经济的对立面，谈“私”色变，早在30年前，温州和全国多数城市一样，做个“个体户”并不是件光鲜的事。“女孩子当个体户，连对象都找不着……”。使人们摆脱这种恐“私”症困扰的制度性决策是
A. 1999九届人大二次会议正式确立的依法治国战略
B. 1997年中共十五大的决策
C. 1984年中共十二届三中全会通过《关于经济体制改革的决定》
D. 1992年邓小平同志的南方谈话","The next question is about China's history.
On December 11, 1980, Zhang Huamei from Wenzhou received the business license she had been waiting for for a long time, becoming the first self-employed business owner in the country. But for a long time, we have always regarded the non-public economy as the opposite of the socialist economy, and we are afraid of the word ""self-employed"". As early as 30 years ago, Wenzhou, like most cities in the country, was not a glamorous thing to be a ""self-employed business owner"". ""Girls who are self-employed can't even find a partner..."" The institutional decision that freed people from this fear of ""self-employment"" is
A. The rule of law strategy formally established at the second session of the Ninth National People's Congress in 1999
B. The decision of the 15th National Congress of the Communist Party of China in 1997
C. The ""Decision on Economic System Reform"" passed by the Third Plenary Session of the 12th Central Committee of the Communist Party of China in 1984
D. Comrade Deng Xiaoping's Southern Speech in 1992"
414,近代民族企业家张謇在谈到办厂经历时感慨地说：“千磨百折，忍侮蒙讥，伍平生不伍之人，道平生不道之事。”其主要原因是,难以招募到合适的技术人员和买到所需的机器设备,与外国资本竞争处于不利地位且受官府束缚、压制,工人不断要求增加薪酬、缩矩工时,企业在经营管理方面存在着诸多弊端,B,"A. 难以招募到合适的技术人员和买到所需的机器设备
B. 与外国资本竞争处于不利地位且受官府束缚、压制
C. 工人不断要求增加薪酬、缩矩工时
D. 企业在经营管理方面存在着诸多弊端","下一个问题是关于中国的历史。
近代民族企业家张謇在谈到办厂经历时感慨地说：“千磨百折，忍侮蒙讥，伍平生不伍之人，道平生不道之事。”其主要原因是
A. 难以招募到合适的技术人员和买到所需的机器设备
B. 与外国资本竞争处于不利地位且受官府束缚、压制
C. 工人不断要求增加薪酬、缩矩工时
D. 企业在经营管理方面存在着诸多弊端","The next question is about China's history.
Zhang Jian, a modern national entrepreneur, said with emotion when talking about his experience of running a factory: ""I have endured thousands of hardships, insults and ridicules, and worked with people I would never work with, and talked about things I would never talk about."" The main reasons are 
A. It is difficult to recruit suitable technicians and buy the necessary machinery and equipment 
B. It is at a disadvantage in competing with foreign capital and is constrained and suppressed by the government 
C. Workers constantly demand increased wages and shortened working hours 
D. The company has many drawbacks in management"
415,明朝宋应星《天工开物》记载：“其废纸洗去朱墨、污秽，浸烂入槽再造，全省从前煮浸之力，依然成纸，耗亦不多。江南竹贱之国，不以为然，北方即寸条片角在地，随手拾起再造，名曰还魂纸。”由此可知，还魂纸：a生产遍布全国各地；b降低了生产成本；c制造工艺更加复杂；d扩大了原料来源,ab,bd,cd,ac,B,"A. ab
B. bd
C. cd
D. ac","下一个问题是关于中国的历史。
明朝宋应星《天工开物》记载：“其废纸洗去朱墨、污秽，浸烂入槽再造，全省从前煮浸之力，依然成纸，耗亦不多。江南竹贱之国，不以为然，北方即寸条片角在地，随手拾起再造，名曰还魂纸。”由此可知，还魂纸：a生产遍布全国各地；b降低了生产成本；c制造工艺更加复杂；d扩大了原料来源
A. ab
B. bd
C. cd
D. ac","The next question is about China's history.
Song Yingxing of the Ming Dynasty recorded in ""The Exploitation of the Works of Nature"": ""Wash away the red ink and dirt from the waste paper, soak it and put it into the tank for recycling. The energy of boiling and soaking in the whole province can still be used to make paper, and the consumption is not much. In the south of the Yangtze River, where bamboo is cheap, people don't think so. In the north, people pick up the pieces of paper on the ground and recycle them, which is called resurrection paper."" From this, we can know that resurrection paper: a production is spread all over the country; b reduced production costs; c more complicated manufacturing process; d expanded the source of raw materials
A. ab
B. bd
C. cd
D. ac"
416,明初废丞相、设顾问性质的内阁大学士，严防权臣乱政。明中后期严嵩、张居正等内阁首辅操纵朝政，权倾一时。这表明,皇权渐趋衰弱,首辅权力失控,君主集权加强,内阁取代六部,C,"A. 皇权渐趋衰弱
B. 首辅权力失控
C. 君主集权加强
D. 内阁取代六部","下一个问题是关于中国的历史。
明初废丞相、设顾问性质的内阁大学士，严防权臣乱政。明中后期严嵩、张居正等内阁首辅操纵朝政，权倾一时。这表明
A. 皇权渐趋衰弱
B. 首辅权力失控
C. 君主集权加强
D. 内阁取代六部","The next question is about China's history.
In the early Ming Dynasty, the prime minister was abolished and the cabinet ministers with advisory nature were set up to prevent powerful officials from making trouble. In the middle and late Ming Dynasty, the cabinet ministers such as Yan Song and Zhang Juzheng manipulated the government and were powerful for a time. This shows that
A. The imperial power was gradually weakening
B. The power of the ministers was out of control
C. The monarch's centralization was strengthened
D. The cabinet replaced the six ministries"
417,明末有人描述江南农村的变化时说，百年前的雇工“戴星出入，俗柔顺而主令尊”，如今“骄惰成风，非酒食不能劝”“夏必加下点心，冬必与早粥”。这一变化反映了,市镇经济与手工业的发展,农业中人身依附关系强化,社会矛盾日益尖锐,政府积极推行重政策,A,"A. 市镇经济与手工业的发展
B. 农业中人身依附关系强化
C. 社会矛盾日益尖锐
D. 政府积极推行重政策","下一个问题是关于中国的历史。
明末有人描述江南农村的变化时说，百年前的雇工“戴星出入，俗柔顺而主令尊”，如今“骄惰成风，非酒食不能劝”“夏必加下点心，冬必与早粥”。这一变化反映了
A. 市镇经济与手工业的发展
B. 农业中人身依附关系强化
C. 社会矛盾日益尖锐
D. 政府积极推行重政策","The next question is about China's history.
In the late Ming Dynasty, someone described the changes in rural areas in Jiangnan by saying that the hired workers a hundred years ago ""went out with stars on their backs, were submissive and respected their masters"", but now ""arrogance and laziness have become the norm, and they can only be persuaded by wine and food"", ""they must add snacks in summer and porridge in winter"". This change reflects
A. The development of town economy and handicrafts
B. The strengthening of personal dependence in agriculture
C. The increasingly acute social contradictions
D. The government actively promotes the policy of"
418,1920 年，梁启超赴欧洲考察后写道：“一百年物质的进步，比从前三千年所得还加几倍。我们人类不惟没有得着幸福，倒反带来许多灾难。好像沙漠中失路的旅人，远远望见个大黑影，拼命往前赶，以为可以靠他向导。哪知赶上几程，影子却不见了，因此无限凄惶失望。影子是谁？就是这位‘科学先生’。欧洲人做了一场科学万能的大梦……”材料表明梁启超的态度是,宣传伸民权、设议院、变法 图存,质疑以科学为中心的西方文明,主张“中学为体，西学为用”,阻止西方科学在中国传播,B,"A. 宣传伸民权、设议院、变法 图存
B. 质疑以科学为中心的西方文明
C. 主张“中学为体，西学为用”
D. 阻止西方科学在中国传播","下一个问题是关于中国的历史。
1920 年，梁启超赴欧洲考察后写道：“一百年物质的进步，比从前三千年所得还加几倍。我们人类不惟没有得着幸福，倒反带来许多灾难。好像沙漠中失路的旅人，远远望见个大黑影，拼命往前赶，以为可以靠他向导。哪知赶上几程，影子却不见了，因此无限凄惶失望。影子是谁？就是这位‘科学先生’。欧洲人做了一场科学万能的大梦……”材料表明梁启超的态度是
A. 宣传伸民权、设议院、变法 图存
B. 质疑以科学为中心的西方文明
C. 主张“中学为体，西学为用”
D. 阻止西方科学在中国传播","The next question is about China's history.
In 1920, Liang Qichao wrote after visiting Europe: ""The material progress of one hundred years is several times greater than that of the previous three thousand years. Not only did we humans not gain happiness, but we also brought many disasters. It's like a traveler who lost his way in the desert. He saw a big black shadow in the distance and rushed forward desperately, thinking that he could rely on it as a guide. But after catching up for a few miles, the shadow disappeared, so he was infinitely disappointed. Who is the shadow? It is this 'Mr. Science'. Europeans have a big dream that science can do everything..."" The materials show that Liang Qichao's attitude is 
A. Promote the extension of civil rights, the establishment of a parliament, and reform to survive
B. Question the Western civilization centered on science
C. Advocate ""Chinese learning as the body, Western learning for practical use""
D. Prevent the spread of Western science in China"
419,一位农民在日记中写道：“由于单家独户的经营经不起天灾人祸的袭击，有的贫农家底薄，缺资金，仍不能大翻身，困难不少，出现了个别卖地卖牲口、出卖劳动力的现象。政府号召组织起来，在搭工帮工的基础上成立互助组。我是青年团员，还是乡上的人民代表，我能落后吗？”其描述反映的是,人民公社化运动,家庭联产承包责任制,“三年经济困难”时期,农业合作化,D,"A. 人民公社化运动
B. 家庭联产承包责任制
C. “三年经济困难”时期
D. 农业合作化","下一个问题是关于中国的历史。
一位农民在日记中写道：“由于单家独户的经营经不起天灾人祸的袭击，有的贫农家底薄，缺资金，仍不能大翻身，困难不少，出现了个别卖地卖牲口、出卖劳动力的现象。政府号召组织起来，在搭工帮工的基础上成立互助组。我是青年团员，还是乡上的人民代表，我能落后吗？”其描述反映的是
A. 人民公社化运动
B. 家庭联产承包责任制
C. “三年经济困难”时期
D. 农业合作化","The next question is about China's history.
A farmer wrote in his diary: ""Since single-family businesses cannot withstand natural disasters and man-made disasters, some poor farmers are poor and lack funds, and still cannot make a big comeback. They face many difficulties, and some have sold their land, livestock, and labor. The government called for organizations to form mutual aid groups based on helping others. I am a member of the Youth League and a people's representative in the township. How can I fall behind?"" His description reflects
A. People's Commune Movement
B. Household Contract Responsibility System
C. ""Three Years of Economic Hardship"" period
D. Agricultural collectivization"
420,1943年8月，国民党颁布《抗战期间宣传名词正误表》，把“亲日派”“长征时代”“争取民主”“国共合作”“抗日民族统一战线”等归为“谬误名词”，禁止刊载，这反映了国民党,力图维护一党专政的局面,竭力塑造战时政府的形象,努力缓和与其他党派的关系,与中共争夺抗战的领导权,A,"A. 力图维护一党专政的局面
B. 竭力塑造战时政府的形象
C. 努力缓和与其他党派的关系
D. 与中共争夺抗战的领导权","下一个问题是关于中国的历史。
1943年8月，国民党颁布《抗战期间宣传名词正误表》，把“亲日派”“长征时代”“争取民主”“国共合作”“抗日民族统一战线”等归为“谬误名词”，禁止刊载，这反映了国民党
A. 力图维护一党专政的局面
B. 竭力塑造战时政府的形象
C. 努力缓和与其他党派的关系
D. 与中共争夺抗战的领导权","The next question is about China's history.
In August 1943, the Kuomintang issued the ""Correct and Incorrect Table of Propaganda Terms During the Anti-Japanese War"", which classified ""pro-Japanese faction"", ""Long March era"", ""striving for democracy"", ""KMT-CPC cooperation"", ""anti-Japanese national united front"" and other terms as ""erroneous terms"" and prohibited their publication. This reflects that the Kuomintang
A. tried to maintain the one-party dictatorship
B. tried to shape the image of the wartime government
C. tried to ease relations with other parties
D. competed with the Communist Party for the leadership of the Anti-Japanese War"
421,韩非认为“上古竞于道德，中世逐于智慧，当今争于气力”。其主张体现了,英雄史观,循环史观,天命史观,进步史观,D,"A. 英雄史观
B. 循环史观
C. 天命史观
D. 进步史观","下一个问题是关于中国的历史。
韩非认为“上古竞于道德，中世逐于智慧，当今争于气力”。其主张体现了
A. 英雄史观
B. 循环史观
C. 天命史观
D. 进步史观","The next question is about China's history.
Han Fei believed that ""in ancient times, people competed in morality, in the Middle Ages, people competed in wisdom, and nowadays, people compete in strength."" His proposition embodies
A. Heroic view of history
B. Cyclic view of history
C. Destiny view of history
D. Progressive view of history"
422,自19世纪60年代开始，李鸿章等洋务派官僚，先后创办了江南制造总局、金陵机器局等军事工业：19世纪70年代以后，他们又相继创办了上海轮船招商局，开平矿务局、天津电报总局等，从而建立了中国自己的近代采矿、航运和通讯事业。据此可知，当时中国,经济的近代化逐步发展,民族资本主义初步发展,近代工业体系已逐步建立,优先发展重工业成为共识,A,"A. 经济的近代化逐步发展
B. 民族资本主义初步发展
C. 近代工业体系已逐步建立
D. 优先发展重工业成为共识","下一个问题是关于中国的历史。
自19世纪60年代开始，李鸿章等洋务派官僚，先后创办了江南制造总局、金陵机器局等军事工业：19世纪70年代以后，他们又相继创办了上海轮船招商局，开平矿务局、天津电报总局等，从而建立了中国自己的近代采矿、航运和通讯事业。据此可知，当时中国
A. 经济的近代化逐步发展
B. 民族资本主义初步发展
C. 近代工业体系已逐步建立
D. 优先发展重工业成为共识","The next question is about China's history.
Since the 1860s, Li Hongzhang and other Westernization bureaucrats have successively established military industries such as the Jiangnan Manufacturing Bureau and the Jinling Machinery Bureau. After the 1870s, they successively established the Shanghai Merchants Steam Navigation Company, the Kaiping Mining Bureau, the Tianjin Telegraph Bureau, etc., thus establishing China's own modern mining, shipping and communications. Based on this, we can know that at that time, China
A. The modernization of the economy was gradually developing
B. The initial development of national capitalism
C. The modern industrial system had been gradually established
D. It became a consensus to give priority to the development of heavy industry"
423,新中国成立时，世界已进入核时代。曾长期领导核科学事业的聂荣臻元帅回忆道：“我们国家，不可能靠购买武器来支撑国防……唯一的出路只有尽可能吸取国外先进成果，走自己研制的道路。”中国跨入原子能时代开始于,20世纪50年代,20世纪60年代,20世纪70年代,20世纪40年代,A,"A. 20世纪50年代
B. 20世纪60年代
C. 20世纪70年代
D. 20世纪40年代","下一个问题是关于中国的历史。
新中国成立时，世界已进入核时代。曾长期领导核科学事业的聂荣臻元帅回忆道：“我们国家，不可能靠购买武器来支撑国防……唯一的出路只有尽可能吸取国外先进成果，走自己研制的道路。”中国跨入原子能时代开始于
A. 20世纪50年代
B. 20世纪60年代
C. 20世纪70年代
D. 20世纪40年代","The next question is about China's history.
When the People's Republic of China was founded, the world had entered the nuclear age. Marshal Nie Rongzhen, who had long led the nuclear science cause, recalled: ""Our country cannot rely on purchasing weapons to support national defense... The only way out is to absorb as much advanced foreign achievements as possible and take the path of self-development."" China entered the atomic energy age in
A. 1950s
B. 1960s
C. 1970s
D. 1940s"
424,“国体初建，民权未张，是以野心家竞欲覆民政而复帝制……所幸革命之元气未消，新旧两派皆争相反对帝制自为者，而民国乃得中兴。”这段文字写于,20世纪初期,19世纪中期,20世纪中期,19世纪末期,A,"A. 20世纪初期
B. 19世纪中期
C. 20世纪中期
D. 19世纪末期","下一个问题是关于中国的历史。
“国体初建，民权未张，是以野心家竞欲覆民政而复帝制……所幸革命之元气未消，新旧两派皆争相反对帝制自为者，而民国乃得中兴。”这段文字写于
A. 20世纪初期
B. 19世纪中期
C. 20世纪中期
D. 19世纪末期","The next question is about China's history.
""When the state system was first established, civil rights were not yet expanded, so ambitious people competed to overthrow civil government and restore the monarchy... Fortunately, the revolutionary spirit had not yet disappeared, and both the old and new factions competed to oppose the monarchy, and the Republic of China was revived."" This passage was written in
A. Early 20th century
B. Mid-19th century
C. Mid-20th century
D. Late 19th century"
425,近代一有识之士曾说：“一国所得，诸国安然而享之；一国所求，诸国群起而助之，是不啻驱西洋诸国，使之协以谋我。”上述言论针对的是,领事裁判权,居住及租地权,片面最惠国待遇,“门户开放”政策,C,"A. 领事裁判权
B. 居住及租地权
C. 片面最惠国待遇
D. “门户开放”政策","下一个问题是关于中国的历史。
近代一有识之士曾说：“一国所得，诸国安然而享之；一国所求，诸国群起而助之，是不啻驱西洋诸国，使之协以谋我。”上述言论针对的是
A. 领事裁判权
B. 居住及租地权
C. 片面最惠国待遇
D. “门户开放”政策","The next question is about China's history.
A wise man in modern times once said: ""What one country gains, other countries enjoy peacefully; what one country seeks, other countries come together to help it, which is tantamount to driving the Western countries to cooperate with us."" The above remarks are directed at 
A. Consular jurisdiction
B. Right of residence and lease of land
C. Unilateral most-favored-nation treatment
D. ""Open door"" policy"
426,19世纪八九十年代，李鸿章在为格致书院所出考题中，曾问到西方测温、测热、测电的方法，问到西方平弧三角与《周髀算经》的关系，问到西方关于64种化学物质在中国语言为何物┅┅。这说明当时中国人,开始开眼看世界,坚持“中体西用”,普遍接受西式教育,关注西方科技,D,"A. 开始开眼看世界
B. 坚持“中体西用”
C. 普遍接受西式教育
D. 关注西方科技","下一个问题是关于中国的历史。
19世纪八九十年代，李鸿章在为格致书院所出考题中，曾问到西方测温、测热、测电的方法，问到西方平弧三角与《周髀算经》的关系，问到西方关于64种化学物质在中国语言为何物┅┅。这说明当时中国人
A. 开始开眼看世界
B. 坚持“中体西用”
C. 普遍接受西式教育
D. 关注西方科技","The next question is about China's history.
In the 1880s and 1890s, Li Hongzhang asked about Western methods of measuring temperature, heat, and electricity, the relationship between Western parallel arc trigonometry and Zhoubi Suanjing, and what the 64 chemical substances in the West meant in Chinese... This shows that the Chinese at that time
A. began to open their eyes to the world
B. insisted on ""Chinese learning for substance and Western learning for practical use""
C. generally accepted Western education
D. paid attention to Western science and technology"
427,据统计，1954年1月到4月，中国科学院图书馆上海分馆俄文书刊借阅总数为1953年同期的5倍，为1952年同期的50倍，东北各研究所俄文书刊借阅量也大幅增加。这表明当时,对苏联经验的反思蔚然成风,科学研究已与国际前沿接轨,科教兴国战略已展开,工业化建设需求迫切,D,"A. 对苏联经验的反思蔚然成风
B. 科学研究已与国际前沿接轨
C. 科教兴国战略已展开
D. 工业化建设需求迫切","下一个问题是关于中国的历史。
据统计，1954年1月到4月，中国科学院图书馆上海分馆俄文书刊借阅总数为1953年同期的5倍，为1952年同期的50倍，东北各研究所俄文书刊借阅量也大幅增加。这表明当时
A. 对苏联经验的反思蔚然成风
B. 科学研究已与国际前沿接轨
C. 科教兴国战略已展开
D. 工业化建设需求迫切","The next question is about China's history.
According to statistics, from January to April 1954, the total number of Russian books and periodicals borrowed from the Shanghai Branch of the Library of the Chinese Academy of Sciences was five times that of the same period in 1953 and 50 times that of the same period in 1952. The number of Russian books and periodicals borrowed from various research institutes in Northeast China also increased significantly. This shows that at that time
A. Reflection on the Soviet experience became popular
B. Scientific research was in line with the international frontier
C. The strategy of rejuvenating the country through science and education had been launched
D. The demand for industrialization construction was urgent"
428,据《中国近代报刊史》，《时务报》初创时，每期只销4000份左右，半年后增至7000分，一年后达到13000份，最多时销达17000份，创造了当时国内报纸发行量的最高记录。这一现象说明,《时务报》开创了国人办报的先例,维新派有效利用新式媒介开启民智,国人所办的报纸市场需求极大,通俗性报刊广受普通民众欢迎,B,"A. 《时务报》开创了国人办报的先例
B. 维新派有效利用新式媒介开启民智
C. 国人所办的报纸市场需求极大
D. 通俗性报刊广受普通民众欢迎","下一个问题是关于中国的历史。
据《中国近代报刊史》，《时务报》初创时，每期只销4000份左右，半年后增至7000分，一年后达到13000份，最多时销达17000份，创造了当时国内报纸发行量的最高记录。这一现象说明
A. 《时务报》开创了国人办报的先例
B. 维新派有效利用新式媒介开启民智
C. 国人所办的报纸市场需求极大
D. 通俗性报刊广受普通民众欢迎","The next question is about China's history.
According to the History of Modern Chinese Newspapers and Periodicals, when Shiwu Bao was first established, each issue only sold about 4,000 copies, which increased to 7,000 copies half a year later, and reached 13,000 copies a year later. The peak sales reached 17,000 copies, setting a record for the highest domestic newspaper circulation at that time. This phenomenon shows that 
A. Shiwu Bao set a precedent for Chinese people to run newspapers 
B. The reformists effectively used new media to enlighten the people 
C. There is a huge market demand for newspapers run by Chinese people 
D. Popular newspapers and periodicals are widely welcomed by ordinary people"
429,1840年起至1930年间，中国共开放77个城市作为通商口岸，通商口岸是中国近代史上的特殊产物。毛泽东认为，帝国主义利用通商口岸为基地，造成“买办的和高利贷的剥削网”，培养出为帝国主义服务的“买办阶级和商业高利贷阶级”，便利其剥削广大中国农民。毛泽东对近代通商口岸的观察所体现的视角是,文明演进视角,全球视角,近代化视角,阶级斗争视角,D,"A. 文明演进视角
B. 全球视角
C. 近代化视角
D. 阶级斗争视角","下一个问题是关于中国的历史。
1840年起至1930年间，中国共开放77个城市作为通商口岸，通商口岸是中国近代史上的特殊产物。毛泽东认为，帝国主义利用通商口岸为基地，造成“买办的和高利贷的剥削网”，培养出为帝国主义服务的“买办阶级和商业高利贷阶级”，便利其剥削广大中国农民。毛泽东对近代通商口岸的观察所体现的视角是
A. 文明演进视角
B. 全球视角
C. 近代化视角
D. 阶级斗争视角","The next question is about China's history.
From 1840 to 1930, China opened 77 cities as trading ports. Trading ports are a special product of China's modern history. Mao Zedong believed that imperialism used trading ports as a base to create a ""comprador and usury exploitation network"" and cultivate a ""comprador class and commercial usury class"" that served imperialism, facilitating its exploitation of the vast number of Chinese farmers. Mao Zedong's observation of modern trading ports reflects the perspective of 
A. Civilization evolution perspective 
B. Global perspective 
C. Modernization perspective 
D. Class struggle perspective"
430,1952年我国高校进行院系调整，如调整后的天津大学下设土木建筑、电信、机械等7个工科系、20个专业和13个专修科，从综合型大学转变为多科性工业大学。这种调整主要是为了,提升国民的科技素养,推动天津经济建设发展,培养经济建设专门人才,促进国民经济的恢复,C,"A. 提升国民的科技素养
B. 推动天津经济建设发展
C. 培养经济建设专门人才
D. 促进国民经济的恢复","下一个问题是关于中国的历史。
1952年我国高校进行院系调整，如调整后的天津大学下设土木建筑、电信、机械等7个工科系、20个专业和13个专修科，从综合型大学转变为多科性工业大学。这种调整主要是为了
A. 提升国民的科技素养
B. 推动天津经济建设发展
C. 培养经济建设专门人才
D. 促进国民经济的恢复","The next question is about China's history.
In 1952, my country's colleges and universities adjusted their departments. For example, after the adjustment, Tianjin University had 7 engineering departments, including civil engineering, telecommunications, and machinery, 20 majors, and 13 specialized courses, transforming from a comprehensive university to a multidisciplinary industrial university. This adjustment was mainly to
A. Improve the scientific and technological literacy of the people
B. Promote the development of Tianjin's economic construction
C. Cultivate specialized talents for economic construction
D. Promote the recovery of the national economy"
431,甲午国殇，催化了维新思想的发酵和维新群体的聚合，并很快发展成为爱国救亡的维新运动。下列事件，拉开了维新运动序幕的是,创办京师大学堂,签订《马关条约》,颁布“明定国是”诏,发动“公车上书”,D,"A. 创办京师大学堂
B. 签订《马关条约》
C. 颁布“明定国是”诏
D. 发动“公车上书”","下一个问题是关于中国的历史。
甲午国殇，催化了维新思想的发酵和维新群体的聚合，并很快发展成为爱国救亡的维新运动。下列事件，拉开了维新运动序幕的是
A. 创办京师大学堂
B. 签订《马关条约》
C. 颁布“明定国是”诏
D. 发动“公车上书”","The next question is about China's history.
The Sino-Japanese War of 1894-1895 catalyzed the fermentation of reformist ideas and the gathering of reformist groups, and soon developed into a patriotic and national salvation reform movement. The following events kicked off the reform movement
A. Founding of the Imperial University of Peking
B. Signing of the Treaty of Shimonoseki
C. Issuing the ""Decree of State Affairs""
D. Launching the ""Petition to the Emperor"""
432,芜湖是明代中后期著名的浆染业中心，当时松江的白布也要送到芜湖浆染，故有“织造尚松江，浆染尚芜湖”之说，这一历史现象反映出,抑商政策阻碍区域经济发展,手工业技术水平日趋平衡,区域间有着不同的市场需求,商品生产呈现区域化分工,D,"A. 抑商政策阻碍区域经济发展
B. 手工业技术水平日趋平衡
C. 区域间有着不同的市场需求
D. 商品生产呈现区域化分工","下一个问题是关于中国的历史。
芜湖是明代中后期著名的浆染业中心，当时松江的白布也要送到芜湖浆染，故有“织造尚松江，浆染尚芜湖”之说，这一历史现象反映出
A. 抑商政策阻碍区域经济发展
B. 手工业技术水平日趋平衡
C. 区域间有着不同的市场需求
D. 商品生产呈现区域化分工","The next question is about China's history.
Wuhu was a famous dyeing center in the middle and late Ming Dynasty. At that time, white cloth from Songjiang was also sent to Wuhu for dyeing. Therefore, there was a saying that ""weaving is in Songjiang, and dyeing is in Wuhu"". This historical phenomenon reflects
A. The policy of suppressing business hinders the development of regional economy
B. The level of handicraft technology is becoming more balanced
C. There are different market demands between regions
D. Commodity production shows regional division of labor"
433,上海发昌机器厂创立于1866年，最初只是一个手工锻铁作坊，专为外商船坞打造修配船用零件，1873年发展为机器制造厂。后来，它在外商船厂的压迫排挤下，趋于衰落，1900年被英资耶松船厂所吞并。下列关于该厂说法正确的是,其壮大得益于政府的支持,它是中国最早的近代企业,它是由官营手工业转型而来,其兴衰受外商势力影响很大,D,"A. 其壮大得益于政府的支持
B. 它是中国最早的近代企业
C. 它是由官营手工业转型而来
D. 其兴衰受外商势力影响很大","下一个问题是关于中国的历史。
上海发昌机器厂创立于1866年，最初只是一个手工锻铁作坊，专为外商船坞打造修配船用零件，1873年发展为机器制造厂。后来，它在外商船厂的压迫排挤下，趋于衰落，1900年被英资耶松船厂所吞并。下列关于该厂说法正确的是
A. 其壮大得益于政府的支持
B. 它是中国最早的近代企业
C. 它是由官营手工业转型而来
D. 其兴衰受外商势力影响很大","The next question is about China's history.
Shanghai Fachang Machinery Factory was founded in 1866. It was originally a manual iron forging workshop that specialized in making and repairing ship parts for foreign shipyards. In 1873, it developed into a machinery manufacturing plant. Later, it declined under the oppression and exclusion of foreign shipyards and was annexed by the British-owned Jesson Shipyard in 1900. Which of the following statements about the factory is correct?
A. Its growth benefited from government support
B. It was the earliest modern enterprise in China
C. It was transformed from a state-run handicraft industry
D. Its rise and fall was greatly influenced by foreign forces"
434,据新华社对 1972 年 1 ~ 9 月外交情况的统计，中国接待外国官员和政府代表团三十多起，访问中国的有来自世界五大洲的政府代表团和各界人士。 到 1972 年底和中国建立外交关系的国家达 88 个，和 1969 年底相比，三年内翻了一番。材料表明中国,打破美国孤立遏制的外交僵局,切实推进新型区域外交合作,重点建立与亚非的外交关系,开始独立自主地步入国际舞台,A,"A. 打破美国孤立遏制的外交僵局
B. 切实推进新型区域外交合作
C. 重点建立与亚非的外交关系
D. 开始独立自主地步入国际舞台","下一个问题是关于中国的历史。
据新华社对 1972 年 1 ~ 9 月外交情况的统计，中国接待外国官员和政府代表团三十多起，访问中国的有来自世界五大洲的政府代表团和各界人士。 到 1972 年底和中国建立外交关系的国家达 88 个，和 1969 年底相比，三年内翻了一番。材料表明中国
A. 打破美国孤立遏制的外交僵局
B. 切实推进新型区域外交合作
C. 重点建立与亚非的外交关系
D. 开始独立自主地步入国际舞台","The next question is about China's history.
According to the statistics of the diplomatic situation of Xinhua News Agency from January to September 1972, China received more than 30 foreign officials and government delegations, and government delegations and people from all walks of life from five continents visited China. By the end of 1972, 88 countries had established diplomatic relations with China, which doubled in three years compared with the end of 1969. The data show that China
A. broke the diplomatic deadlock of isolation and containment by the United States
B. effectively promoted new regional diplomatic cooperation
C. focused on establishing diplomatic relations with Asia and Africa
D. began to independently enter the international stage"
435,关羽因其忠义勇武，被世人称颂，至宋敷宗时被封为“忠惠公”，其后不断加封，到清代被封为“忠义神武关圣大帝”。这种现象反映了,对关羽的信仰符台官方意识形态的要求,民众的信仰不断推高关羽“神”的地位,关羽的个人品德决定了民众崇拜的形成,历代皇帝的好恶决定着崇拜关羽的取向,A,"A. 对关羽的信仰符台官方意识形态的要求
B. 民众的信仰不断推高关羽“神”的地位
C. 关羽的个人品德决定了民众崇拜的形成
D. 历代皇帝的好恶决定着崇拜关羽的取向","下一个问题是关于中国的历史。
关羽因其忠义勇武，被世人称颂，至宋敷宗时被封为“忠惠公”，其后不断加封，到清代被封为“忠义神武关圣大帝”。这种现象反映了
A. 对关羽的信仰符台官方意识形态的要求
B. 民众的信仰不断推高关羽“神”的地位
C. 关羽的个人品德决定了民众崇拜的形成
D. 历代皇帝的好恶决定着崇拜关羽的取向","The next question is about China's history.
Guan Yu was praised by the world for his loyalty, bravery and bravery. He was named ""Loyal and Benevolent Duke"" during the reign of Emperor Fuzong of Song Dynasty. He was given more titles afterwards and was named ""Loyal and Brave Guan Sheng Dadi"" in the Qing Dynasty. This phenomenon reflects
A. The belief in Guan Yu conforms to the requirements of the official ideology of the government
B. The belief of the people constantly pushes up the status of Guan Yu as a ""god""
C. Guan Yu's personal character determines the formation of people's worship
D. The likes and dislikes of emperors of all dynasties determine the orientation of worshipping Guan Yu"
436,战国后期，秦国建造了一批大型水利工程，如郑国渠、都江堰等，一些至今仍在发挥作用。这些工程能够在秦国完成，主要是因为,交通运输网络通畅,铁制生产工具普及,公田制度逐渐完善,国家组织能力强大,D,"A. 交通运输网络通畅
B. 铁制生产工具普及
C. 公田制度逐渐完善
D. 国家组织能力强大","下一个问题是关于中国的历史。
战国后期，秦国建造了一批大型水利工程，如郑国渠、都江堰等，一些至今仍在发挥作用。这些工程能够在秦国完成，主要是因为
A. 交通运输网络通畅
B. 铁制生产工具普及
C. 公田制度逐渐完善
D. 国家组织能力强大","The next question is about China's history.
In the late Warring States period, Qin State built a number of large-scale water conservancy projects, such as Zhengguo Canal and Dujiangyan, some of which are still in use today. These projects were completed in Qin State mainly because of
A. smooth transportation network
B. popularization of iron production tools
C. gradual improvement of the public land system
D. strong national organizational ability"
437,中国皇帝制度出现后，皇帝的居处称“行在所”，所用车马称“乘舆”。经皇帝批阅的文件称“御批”。皇帝有病称“不豫”。皇帝去世称“驾崩”，入葬的坟墓称“陵”。皇帝之印称“玺”。材料反映出,皇帝制度顺应了当时历史潮流,封建皇帝在当时具有独特权威,皇帝专称减少了对皇权的限制,封建皇权随时代发展逐步强化,B,"A. 皇帝制度顺应了当时历史潮流
B. 封建皇帝在当时具有独特权威
C. 皇帝专称减少了对皇权的限制
D. 封建皇权随时代发展逐步强化","下一个问题是关于中国的历史。
中国皇帝制度出现后，皇帝的居处称“行在所”，所用车马称“乘舆”。经皇帝批阅的文件称“御批”。皇帝有病称“不豫”。皇帝去世称“驾崩”，入葬的坟墓称“陵”。皇帝之印称“玺”。材料反映出
A. 皇帝制度顺应了当时历史潮流
B. 封建皇帝在当时具有独特权威
C. 皇帝专称减少了对皇权的限制
D. 封建皇权随时代发展逐步强化","The next question is about China's history.
After the emergence of the Chinese imperial system, the emperor's residence was called ""Xingzaisuo"" and the carriages he used were called ""Chengyu"". Documents reviewed by the emperor were called ""Yupi"". The emperor's illness was called ""Buyu"". The emperor's death was called ""Jiaben"" and the tomb he was buried in was called ""Ling"". The emperor's seal was called ""Xi"". The material reflects
A. The imperial system conformed to the historical trend at that time
B. The feudal emperor had unique authority at that time
C. The emperor's exclusive title reduced the restrictions on the imperial power
D. The feudal imperial power gradually strengthened with the development of the times"
438,20世纪初，女学在中国开始兴起，几十年间中国女性走出闺阁，走向学校和职场，获得了独立和解放的可能。而这一变化在上海这些近代大都市尤为剧烈和多样。对这些现象的解释最合理的是,女性解放最早兴起于上海,男女间实现了权利上的平等,女学兴起导致传统礼教崩溃,政治运动推动了妇女解放,D,"A. 女性解放最早兴起于上海
B. 男女间实现了权利上的平等
C. 女学兴起导致传统礼教崩溃
D. 政治运动推动了妇女解放","下一个问题是关于中国的历史。
20世纪初，女学在中国开始兴起，几十年间中国女性走出闺阁，走向学校和职场，获得了独立和解放的可能。而这一变化在上海这些近代大都市尤为剧烈和多样。对这些现象的解释最合理的是
A. 女性解放最早兴起于上海
B. 男女间实现了权利上的平等
C. 女学兴起导致传统礼教崩溃
D. 政治运动推动了妇女解放","The next question is about China's history.
In the early 20th century, women's education began to flourish in China. Over the past few decades, Chinese women have stepped out of their boudoirs, entered schools and the workplace, and gained the possibility of independence and liberation. This change was particularly dramatic and diverse in modern metropolises such as Shanghai. The most reasonable explanation for these phenomena is
A. Women's liberation first emerged in Shanghai
B. Equality of rights between men and women was achieved
C. The rise of women's education led to the collapse of traditional ethics
D. Political movements promoted women's liberation"
439,苏轼曾说：“民庶之家，置庄田，招佃客，本望租课，非行仁义，然犹至水旱之岁，必须放免欠负、贷借种粮者，其心诚恐客散而田荒，后日之失必倍于今故也。”这句话反映出的主要问题是,宋代地主有开展民间赈济的社会责任感,宋代地主主要依靠土地剥削来积累财富,宋代佃户租地有较大的选择权和自由度,宋代农村开始出现以租佃关系经营土地,C,"A. 宋代地主有开展民间赈济的社会责任感
B. 宋代地主主要依靠土地剥削来积累财富
C. 宋代佃户租地有较大的选择权和自由度
D. 宋代农村开始出现以租佃关系经营土地","下一个问题是关于中国的历史。
苏轼曾说：“民庶之家，置庄田，招佃客，本望租课，非行仁义，然犹至水旱之岁，必须放免欠负、贷借种粮者，其心诚恐客散而田荒，后日之失必倍于今故也。”这句话反映出的主要问题是
A. 宋代地主有开展民间赈济的社会责任感
B. 宋代地主主要依靠土地剥削来积累财富
C. 宋代佃户租地有较大的选择权和自由度
D. 宋代农村开始出现以租佃关系经营土地","The next question is about China's history.
Su Shi once said: ""Common people set up farms and recruit tenants, hoping to collect rent, not to practice benevolence and righteousness. However, in years of floods and droughts, they still have to forgive debts and lend money to farmers. They are sincerely afraid that the tenants will leave and the fields will be abandoned, and the loss in the future will be twice as much as it is now."" The main problem reflected in this sentence is
A. Landlords in the Song Dynasty had a sense of social responsibility to carry out folk relief
B. Landlords in the Song Dynasty mainly relied on land exploitation to accumulate wealth
C. Tenants in the Song Dynasty had greater choice and freedom in renting land
D. The practice of operating land in a tenancy relationship began to appear in rural areas in the Song Dynasty"
440,1892年，维新思想家宋恕提出“欲更官制、设议院、改试令，必自易西服始”。康有为在奏议中也不止一次提及“易服”。维新派如此重视易服的主要原因是,改制中易服更易推行,意在营造改制的社会氛围,中国需改变对外形象,长袍马褂代表了守旧势力,B,"A. 改制中易服更易推行
B. 意在营造改制的社会氛围
C. 中国需改变对外形象
D. 长袍马褂代表了守旧势力","下一个问题是关于中国的历史。
1892年，维新思想家宋恕提出“欲更官制、设议院、改试令，必自易西服始”。康有为在奏议中也不止一次提及“易服”。维新派如此重视易服的主要原因是
A. 改制中易服更易推行
B. 意在营造改制的社会氛围
C. 中国需改变对外形象
D. 长袍马褂代表了守旧势力","The next question is about China's history.
In 1892, the reformist thinker Song Shu proposed that ""if you want to change the official system, set up a parliament, and change the examination system, you must start with changing to Western clothes."" Kang Youwei also mentioned ""changing clothes"" more than once in his memorials. The main reason why the reformists attached so much importance to changing clothes is that
A. Changing clothes is easier to implement during the reform
B. It is intended to create a social atmosphere for reform
C. China needs to change its external image
D. The long gown and jacket represent conservative forces"
441,一个历史事实可由若干事件构成，事件又可由若干个小事件构成，由此可以排出一系列事件的等级或层次。下列选项符合上述说法的是,《王位继承法》——《权利法案》——“光荣革命”,经济全球化——西欧一体化——欧元启用,中途岛战役——斯大林格勒战役——阿拉曼战役,新中国的外交政策——睦邻外交——中美建交,B,"A. 《王位继承法》——《权利法案》——“光荣革命”
B. 经济全球化——西欧一体化——欧元启用
C. 中途岛战役——斯大林格勒战役——阿拉曼战役
D. 新中国的外交政策——睦邻外交——中美建交","下一个问题是关于中国的历史。
一个历史事实可由若干事件构成，事件又可由若干个小事件构成，由此可以排出一系列事件的等级或层次。下列选项符合上述说法的是
A. 《王位继承法》——《权利法案》——“光荣革命”
B. 经济全球化——西欧一体化——欧元启用
C. 中途岛战役——斯大林格勒战役——阿拉曼战役
D. 新中国的外交政策——睦邻外交——中美建交","The next question is about China's history.
A historical fact can be composed of several events, and an event can be composed of several small events, which can be used to rank a series of events. The following options are consistent with the above statement
A. ""Act of Succession"" - ""Bill of Rights"" - ""Glorious Revolution""
B. Economic globalization - Western European integration - Euro launch
C. Battle of Midway - Battle of Stalingrad - Battle of El Alamein
D. New China's foreign policy - good neighbor diplomacy - Sino-US diplomatic relations"
442,20世纪初，有学者认为，“张三李四是同时人。张三记了古典来做古文；李四又记了古典，去读张三做的古文。我想：古典是古人的时事，要晓得那时的事，所以免不了翻着古典；现在两位既然同时，何妨老实说出，一目了然”。该学者旨在,提倡使用白话文,既反对白话文也反对文言文,强调科学地看待读经问题,纠正“文学革命”的形式主义倾向,A,"A. 提倡使用白话文
B. 既反对白话文也反对文言文
C. 强调科学地看待读经问题
D. 纠正“文学革命”的形式主义倾向","下一个问题是关于中国的历史。
20世纪初，有学者认为，“张三李四是同时人。张三记了古典来做古文；李四又记了古典，去读张三做的古文。我想：古典是古人的时事，要晓得那时的事，所以免不了翻着古典；现在两位既然同时，何妨老实说出，一目了然”。该学者旨在
A. 提倡使用白话文
B. 既反对白话文也反对文言文
C. 强调科学地看待读经问题
D. 纠正“文学革命”的形式主义倾向","The next question is about China's history.
In the early 20th century, a scholar believed that ""Zhang San and Li Si were contemporaries. Zhang San memorized the classics to write classical Chinese; Li Si memorized the classics and read Zhang San's classical Chinese. I think: Classics are the current affairs of the ancients. To know what happened at that time, you can't avoid reading the classics; now that the two of them are contemporaries, why not just speak honestly, so that it is clear at a glance."" The scholar aims to
A. Promote the use of vernacular Chinese
B. Oppose both vernacular Chinese and classical Chinese
C. Emphasize the scientific view of reading scriptures
D. Correct the formalism of the ""literary revolution"""
443,马士在《中华帝国对外关系史》中记载：“就茶叶出口而言，在1846年由上海出口的只占全国出口的七分之一，1851年就增长到三分之一，紧接着在1852年超过全国出口的一半，1853年又进一步几乎达到70%，此后上海一直保持着优势地位。”这说明,中国传统经济格局发生变化,上海是重要的通商口岸,中国卷入资本主义世界市场,上海取代广州贸易地位,A,"A. 中国传统经济格局发生变化
B. 上海是重要的通商口岸
C. 中国卷入资本主义世界市场
D. 上海取代广州贸易地位","下一个问题是关于中国的历史。
马士在《中华帝国对外关系史》中记载：“就茶叶出口而言，在1846年由上海出口的只占全国出口的七分之一，1851年就增长到三分之一，紧接着在1852年超过全国出口的一半，1853年又进一步几乎达到70%，此后上海一直保持着优势地位。”这说明
A. 中国传统经济格局发生变化
B. 上海是重要的通商口岸
C. 中国卷入资本主义世界市场
D. 上海取代广州贸易地位","The next question is about China's history.
In his History of the Foreign Relations of the Chinese Empire, Marx wrote: ""As for tea exports, in 1846, Shanghai only exported one-seventh of the country's exports, but in 1851 it increased to one-third, and then in 1852 it exceeded half of the country's exports, and in 1853 it further reached almost 70%. Since then, Shanghai has maintained its dominant position."" This shows that 
A. China's traditional economic structure has changed 
B. Shanghai is an important trading port 
C. China is involved in the capitalist world market 
D. Shanghai replaces Guangzhou's trade status"
444,唐文宗太和六年（832年），宰相王涯上奏：“商人乘马，前代所禁。近日得以恣其乘骑，雕鞍银镫，装饰焕烂，从以童骑，骋以康庄，此最为僭越。伏请切令禁断。”以下对当时商人地位的判断，错误的是,经济地位优越,实际上没有自由民的平等地位,政治地位低下,遭受全社会的鄙视,D,"A. 经济地位优越
B. 实际上没有自由民的平等地位
C. 政治地位低下
D. 遭受全社会的鄙视","下一个问题是关于中国的历史。
唐文宗太和六年（832年），宰相王涯上奏：“商人乘马，前代所禁。近日得以恣其乘骑，雕鞍银镫，装饰焕烂，从以童骑，骋以康庄，此最为僭越。伏请切令禁断。”以下对当时商人地位的判断，错误的是
A. 经济地位优越
B. 实际上没有自由民的平等地位
C. 政治地位低下
D. 遭受全社会的鄙视","The next question is about China's history.
In the sixth year of Emperor Wenzong of Tang’s Taihe reign (832), Prime Minister Wang Ya reported: “Merchants riding horses was forbidden in previous dynasties. Recently, they are allowed to ride freely, with carved saddles and silver stirrups, and gorgeous decorations. Children can ride and gallop on the wide road. This is the most presumptuous. I humbly ask that it be strictly prohibited.” Which of the following judgments about the status of merchants at that time is wrong?
A. Superior economic status
B. In fact, they do not have equal status with free people
C. Low political status
D. Despised by the whole society"
445,2012年7月18日，《深圳特区报》刊登《科举制之美》一文：“科举产生出了一大批……政治家、众多有杰出贡献的思想家……外交家等，通过科举而施展才华，都是中华民族的英才。”这充分说明了,古代官吏主要来源于科举选官,科举制彻底抛弃门第等级观念,科举制有利于选拔社会实用人才,科举制完全符合社会的发展需要,C,"A. 古代官吏主要来源于科举选官
B. 科举制彻底抛弃门第等级观念
C. 科举制有利于选拔社会实用人才
D. 科举制完全符合社会的发展需要","下一个问题是关于中国的历史。
2012年7月18日，《深圳特区报》刊登《科举制之美》一文：“科举产生出了一大批……政治家、众多有杰出贡献的思想家……外交家等，通过科举而施展才华，都是中华民族的英才。”这充分说明了
A. 古代官吏主要来源于科举选官
B. 科举制彻底抛弃门第等级观念
C. 科举制有利于选拔社会实用人才
D. 科举制完全符合社会的发展需要","The next question is about China's history.
On July 18, 2012, Shenzhen Special Zone Daily published an article titled ""The Beauty of the Imperial Examination System"": ""The imperial examination system has produced a large number of... politicians, many thinkers with outstanding contributions... diplomats, etc., who have displayed their talents through the imperial examinations and are all talents of the Chinese nation."" This fully illustrates that
A. Ancient officials mainly came from the imperial examination selection
B. The imperial examination system completely abandoned the concept of family class
C. The imperial examination system is conducive to selecting practical talents for society
D. The imperial examination system fully meets the needs of social development"
446,甲午战后，梁启超提出“诗界革命”，曾赋诗“泱泱哉我中华……物产腴沃甲大地，天府雄国言非夸。君不见英日区区三岛尚崛起，况乃堂矞吾中华！”这反映出“诗界革命”,倡导民主革命的思想,成为改良思想的开端,推动了白话文运动,适应了救亡图存的需要,D,"A. 倡导民主革命的思想
B. 成为改良思想的开端
C. 推动了白话文运动
D. 适应了救亡图存的需要","下一个问题是关于中国的历史。
甲午战后，梁启超提出“诗界革命”，曾赋诗“泱泱哉我中华……物产腴沃甲大地，天府雄国言非夸。君不见英日区区三岛尚崛起，况乃堂矞吾中华！”这反映出“诗界革命”
A. 倡导民主革命的思想
B. 成为改良思想的开端
C. 推动了白话文运动
D. 适应了救亡图存的需要","The next question is about China's history.
After the Sino-Japanese War of 1894-1895, Liang Qichao proposed the ""Poetry Revolution"" and wrote a poem ""Great is China... The land is rich in products, and it is no exaggeration to say that it is a land of abundance. Don't you see that the three islands of Britain and Japan are rising, let alone China!"" This reflects that the ""Poetry Revolution""
A. advocated the idea of democratic revolution
B. became the beginning of reformist ideas
C. promoted the vernacular movement
D. adapted to the need to save the nation"
447,李鸿章在《筹议制造轮船未可裁撤折》中指出：“若我果深通其法，愈学愈精，愈推愈广，安见百数十年后不能攘夷而自立耶？”据此可知，此时的李鸿章力主推广,治国法律,教育之法,经商之法,制造之法,D,"A. 治国法律
B. 教育之法
C. 经商之法
D. 制造之法","下一个问题是关于中国的历史。
李鸿章在《筹议制造轮船未可裁撤折》中指出：“若我果深通其法，愈学愈精，愈推愈广，安见百数十年后不能攘夷而自立耶？”据此可知，此时的李鸿章力主推广
A. 治国法律
B. 教育之法
C. 经商之法
D. 制造之法","The next question is about China's history.
Li Hongzhang pointed out in the memorial ""On the Cancellation of the Construction of Steamships"": ""If I really understand the method, learn more and more, and promote it more and more, how can I not be able to drive out the foreigners and establish myself in a hundred or ten years?"" Based on this, we can know that at this time, Li Hongzhang strongly advocated the promotion of
A. Laws of governing the country
B. Laws of education
C. Laws of doing business
D. Laws of manufacturing"
448,1896年，江苏著名实业家荣德生、荣宗敬决定筹办面粉厂。在办厂审批时因为没有送礼遭到当地士绅的反对，幸好两江总督刘坤一是倡导办实业的官员，他一连下了八道要求地方官支持实业的批示，最终才确保了保兴面粉厂、振兴纱厂等企业的创办。这说明,政府官员廉洁,民企兴办艰难,总督办事高效,封建势力强大,B,"A. 政府官员廉洁
B. 民企兴办艰难
C. 总督办事高效
D. 封建势力强大","下一个问题是关于中国的历史。
1896年，江苏著名实业家荣德生、荣宗敬决定筹办面粉厂。在办厂审批时因为没有送礼遭到当地士绅的反对，幸好两江总督刘坤一是倡导办实业的官员，他一连下了八道要求地方官支持实业的批示，最终才确保了保兴面粉厂、振兴纱厂等企业的创办。这说明
A. 政府官员廉洁
B. 民企兴办艰难
C. 总督办事高效
D. 封建势力强大","The next question is about China's history.
In 1896, Rong Desheng and Rong Zongjing, two famous industrialists in Jiangsu, decided to set up a flour mill. When the factory was approved, they were opposed by local gentry because they did not give gifts. Fortunately, Liu Kunyi, the governor-general of Liangjiang, was an official who advocated the establishment of industry. He issued eight instructions in a row asking local officials to support industry, and finally ensured the establishment of Baoxing Flour Mill, Zhenxing Cotton Mill and other enterprises. This shows
A. Government officials are honest
B. It is difficult for private enterprises to start
C. The governor is efficient
D. The feudal forces are strong"
449,黄崇德是16世纪一位典型徽商。最初他只是经营棉布、粮食等，后获得政府许可，转而从事利润更大的食盐贸易，积累了巨额财富，用于购田置地。这说明当时：a 农产品大量进入商品流通领域；b 农本思想依然占主导地位；c 政府放弃对食盐贸易的控制；d 商人社会地位显著提高,bd,ad,ab,bc,C,"A. bd
B. ad
C. ab
D. bc","下一个问题是关于中国的历史。
黄崇德是16世纪一位典型徽商。最初他只是经营棉布、粮食等，后获得政府许可，转而从事利润更大的食盐贸易，积累了巨额财富，用于购田置地。这说明当时：a 农产品大量进入商品流通领域；b 农本思想依然占主导地位；c 政府放弃对食盐贸易的控制；d 商人社会地位显著提高
A. bd
B. ad
C. ab
D. bc","The next question is about China's history.
Huang Chongde was a typical Huizhou merchant in the 16th century. Initially, he only dealt in cotton cloth and grain, but later, with government permission, he switched to the more profitable salt trade, accumulating huge wealth and using it to buy land. This shows that at that time: a. agricultural products entered the commodity circulation field in large quantities; b. agricultural-based thinking still dominated; c. the government gave up control over the salt trade; d. the social status of merchants improved significantly
A. bd
B. ad
C. ab
D. bc"
450,某学者评价启蒙运动说:“‘进步’实际上已经成为哲学家的一种意识形态，他们坚信自然科学将会让人类更有力地支配整个世界，而人类理性则引领每个人走向自由，并建立起一个繁荣、公正、平等的社会。”引文所想表达的深层含义是,近代科学追求王权公平,启蒙运动倡导阶级平等,哲学意识支配世界繁荣,理性思考引领社会进步,D,"A. 近代科学追求王权公平
B. 启蒙运动倡导阶级平等
C. 哲学意识支配世界繁荣
D. 理性思考引领社会进步","下一个问题是关于中国的历史。
某学者评价启蒙运动说:“‘进步’实际上已经成为哲学家的一种意识形态，他们坚信自然科学将会让人类更有力地支配整个世界，而人类理性则引领每个人走向自由，并建立起一个繁荣、公正、平等的社会。”引文所想表达的深层含义是
A. 近代科学追求王权公平
B. 启蒙运动倡导阶级平等
C. 哲学意识支配世界繁荣
D. 理性思考引领社会进步","The next question is about China's history.
A scholar commented on the Enlightenment: ""'Progress' has actually become an ideology of philosophers. They firmly believe that natural science will enable humans to dominate the world more powerfully, while human reason will lead everyone to freedom and establish a prosperous, fair and equal society."" The deeper meaning of the quotation is 
A. Modern science pursues royal justice
B. The Enlightenment advocates class equality
C. Philosophical consciousness dominates world prosperity
D. Rational thinking leads social progress"
451,改革开放后，中共中央明确将中共八大作为探索中国社会主义建设道路的开端。这是因为中共八大,实现了工作重心向社会主义现代化建设的转变,全面总结了新民主主义革命的经验,客观分析了当时的国内形势与主要矛盾的变化,明确提出社会主义初级阶段的理论,C,"A. 实现了工作重心向社会主义现代化建设的转变
B. 全面总结了新民主主义革命的经验
C. 客观分析了当时的国内形势与主要矛盾的变化
D. 明确提出社会主义初级阶段的理论","下一个问题是关于中国的历史。
改革开放后，中共中央明确将中共八大作为探索中国社会主义建设道路的开端。这是因为中共八大
A. 实现了工作重心向社会主义现代化建设的转变
B. 全面总结了新民主主义革命的经验
C. 客观分析了当时的国内形势与主要矛盾的变化
D. 明确提出社会主义初级阶段的理论","The next question is about China's history.
After the reform and opening up, the CPC Central Committee clearly regarded the Eighth National Congress of the CPC as the beginning of exploring the path of China's socialist construction. This is because the Eighth National Congress of the CPC
A. realized the shift of the focus of work to socialist modernization construction
B. comprehensively summarized the experience of the New Democratic Revolution
C. objectively analyzed the domestic situation and changes in the main contradictions at that time
D. clearly put forward the theory of the primary stage of socialism"
452,孙中山曾有言：“兄弟曾听人说，民族革命是要尽灭满洲民族，这话大错。”1912年1月1日，孙中山在临时大总统宣言书中宣布：“国家之本，在于人民。合汉、满、蒙、回、藏诸地为一国，即合汉、满、蒙、回、藏诸族为一人，是曰民族之统一。”由上述材料可知，孙中山对中国近代民族主义理论的积极贡献是,是中国近代民族主义主张的最早提出者和政治实践者,推翻了满清贵族的统治，完成了“光复”国家的大业,实现了民族革命和民主革命的完美结合,提出“民族平等”“五族共和”，力避种族屠杀、国家分裂,D,"A. 是中国近代民族主义主张的最早提出者和政治实践者
B. 推翻了满清贵族的统治，完成了“光复”国家的大业
C. 实现了民族革命和民主革命的完美结合
D. 提出“民族平等”“五族共和”，力避种族屠杀、国家分裂","下一个问题是关于中国的历史。
孙中山曾有言：“兄弟曾听人说，民族革命是要尽灭满洲民族，这话大错。”1912年1月1日，孙中山在临时大总统宣言书中宣布：“国家之本，在于人民。合汉、满、蒙、回、藏诸地为一国，即合汉、满、蒙、回、藏诸族为一人，是曰民族之统一。”由上述材料可知，孙中山对中国近代民族主义理论的积极贡献是
A. 是中国近代民族主义主张的最早提出者和政治实践者
B. 推翻了满清贵族的统治，完成了“光复”国家的大业
C. 实现了民族革命和民主革命的完美结合
D. 提出“民族平等”“五族共和”，力避种族屠杀、国家分裂","The next question is about China's history.
Sun Yat-sen once said: ""I have heard people say that the national revolution is to destroy the Manchurian nation. This is totally wrong."" On January 1, 1912, Sun Yat-sen announced in the Declaration of the Provisional President: ""The foundation of the country lies in the people. The union of Han, Manchu, Mongolian, Hui, and Tibetan areas into one country is the union of Han, Manchu, Mongolian, Hui, and Tibetan peoples into one person, which is called national unity."" From the above materials, we can know that Sun Yat-sen's positive contribution to China's modern nationalism theory is
A. He was the earliest proposer and political practitioner of China's modern nationalism
B. He overthrew the rule of the Qing nobles and completed the great cause of ""restoring"" the country
C. He achieved the perfect combination of national revolution and democratic revolution
D. He proposed ""national equality"" and ""five-nation republic"" to avoid racial genocide and national division"
453,孔子是儒家学派的创始人，汉代崇尚儒学，尊《尚书》等五部书为经典，记录孔子言论的《论语》却不在“五经”之中，对此合理的解释时,儒学思想植根于久远的历史传统,汉代儒学背离了孔子的儒学思想,“五经”为阐发孔子儒学思想而作,儒学传统由于秦始皇焚书而断绝,A,"A. 儒学思想植根于久远的历史传统
B. 汉代儒学背离了孔子的儒学思想
C. “五经”为阐发孔子儒学思想而作
D. 儒学传统由于秦始皇焚书而断绝","下一个问题是关于中国的历史。
孔子是儒家学派的创始人，汉代崇尚儒学，尊《尚书》等五部书为经典，记录孔子言论的《论语》却不在“五经”之中，对此合理的解释时
A. 儒学思想植根于久远的历史传统
B. 汉代儒学背离了孔子的儒学思想
C. “五经”为阐发孔子儒学思想而作
D. 儒学传统由于秦始皇焚书而断绝","The next question is about China's history.
Confucius is the founder of the Confucian school. The Han Dynasty revered Confucianism and respected five books such as the Book of Documents as classics. However, the Analects, which records Confucius's remarks, is not among the ""Five Classics"". The reasonable explanation for this is
A. Confucianism is rooted in a long-standing historical tradition
B. Confucianism in the Han Dynasty deviated from Confucius' Confucianism
C. The ""Five Classics"" were written to expound Confucius' Confucianism
D. The Confucian tradition was cut off due to the burning of books by Qin Shihuang"
454,1949年9月21日，中国人民政治协商会议第一届全体会议在北平召开。出席大会的正式代表、候补代表及特邀代表共662名，有十分广泛的代表性和民主性。会议的主要任务是集中全国各族人民的意志，制定中国人民自己的宪章，组织中国人民自己的中央政府。这反映出,人民政权得到巩固,人民真正成为国家的主人,人民代表大会制度的确立,人民生活水平提高,B,"A. 人民政权得到巩固
B. 人民真正成为国家的主人
C. 人民代表大会制度的确立
D. 人民生活水平提高","下一个问题是关于中国的历史。
1949年9月21日，中国人民政治协商会议第一届全体会议在北平召开。出席大会的正式代表、候补代表及特邀代表共662名，有十分广泛的代表性和民主性。会议的主要任务是集中全国各族人民的意志，制定中国人民自己的宪章，组织中国人民自己的中央政府。这反映出
A. 人民政权得到巩固
B. 人民真正成为国家的主人
C. 人民代表大会制度的确立
D. 人民生活水平提高","The next question is about China's history.
On September 21, 1949, the first plenary session of the Chinese People's Political Consultative Conference was held in Beijing. There were 662 formal representatives, alternate representatives and special invited representatives attending the conference, which was very representative and democratic. The main task of the conference was to concentrate the will of the people of all ethnic groups in the country, formulate the Chinese people's own constitution, and organize the Chinese people's own central government. This reflects
A. The people's political power has been consolidated
B. The people have truly become the masters of the country
C. The establishment of the people's congress system
D. The improvement of people's living standards"
455,汉初，官方禁止商人“衣丝乘车”，但后来一些商人“假二千石(官员级别)舆服导从作倡乐，奢侈日甚”。这反映出,休养生息造成消费观念的改变,原有规制受到商业发展的挑战,朝廷的抑商政策发生了重大转变,官员与商人的社会地位渐趋一致,B,"A. 休养生息造成消费观念的改变
B. 原有规制受到商业发展的挑战
C. 朝廷的抑商政策发生了重大转变
D. 官员与商人的社会地位渐趋一致","下一个问题是关于中国的历史。
汉初，官方禁止商人“衣丝乘车”，但后来一些商人“假二千石(官员级别)舆服导从作倡乐，奢侈日甚”。这反映出
A. 休养生息造成消费观念的改变
B. 原有规制受到商业发展的挑战
C. 朝廷的抑商政策发生了重大转变
D. 官员与商人的社会地位渐趋一致","The next question is about China's history.
In the early Han Dynasty, the government prohibited merchants from wearing silk and riding in carriages, but later some merchants ""pretended to be officials of the rank of 2,000-stone officials, and used their followers to perform music and entertainment, becoming more and more extravagant."" This reflects
A. The change in consumption concepts caused by recuperation
B. The original regulations were challenged by the development of commerce
C. The court's policy of suppressing commerce underwent a major change
D. The social status of officials and merchants gradually became consistent"
456,清末传教士明恩溥记述：“促使中国学子年复一年地坚持科举考试，有的直到九十高龄终于拿到文凭方可罢休，有的则死于这一过程中。功名利禄一类是无法说清楚的……九十高龄之后，即便考中又怎么样？唯一的解释是他天生具有忍耐的禀赋。”该材料,折射出学子的价值取向,表明科举制下学子的愚昧无知,反映出科举制失去人才选拔功能,批判学子追求功名利禄,A,"A. 折射出学子的价值取向
B. 表明科举制下学子的愚昧无知
C. 反映出科举制失去人才选拔功能
D. 批判学子追求功名利禄","下一个问题是关于中国的历史。
清末传教士明恩溥记述：“促使中国学子年复一年地坚持科举考试，有的直到九十高龄终于拿到文凭方可罢休，有的则死于这一过程中。功名利禄一类是无法说清楚的……九十高龄之后，即便考中又怎么样？唯一的解释是他天生具有忍耐的禀赋。”该材料
A. 折射出学子的价值取向
B. 表明科举制下学子的愚昧无知
C. 反映出科举制失去人才选拔功能
D. 批判学子追求功名利禄","The next question is about China's history.
Ming Enpu, a missionary in the late Qing Dynasty, wrote: ""It urged Chinese students to persist in the imperial examinations year after year. Some of them did not give up until they were 90 years old and finally got their diplomas, while others died in the process. It is impossible to explain fame, wealth and status... After 90 years old, what does it matter if he passes the exam? The only explanation is that he is born with the gift of patience."" This material
A. reflects the value orientation of students
B. shows the ignorance of students under the imperial examination system
C. reflects that the imperial examination system has lost its talent selection function
D. criticizes students for pursuing fame, wealth and status"
457,据清代档案《户部汇题各省民数谷数清册》统计，咸丰元年（1851年）尚有完整的全国人口记录，咸丰三年起，南方多省册报残阙，人口遽降。造成这种状况的主要原因是,列强发动侵华战争，户籍管理受冲击,清政府调整政策，放松了户籍管理,农民起义爆发，冲击了旧的统治秩序,清朝吏治腐败，户籍管理混乱,C,"A. 列强发动侵华战争，户籍管理受冲击
B. 清政府调整政策，放松了户籍管理
C. 农民起义爆发，冲击了旧的统治秩序
D. 清朝吏治腐败，户籍管理混乱","下一个问题是关于中国的历史。
据清代档案《户部汇题各省民数谷数清册》统计，咸丰元年（1851年）尚有完整的全国人口记录，咸丰三年起，南方多省册报残阙，人口遽降。造成这种状况的主要原因是
A. 列强发动侵华战争，户籍管理受冲击
B. 清政府调整政策，放松了户籍管理
C. 农民起义爆发，冲击了旧的统治秩序
D. 清朝吏治腐败，户籍管理混乱","The next question is about China's history.
According to the Qing Dynasty archives ""The Ministry of Households' Compilation of Population and Grain in Each Province"", there was a complete national population record in the first year of Emperor Xianfeng (1851). Since the third year of Emperor Xianfeng, the population of many southern provinces has been incomplete and the population has dropped sharply. The main reasons for this situation are:
A. The foreign powers launched a war of aggression against China, which impacted the household registration management
B. The Qing government adjusted its policies and relaxed the household registration management
C. The peasant uprising broke out, impacting the old ruling order
D. The Qing Dynasty's officialdom was corrupt and the household registration management was chaotic"
458,《汉书》有“《公羊董仲舒治狱》十六篇”，主张凡是违背了“三纲五常”准则的，一律要按照《春秋》经义予以严惩。汉宣帝时期，桓宽在《盐铁论》中说：“故《春秋》之治狱，论心定罪。志善而违于法者免，志恶而合于法者诛。”由此可见，这一时期的“春秋决狱”,造成了法律与伦理的冲突,渗透了外儒内法的理念,呈现出法律儒家化特征,蕴含着一定的理性化色彩,A,"A. 造成了法律与伦理的冲突
B. 渗透了外儒内法的理念
C. 呈现出法律儒家化特征
D. 蕴含着一定的理性化色彩","下一个问题是关于中国的历史。
《汉书》有“《公羊董仲舒治狱》十六篇”，主张凡是违背了“三纲五常”准则的，一律要按照《春秋》经义予以严惩。汉宣帝时期，桓宽在《盐铁论》中说：“故《春秋》之治狱，论心定罪。志善而违于法者免，志恶而合于法者诛。”由此可见，这一时期的“春秋决狱”
A. 造成了法律与伦理的冲突
B. 渗透了外儒内法的理念
C. 呈现出法律儒家化特征
D. 蕴含着一定的理性化色彩","The next question is about China's history.
The ""Book of Han"" contains ""Sixteen Chapters of Gongyang Dong Zhongshu's Judicial Administration"", which advocates that anyone who violates the ""Three Bonds and Five Constant Virtues"" should be severely punished in accordance with the ""Spring and Autumn Annals"". During the reign of Emperor Xuan of Han, Huan Kuan said in ""Salt and Iron Discussions"": ""Therefore, the ""Spring and Autumn Annals"" judges the case based on the heart. Those who have good intentions but violate the law are exempted, and those who have evil intentions but comply with the law are punished."" It can be seen that the ""Spring and Autumn Judicial Administration"" of this period
A. caused a conflict between law and ethics
B. permeated the concept of Confucianism outside and law inside
C. showed the Confucian characteristics of law
D. contained a certain rational color"
459,民国时期，初小四年级课本《平等》一文写道：“共和国无阶级之分，人人平等，受治于同一之法律……虽以大总统之地位，犹必谨守法律，不能恃势以凌人。一旦罢职，即与齐民无异。”这表明,追求平等是民国时期政治斗争核心,民国时期中国教育发生根本变化,民国时期重视公民意识教育,辛亥革命后民主共和观念深入人心,C,"A. 追求平等是民国时期政治斗争核心
B. 民国时期中国教育发生根本变化
C. 民国时期重视公民意识教育
D. 辛亥革命后民主共和观念深入人心","下一个问题是关于中国的历史。
民国时期，初小四年级课本《平等》一文写道：“共和国无阶级之分，人人平等，受治于同一之法律……虽以大总统之地位，犹必谨守法律，不能恃势以凌人。一旦罢职，即与齐民无异。”这表明
A. 追求平等是民国时期政治斗争核心
B. 民国时期中国教育发生根本变化
C. 民国时期重视公民意识教育
D. 辛亥革命后民主共和观念深入人心","The next question is about China's history.
During the Republic of China period, the fourth grade primary school textbook ""Equality"" wrote: ""There is no class distinction in the Republic, everyone is equal and governed by the same law... Although he is the president, he must abide by the law and cannot bully others. Once he is dismissed, he is no different from ordinary people."" This shows that
A. The pursuit of equality was the core of political struggle during the Republic of China period
B. China's education underwent fundamental changes during the Republic of China period
C. The Republic of China attached importance to civic awareness education
D. After the Revolution of 1911, the concept of democracy and republic was deeply rooted in people's hearts"
460,人们经常用国内生产总值（简称GDP）占世界总量的比重来论证本国的国际地位及发展方向。但也有人以1840年中国的GDP是世界的33%，但之后就逐步沦为半殖民地；而1949年中国的GDP虽是世界的6%，却赢得了真正的独立并逐步走向大国这些史实来反对GDP决定论。据此，下列该现象分析最为合理的是,决定GDP变化的经济性质才是真正决定国家的地位和发展方向的,GDP的确能反映经济发展状况，可以证实国家的地位和发展方向,GDP只能反映当时经济状况，故不能反映国家的地位和发展方向,GDP的国际地位变化趋势经常与该国国际地位变化趋势成反方向,A,"A. 决定GDP变化的经济性质才是真正决定国家的地位和发展方向的
B. GDP的确能反映经济发展状况，可以证实国家的地位和发展方向
C. GDP只能反映当时经济状况，故不能反映国家的地位和发展方向
D. GDP的国际地位变化趋势经常与该国国际地位变化趋势成反方向","下一个问题是关于中国的历史。
人们经常用国内生产总值（简称GDP）占世界总量的比重来论证本国的国际地位及发展方向。但也有人以1840年中国的GDP是世界的33%，但之后就逐步沦为半殖民地；而1949年中国的GDP虽是世界的6%，却赢得了真正的独立并逐步走向大国这些史实来反对GDP决定论。据此，下列该现象分析最为合理的是
A. 决定GDP变化的经济性质才是真正决定国家的地位和发展方向的
B. GDP的确能反映经济发展状况，可以证实国家的地位和发展方向
C. GDP只能反映当时经济状况，故不能反映国家的地位和发展方向
D. GDP的国际地位变化趋势经常与该国国际地位变化趋势成反方向","The next question is about China's history.
People often use the proportion of gross domestic product (GDP) in the world's total to prove the country's international status and development direction. However, some people also use the historical facts that China's GDP in 1840 was 33% of the world's GDP, but then it gradually became a semi-colony; and in 1949, although China's GDP was 6% of the world's GDP, it won true independence and gradually became a great power to oppose GDP determinism. Based on this, the following analysis of this phenomenon is the most reasonable
A. The economic nature that determines the change of GDP is the real determination of the country's status and development direction
B. GDP can indeed reflect the economic development situation and can confirm the country's status and development direction
C. GDP can only reflect the economic situation at the time, so it cannot reflect the country's status and development direction
D. The trend of GDP's international status changes is often in the opposite direction of the country's international status changes"
461,《春秋繁露》曰：“大富则骄，大贫则忧……使富者足以示贵而不至于骄，贫者足以养生而不至于忧，以此为度而调均之，是以财不匮而上下相安，故易治也。”在此，董仲舒提出的治国理念是,强制去富以抑其骄,上下相安利国益民,劫富济贫以均贫富,竭力济贫以抚其忧,B,"A. 强制去富以抑其骄
B. 上下相安利国益民
C. 劫富济贫以均贫富
D. 竭力济贫以抚其忧","下一个问题是关于中国的历史。
《春秋繁露》曰：“大富则骄，大贫则忧……使富者足以示贵而不至于骄，贫者足以养生而不至于忧，以此为度而调均之，是以财不匮而上下相安，故易治也。”在此，董仲舒提出的治国理念是
A. 强制去富以抑其骄
B. 上下相安利国益民
C. 劫富济贫以均贫富
D. 竭力济贫以抚其忧","The next question is about China's history.
""Chunqiu Fanlu"" says: ""The rich will be arrogant, the poor will be worried... Make the rich show their nobility without being arrogant, and the poor live a healthy life without being worried. With this as the standard, balance them. Therefore, there will be no shortage of money and the upper and lower classes will be at peace, so it is easy to govern."" Here, Dong Zhongshu proposed the concept of governing the country:
A. Force the rich to get rid of their arrogance
B. The upper and lower classes will be at peace, which will benefit the country and the people
C. Rob the rich to help the poor to balance the rich and the poor
D. Do your best to help the poor to relieve their worries"
462,毛泽东在谈及学生时代喜爱阅读的一份出版物时说：“我很欣赏胡适和陈独秀写的文章，他们一度成为我效仿的榜样，取代了我已不再崇拜的梁启超和康有为。”这份出版物应该是,《新青年》,《民报》,《时务报》,《申报》,A,"A. 《新青年》
B. 《民报》
C. 《时务报》
D. 《申报》","下一个问题是关于中国的历史。
毛泽东在谈及学生时代喜爱阅读的一份出版物时说：“我很欣赏胡适和陈独秀写的文章，他们一度成为我效仿的榜样，取代了我已不再崇拜的梁启超和康有为。”这份出版物应该是
A. 《新青年》
B. 《民报》
C. 《时务报》
D. 《申报》","The next question is about China's history.
Mao Zedong said about a publication he loved to read when he was a student: ""I admired the articles written by Hu Shi and Chen Duxiu. They became my role models for a time, replacing Liang Qichao and Kang Youwei, whom I no longer admired."" This publication should be
A. ""New Youth""
B. ""Minbao""
C. ""Shiwu Bao""
D. ""Shenbao"""
463,据叶德辉《书林清话》，五代后唐时，在宰相冯道主持下，开始将儒家“九经”校勘后刻版印刷。宋初国子监有书版四千，至真宗景德二年，书版剧增至十万。此外中央崇文院、司天监、秘书监等机构也都大量刻书。宋朝书坊遍及全国各地，所售书籍大多精雕细校。由此推断,雕版印刷限用于官方刻书,活字印刷已取代雕版印刷,宰相冯道发明雕版印刷术,雕版印刷得到了广泛应用,D,"A. 雕版印刷限用于官方刻书
B. 活字印刷已取代雕版印刷
C. 宰相冯道发明雕版印刷术
D. 雕版印刷得到了广泛应用","下一个问题是关于中国的历史。
据叶德辉《书林清话》，五代后唐时，在宰相冯道主持下，开始将儒家“九经”校勘后刻版印刷。宋初国子监有书版四千，至真宗景德二年，书版剧增至十万。此外中央崇文院、司天监、秘书监等机构也都大量刻书。宋朝书坊遍及全国各地，所售书籍大多精雕细校。由此推断
A. 雕版印刷限用于官方刻书
B. 活字印刷已取代雕版印刷
C. 宰相冯道发明雕版印刷术
D. 雕版印刷得到了广泛应用","The next question is about China's history.
According to Ye Dehui's ""Shulin Qinghua"", during the Five Dynasties and the Later Tang Dynasty, under the leadership of Prime Minister Feng Dao, the Confucian ""Nine Classics"" began to be proofread and printed. In the early Song Dynasty, the Imperial College had 4,000 book plates, and by the second year of Jingde in the reign of Emperor Zhenzong, the number of book plates increased dramatically to 100,000. In addition, the central Chongwen Academy, Sitianjian, and the Secretary Bureau also printed a large number of books. Song Dynasty bookstores were spread all over the country, and most of the books sold were carefully carved and proofread. From this, it can be inferred that
A. Woodblock printing was limited to official book engraving
B. Movable type printing has replaced woodblock printing
C. Prime Minister Feng Dao invented woodblock printing
D. Woodblock printing has been widely used"
464,甲午中日战争爆发前夕，有些西方人士认为中国拥有一定的军备优势，“毫无疑问的是日本必然最后被彻底粉碎”，他们做出上述判断的主要依据应是，中国,已完成对军队的西式改革,集权制度有利于作战指挥,能获得更广泛的外部援助,近代化努力收到较大成效,D,"A. 已完成对军队的西式改革
B. 集权制度有利于作战指挥
C. 能获得更广泛的外部援助
D. 近代化努力收到较大成效","下一个问题是关于中国的历史。
甲午中日战争爆发前夕，有些西方人士认为中国拥有一定的军备优势，“毫无疑问的是日本必然最后被彻底粉碎”，他们做出上述判断的主要依据应是，中国
A. 已完成对军队的西式改革
B. 集权制度有利于作战指挥
C. 能获得更广泛的外部援助
D. 近代化努力收到较大成效","The next question is about China's history.
On the eve of the outbreak of the Sino-Japanese War of 1894-1895, some Westerners believed that China had a certain military advantage and that ""there is no doubt that Japan will be completely crushed in the end."" The main basis for their judgment should be that China
A. had completed Western-style reforms of the military
B. The centralized system was conducive to combat command
C. It could obtain more extensive external assistance
D. Its modernization efforts had achieved great results"
465,战国以前，“百姓”是对贵族的总称；战国以后，“百姓”成为民众的通称。导致这一变化的主要原因是,井田制的推行,百家争鸣局面的出现,宗法制的衰落,分封制的加强,C,"A. 井田制的推行
B. 百家争鸣局面的出现
C. 宗法制的衰落
D. 分封制的加强","下一个问题是关于中国的历史。
战国以前，“百姓”是对贵族的总称；战国以后，“百姓”成为民众的通称。导致这一变化的主要原因是
A. 井田制的推行
B. 百家争鸣局面的出现
C. 宗法制的衰落
D. 分封制的加强","The next question is about China's history.
Before the Warring States Period, ""common people"" was a general term for nobles; after the Warring States Period, ""common people"" became a general term for the people. The main reason for this change was
A. The implementation of the well-field system
B. The emergence of a hundred schools of thought
C. The decline of the patriarchal system
D. The strengthening of the feudal system"
466,1949年12月，中央人民政府政务院颁布《关于统一发布中央人民政府及其所署名机关重要新闻的暂行办法》，规定所有公告和公告性新闻均由新华通讯社统一发布。这一举措的目的在于,实现信息传播业的结构性调整,便于及时通报国内国际形势,建立起高效的新闻宣传网,建立集中统一的新闻宣传制度,D,"A. 实现信息传播业的结构性调整
B. 便于及时通报国内国际形势
C. 建立起高效的新闻宣传网
D. 建立集中统一的新闻宣传制度","下一个问题是关于中国的历史。
1949年12月，中央人民政府政务院颁布《关于统一发布中央人民政府及其所署名机关重要新闻的暂行办法》，规定所有公告和公告性新闻均由新华通讯社统一发布。这一举措的目的在于
A. 实现信息传播业的结构性调整
B. 便于及时通报国内国际形势
C. 建立起高效的新闻宣传网
D. 建立集中统一的新闻宣传制度","The next question is about China's history.
In December 1949, the State Council of the Central People's Government promulgated the ""Interim Measures for the Unified Release of Important News of the Central People's Government and Its Signatory Agencies"", stipulating that all announcements and announcement-related news should be released by Xinhua News Agency. The purpose of this measure is to
A. achieve structural adjustment of the information dissemination industry
B. facilitate timely reporting of domestic and international situations
C. establish an efficient news propaganda network
D. establish a centralized and unified news propaganda system"
467,杨宁一在《历史学习新视野新知识》中提出：“1895年甲午战争失败，民族危机迫在眉睫。朝野士大夫不得不放弃洋务制器兴国的迷梦，开始了更深层次的思考。”这次“思考”的“层次”变化是,从制度到文化,从器物到制度,从技术到器物,从制度到思想,B,"A. 从制度到文化
B. 从器物到制度
C. 从技术到器物
D. 从制度到思想","下一个问题是关于中国的历史。
杨宁一在《历史学习新视野新知识》中提出：“1895年甲午战争失败，民族危机迫在眉睫。朝野士大夫不得不放弃洋务制器兴国的迷梦，开始了更深层次的思考。”这次“思考”的“层次”变化是
A. 从制度到文化
B. 从器物到制度
C. 从技术到器物
D. 从制度到思想","The next question is about China's history.
Yang Ningyi proposed in ""New Perspectives and New Knowledge in Historical Learning"": ""After the defeat in the Sino-Japanese War of 1895, the national crisis was imminent. The officials in the government and the public had to give up the dream of strengthening the country through Westernization and began to think more deeply."" The ""level"" of this ""thinking"" changed: 
A. From system to culture
B. From artifacts to system
C. From technology to artifacts
D. From system to thought"
468,据《中国报学史》统计，武昌起义胜利后半年内，全国报纸由100多家迅速发展到500多家，总销量达到4200万份。出现这一现象的主要原因是,人们关心社会变革，希望了解世界变化,大力提倡白话文使阅读报纸的人数激增,人们普遍赞成民主共和，反对君主专制,《临时约法》规定有言论、出版等自由,A,"A. 人们关心社会变革，希望了解世界变化
B. 大力提倡白话文使阅读报纸的人数激增
C. 人们普遍赞成民主共和，反对君主专制
D. 《临时约法》规定有言论、出版等自由","下一个问题是关于中国的历史。
据《中国报学史》统计，武昌起义胜利后半年内，全国报纸由100多家迅速发展到500多家，总销量达到4200万份。出现这一现象的主要原因是
A. 人们关心社会变革，希望了解世界变化
B. 大力提倡白话文使阅读报纸的人数激增
C. 人们普遍赞成民主共和，反对君主专制
D. 《临时约法》规定有言论、出版等自由","The next question is about China's history.
According to the History of Chinese Journalism, within half a year after the victory of the Wuchang Uprising, the number of newspapers in the country rapidly increased from more than 100 to more than 500, with a total sales volume of 42 million copies. The main reasons for this phenomenon are:
A. People care about social changes and want to understand changes in the world
B. The vigorous promotion of vernacular Chinese has led to a surge in the number of people reading newspapers
C. People generally support democracy and republic and oppose monarchy
D. The Provisional Constitution stipulates freedom of speech, publication, etc."
469,1990年11月，联合国安理会通过第678号决议，“授权同科威特政府合作的会员国，除非伊拉克在1991年1月15日或之前……完全执行上述各决议（指无条件撤军），否则可以使用一切必要手段……恢复该地区的国际和平与安全”。依此决议，多国部队对伊拉克采取了军事行动。中国政府对该决议投了弃权票。对此分析正确的是,中国政府反对军事干预解决争端,联合国大会职责是维护世界和平与安全,中国政府反对联合国安理会决议,联合国的军事行动违背了大国一致原则,A,"A. 中国政府反对军事干预解决争端
B. 联合国大会职责是维护世界和平与安全
C. 中国政府反对联合国安理会决议
D. 联合国的军事行动违背了大国一致原则","下一个问题是关于中国的历史。
1990年11月，联合国安理会通过第678号决议，“授权同科威特政府合作的会员国，除非伊拉克在1991年1月15日或之前……完全执行上述各决议（指无条件撤军），否则可以使用一切必要手段……恢复该地区的国际和平与安全”。依此决议，多国部队对伊拉克采取了军事行动。中国政府对该决议投了弃权票。对此分析正确的是
A. 中国政府反对军事干预解决争端
B. 联合国大会职责是维护世界和平与安全
C. 中国政府反对联合国安理会决议
D. 联合国的军事行动违背了大国一致原则","The next question is about China's history.
In November 1990, the UN Security Council passed Resolution 678, ""authorizing member states cooperating with the Kuwaiti government to use all necessary means to restore international peace and security in the region unless Iraq fully implements the above resolutions (referring to unconditional withdrawal) on or before January 15, 1991"". In accordance with this resolution, the multinational force took military action against Iraq. The Chinese government abstained from voting on the resolution. The correct analysis of this is
A. The Chinese government opposes military intervention to resolve disputes
B. The responsibility of the United Nations General Assembly is to maintain world peace and security
C. The Chinese government opposes the UN Security Council resolution
D. The UN military action violates the principle of great power consensus"
470,明初废丞相、设顾问性质的内阁大学士，严防权臣乱政。明中后期严嵩、张居正等内阁首辅操纵朝政，权倾一时。这表明,皇权渐趋衰落,内阁取代六部,首辅权力失控,君主集权加强,D,"A. 皇权渐趋衰落
B. 内阁取代六部
C. 首辅权力失控
D. 君主集权加强","下一个问题是关于中国的历史。
明初废丞相、设顾问性质的内阁大学士，严防权臣乱政。明中后期严嵩、张居正等内阁首辅操纵朝政，权倾一时。这表明
A. 皇权渐趋衰落
B. 内阁取代六部
C. 首辅权力失控
D. 君主集权加强","The next question is about China's history.
In the early Ming Dynasty, the prime minister was abolished and the cabinet ministers with advisory nature were set up to prevent powerful officials from making trouble. In the middle and late Ming Dynasty, the cabinet ministers such as Yan Song and Zhang Juzheng manipulated the government and were powerful for a time. This shows that
A. The imperial power was gradually declining
B. The cabinet replaced the six ministries
C. The power of the ministers was out of control
D. The monarch's centralization was strengthened"
471,毛泽东在一篇文章中说： “打倒帝国主义，打倒军阎，打倒贪官污吏，打倒土豪劣钾，这几个政治口号，真是不翼而飞，飞到无数乡村的青年壮年老头子小孩子妇女们的面前，一直钻进他们的脑子里去，又从他们的脑子里流到了他们的嘴上。”该文描述的这一现象表明,中国革命性质开始发生根本转变,国民党在农村调整扶助农工政策,中国革命目标与民众需求相一致,中共工农武装割据理论日益成熟,C,"A. 中国革命性质开始发生根本转变
B. 国民党在农村调整扶助农工政策
C. 中国革命目标与民众需求相一致
D. 中共工农武装割据理论日益成熟","下一个问题是关于中国的历史。
毛泽东在一篇文章中说： “打倒帝国主义，打倒军阎，打倒贪官污吏，打倒土豪劣钾，这几个政治口号，真是不翼而飞，飞到无数乡村的青年壮年老头子小孩子妇女们的面前，一直钻进他们的脑子里去，又从他们的脑子里流到了他们的嘴上。”该文描述的这一现象表明
A. 中国革命性质开始发生根本转变
B. 国民党在农村调整扶助农工政策
C. 中国革命目标与民众需求相一致
D. 中共工农武装割据理论日益成熟","The next question is about China's history.
Mao Zedong said in an article: ""Down with imperialism, down with the military, down with corrupt officials, down with local tyrants, these political slogans have really disappeared, flying to the front of countless young people, middle-aged people, old men, children and women in the countryside, and have penetrated into their brains, and flowed from their brains to their mouths."" The phenomenon described in the article shows that 
A. The nature of the Chinese revolution began to undergo a fundamental change 
B. The Kuomintang adjusted its policy of supporting farmers and workers in rural areas 
C. The goals of the Chinese revolution are consistent with the needs of the people 
D. The CCP's theory of armed separatist regimes of workers and peasants is becoming increasingly mature"
472,汉武帝时，朝廷制作出许多一尺见方的白鹿皮，称为“皮币”，定价为40万钱一张。诸侯王参加献礼时，必须购皮币用来置放礼物，而当时一个“千户侯”一年的租税收入约为20万钱。朝廷这种做法,加强了货币管理,实现了对地方的控制,削弱了诸侯实力,确立了思想上的统一,C,"A. 加强了货币管理
B. 实现了对地方的控制
C. 削弱了诸侯实力
D. 确立了思想上的统一","下一个问题是关于中国的历史。
汉武帝时，朝廷制作出许多一尺见方的白鹿皮，称为“皮币”，定价为40万钱一张。诸侯王参加献礼时，必须购皮币用来置放礼物，而当时一个“千户侯”一年的租税收入约为20万钱。朝廷这种做法
A. 加强了货币管理
B. 实现了对地方的控制
C. 削弱了诸侯实力
D. 确立了思想上的统一","The next question is about China's history.
During the reign of Emperor Wu of Han, the court produced many white deer skins of one foot square, called ""skin coins"", and priced at 400,000 coins per piece. When the princes participated in the tribute, they had to buy skin coins to place the gifts. At that time, the annual tax income of a ""thousand-household marquis"" was about 200,000 coins. The court's practice
A. Strengthened currency management
B. Achieved control over the local areas
C. Weakened the power of the princes
D. Established ideological unity"
473,秦朝法律规定，私拿养子财物以偷盗罪论处，私拿亲子财物无罪；西晋时规定，私拿养子财物同样无罪。这一变化表明，西晋时,儒家伦理得到强化,宗族利益受到保护,养子亲子权利相同,血缘亲情逐渐淡化,A,"A. 儒家伦理得到强化
B. 宗族利益受到保护
C. 养子亲子权利相同
D. 血缘亲情逐渐淡化","下一个问题是关于中国的历史。
秦朝法律规定，私拿养子财物以偷盗罪论处，私拿亲子财物无罪；西晋时规定，私拿养子财物同样无罪。这一变化表明，西晋时
A. 儒家伦理得到强化
B. 宗族利益受到保护
C. 养子亲子权利相同
D. 血缘亲情逐渐淡化","The next question is about China's history.
The Qin Dynasty law stipulated that taking the property of an adopted son privately was considered theft, but taking the property of one's own son privately was not a crime; the Western Jin Dynasty stipulated that taking the property of an adopted son privately was also not a crime. This change shows that during the Western Jin Dynasty
A. Confucian ethics were strengthened
B. Clan interests were protected
C. Adopted sons and parent sons had the same rights
D. Blood ties gradually faded"
474,台湾版教材有这样的表述：《道德经》认为文明是人类痛苦和罪恶的源泉。人类的智慧越高，知识越丰富，则痛苦和罪恶也就越大。下列哪一思想家的观点与其截然相悖,泰勒斯,亚里士多德,普岁塔哥拉,苏格拉底,D,"A. 泰勒斯
B. 亚里士多德
C. 普岁塔哥拉
D. 苏格拉底","下一个问题是关于中国的历史。
台湾版教材有这样的表述：《道德经》认为文明是人类痛苦和罪恶的源泉。人类的智慧越高，知识越丰富，则痛苦和罪恶也就越大。下列哪一思想家的观点与其截然相悖
A. 泰勒斯
B. 亚里士多德
C. 普岁塔哥拉
D. 苏格拉底","The next question is about China's history.
The Taiwan version of the textbook has this statement: The Tao Te Ching believes that civilization is the source of human suffering and sin. The higher the wisdom of mankind and the richer the knowledge, the greater the suffering and sin. Which of the following thinkers has a completely different view?
A. Thales
B. Aristotle
C. Psytagoras
D. Socrates"
475,清初地理学家刘献廷在其《广阳杂记》中说：“天下有四聚，北则京师，南则佛山，东则苏州，西则汉口，然东海之滨，苏州而外，更有芜湖、扬州、江宁、杭州以分其势，西则惟汉口耳。”据此可知清初,已形成统一国内市场,苏州是江南经济中心,工商业市镇繁荣发展,区域经济发展不平衡,D,"A. 已形成统一国内市场
B. 苏州是江南经济中心
C. 工商业市镇繁荣发展
D. 区域经济发展不平衡","下一个问题是关于中国的历史。
清初地理学家刘献廷在其《广阳杂记》中说：“天下有四聚，北则京师，南则佛山，东则苏州，西则汉口，然东海之滨，苏州而外，更有芜湖、扬州、江宁、杭州以分其势，西则惟汉口耳。”据此可知清初
A. 已形成统一国内市场
B. 苏州是江南经济中心
C. 工商业市镇繁荣发展
D. 区域经济发展不平衡","The next question is about China's history.
Liu Xianting, a geographer in the early Qing Dynasty, said in his ""Miscellaneous Notes of Guangyang"": ""There are four places in the world, the capital in the north, Foshan in the south, Suzhou in the east, and Hankou in the west. However, on the coast of the East China Sea, in addition to Suzhou, there are Wuhu, Yangzhou, Jiangning, and Hangzhou to divide its power. In the west, there is only Hankou."" Based on this, we can know that in the early Qing Dynasty
A. A unified domestic market had been formed
B. Suzhou was the economic center of Jiangnan
C. Industrial and commercial towns prospered and developed
D. Regional economic development was unbalanced"
476,“吾国纱厂事业，自欧战起后，获利甚厚，国人鉴于利之所在，均争相投资，设厂增锭，大有风起云涌之势。迨欧战告终，本纱之输出杜绝，外纱复纷至沓来，遂致连年市价，一蹶不振”。据此判断，第一次世界大战后中国棉纺织业“一蹶不振”的原因有：a世界棉纺织业渐趋萎缩；b西方列强经济侵略；c官僚资本挤压民族企业；d商人投资规模过度,ac,ad,bd,bc,C,"A. ac
B. ad
C. bd
D. bc","下一个问题是关于中国的历史。
“吾国纱厂事业，自欧战起后，获利甚厚，国人鉴于利之所在，均争相投资，设厂增锭，大有风起云涌之势。迨欧战告终，本纱之输出杜绝，外纱复纷至沓来，遂致连年市价，一蹶不振”。据此判断，第一次世界大战后中国棉纺织业“一蹶不振”的原因有：a世界棉纺织业渐趋萎缩；b西方列强经济侵略；c官僚资本挤压民族企业；d商人投资规模过度
A. ac
B. ad
C. bd
D. bc","The next question is about China's history.
""Since the outbreak of the European war, the cotton mill industry in our country has made great profits. In view of the profits, the Chinese people have rushed to invest, set up factories and increase spindles, and the situation has been surging. When the European war ended, the export of domestic yarn was stopped, and foreign yarns began to pour in, causing the market price to fall for many years."" Based on this, the reasons for the ""fall"" of China's cotton textile industry after the First World War are: a. The world cotton textile industry gradually shrank; b. Economic aggression by Western powers; c. Bureaucratic capital squeezed national enterprises; d. Excessive investment by businessmen
A. ac
B. ad
C. bd
D. bc"
477,宋明理学普遍倡导“存理去欲”的修养论，“格物”的认识论，“成贤成圣”的境界论，“齐家平天下”的功名论，其根本出发点是,培养经世致用的人才,树立理学的统治地位,修身养性，提高个人修养,规范社会秩序，实现社会和谐,D,"A. 培养经世致用的人才
B. 树立理学的统治地位
C. 修身养性，提高个人修养
D. 规范社会秩序，实现社会和谐","下一个问题是关于中国的历史。
宋明理学普遍倡导“存理去欲”的修养论，“格物”的认识论，“成贤成圣”的境界论，“齐家平天下”的功名论，其根本出发点是
A. 培养经世致用的人才
B. 树立理学的统治地位
C. 修身养性，提高个人修养
D. 规范社会秩序，实现社会和谐","The next question is about China's history.
Neo-Confucianism in the Song and Ming dynasties generally advocated the theory of self-cultivation of ""keeping principles and eliminating desires"", the theory of knowledge of ""investigating things"", the theory of realm of ""becoming a sage"", and the theory of fame of ""regulating the family and pacifying the world"". Its fundamental starting point is
A. To cultivate talents who can be useful in the world
B. To establish the dominant position of Neo-Confucianism
C. To cultivate oneself and improve personal cultivation
D. To regulate social order and achieve social harmony"
478,20世纪30年代中期，《新中华》载文：“现在你随便拉住一个稍稍留心中国经济问题的人，问他中国经济性质如何，他就毫不犹豫地答复你：中国经济是半殖民地性半封建性经济。”这可以用来说明当时,经济理论问题引起民众的普遍关注,知识界对中国社会性质的认识相同,马克思主义思想方法得到传播,官僚资本主义在中国迅速膨胀,C,"A. 经济理论问题引起民众的普遍关注
B. 知识界对中国社会性质的认识相同
C. 马克思主义思想方法得到传播
D. 官僚资本主义在中国迅速膨胀","下一个问题是关于中国的历史。
20世纪30年代中期，《新中华》载文：“现在你随便拉住一个稍稍留心中国经济问题的人，问他中国经济性质如何，他就毫不犹豫地答复你：中国经济是半殖民地性半封建性经济。”这可以用来说明当时
A. 经济理论问题引起民众的普遍关注
B. 知识界对中国社会性质的认识相同
C. 马克思主义思想方法得到传播
D. 官僚资本主义在中国迅速膨胀","The next question is about China's history.
In the mid-1930s, New China published an article: ""Now if you grab anyone who pays a little attention to China's economic issues and ask him what the nature of China's economy is, he will answer you without hesitation: China's economy is semi-colonial and semi-feudal."" This can be used to illustrate that at that time
A. Economic theory issues attracted widespread attention from the public
B. The intellectual community had the same understanding of the nature of Chinese society
C. Marxist thought methods were spread
D. Bureaucratic capitalism expanded rapidly in China"
479,《说文解字·序》载：“秦书有八体，一曰大篆，二曰小篆，……八曰隶书”。《汉书·艺文志》亦载：“是时始建隶书矣，起于官狱多事，苟趋省易，施之于徒隶也。”以上材料反映了,隶书是在楷书基础上发展而来,隶书是汉代狱官为书写方便而创,隶书是秦代八大篆书字体之一,隶书的创建与抄录公文狱事有关,D,"A. 隶书是在楷书基础上发展而来
B. 隶书是汉代狱官为书写方便而创
C. 隶书是秦代八大篆书字体之一
D. 隶书的创建与抄录公文狱事有关","下一个问题是关于中国的历史。
《说文解字·序》载：“秦书有八体，一曰大篆，二曰小篆，……八曰隶书”。《汉书·艺文志》亦载：“是时始建隶书矣，起于官狱多事，苟趋省易，施之于徒隶也。”以上材料反映了
A. 隶书是在楷书基础上发展而来
B. 隶书是汉代狱官为书写方便而创
C. 隶书是秦代八大篆书字体之一
D. 隶书的创建与抄录公文狱事有关","The next question is about China's history.
""Shuowen Jiezi·Xu"" states: ""There are eight styles of Qin script, one is Dazhuan, the second is Xiaozhuan, and the eighth is Lishu"". ""Han Shu·Yiwenzhi"" also states: ""Lishu was first established at that time. It originated from the fact that officials and prisons were busy, and they wanted to simplify things, so they applied it to prisoners."" The above materials reflect
A. Lishu was developed on the basis of Kaishu
B. Lishu was created by prison officials in the Han Dynasty for the convenience of writing
C. Lishu is one of the eight major seal scripts in the Qin Dynasty
D. The creation of Lishu is related to copying official documents and prison affairs"
480,从秦至清的两千多年中，许多皇帝或由于年幼庸弱，或由于当时形势和力量对比的变化，因而受制于母后、外戚、宦官、权臣、地方割据势力等，导致权力的萎缩或丧失。这种现象实质上是,君权至上的后果,君主专制被颠覆,中央集权体制遭到破坏,君主权力受到制约,A,"A. 君权至上的后果
B. 君主专制被颠覆
C. 中央集权体制遭到破坏
D. 君主权力受到制约","下一个问题是关于中国的历史。
从秦至清的两千多年中，许多皇帝或由于年幼庸弱，或由于当时形势和力量对比的变化，因而受制于母后、外戚、宦官、权臣、地方割据势力等，导致权力的萎缩或丧失。这种现象实质上是
A. 君权至上的后果
B. 君主专制被颠覆
C. 中央集权体制遭到破坏
D. 君主权力受到制约","The next question is about China's history.
During the two thousand years from the Qin Dynasty to the Qing Dynasty, many emperors were restrained by their mothers, relatives, eunuchs, powerful officials, local separatist forces, etc., either because they were young and weak or because of changes in the situation and balance of power at the time, which led to the shrinkage or loss of power. This phenomenon is essentially
A. The consequence of the supremacy of the monarchy
B. The subversion of the monarchy
C. The destruction of the centralized system
D. The monarchy is restricted"
481,孟子发扬孔子开创的儒学，主张涵养“浩然之气”，倡导“富贵不能淫，贫贱不能移，威武不能屈”，对后世影响极大。孟子这些言论所强调的是,敢于反抗专制暴政,勇于突破礼制束缚,努力完善个人品德,坚持个人独特性格,C,"A. 敢于反抗专制暴政
B. 勇于突破礼制束缚
C. 努力完善个人品德
D. 坚持个人独特性格","下一个问题是关于中国的历史。
孟子发扬孔子开创的儒学，主张涵养“浩然之气”，倡导“富贵不能淫，贫贱不能移，威武不能屈”，对后世影响极大。孟子这些言论所强调的是
A. 敢于反抗专制暴政
B. 勇于突破礼制束缚
C. 努力完善个人品德
D. 坚持个人独特性格","The next question is about China's history.
Mencius carried forward the Confucianism founded by Confucius, advocated the cultivation of ""great spirit"", and advocated ""wealth and honor cannot corrupt, poverty and humbleness cannot move, and power and force cannot bend"", which had a great influence on later generations. Mencius's remarks emphasize
A. Dare to resist autocratic tyranny
B. Courage to break through the constraints of etiquette
C. Strive to improve personal morality
D. Adhere to personal unique character"
482,1989年以来，中国先后参加了22项维和行动，累计派出维和官兵20000多人次，其中，有3名军事观察员和6名维和士兵在执行任务时英勇牺牲。这说明当前我国,积极参加以联合国为中心的多边外交,积极参与制定国际政治经济秩序规则,建立新型区域合作组织,已成为世界政治格局多极化中的一极,A,"A. 积极参加以联合国为中心的多边外交
B. 积极参与制定国际政治经济秩序规则
C. 建立新型区域合作组织
D. 已成为世界政治格局多极化中的一极","下一个问题是关于中国的历史。
1989年以来，中国先后参加了22项维和行动，累计派出维和官兵20000多人次，其中，有3名军事观察员和6名维和士兵在执行任务时英勇牺牲。这说明当前我国
A. 积极参加以联合国为中心的多边外交
B. 积极参与制定国际政治经济秩序规则
C. 建立新型区域合作组织
D. 已成为世界政治格局多极化中的一极","The next question is about China's history.
Since 1989, China has participated in 22 peacekeeping operations and sent more than 20,000 peacekeepers, of which 3 military observers and 6 peacekeepers died heroically while performing their duties. This shows that my country is currently
A. actively participating in multilateral diplomacy centered on the United Nations
B. actively participating in the formulation of international political and economic order rules
C. establishing new regional cooperation organizations
D. becoming a pole in the multipolarization of the world political landscape"
483,“不识国民之原理，不通世界之大势，不知政治之本原……而仅摭拾泰西皮毛，……遂乃自足。”上述言论应当是,顽固派对洋务派的批评,维新派对洋务派的批评,洋务派对顽固派的批评,洋务派对维新派的批评,B,"A. 顽固派对洋务派的批评
B. 维新派对洋务派的批评
C. 洋务派对顽固派的批评
D. 洋务派对维新派的批评","下一个问题是关于中国的历史。
“不识国民之原理，不通世界之大势，不知政治之本原……而仅摭拾泰西皮毛，……遂乃自足。”上述言论应当是
A. 顽固派对洋务派的批评
B. 维新派对洋务派的批评
C. 洋务派对顽固派的批评
D. 洋务派对维新派的批评","The next question is about China's history.
""They do not know the principles of the nation, do not understand the general trend of the world, do not know the origin of politics... but only pick up the superficial knowledge of the West... and then they are self-satisfied."" The above statement should be
A. The criticism of the Westernization Party by the diehards
B. The criticism of the Westernization Party by the Reformists
C. The criticism of the diehards by the Westernization Party
D. The criticism of the Reformists by the Westernization Party"
484,1938年1月，国民政府为管理全国经济事务，将实业部改组为经济部，其职权范围包括了战时主要生产领域和商业领域，下属机构众多。经济部的设立,标志着工作重心转向经济领域,适应了战争持久化的需要,提高了后方百姓生活水平,导致抗战时期行政效率的低下,B,"A. 标志着工作重心转向经济领域
B. 适应了战争持久化的需要
C. 提高了后方百姓生活水平
D. 导致抗战时期行政效率的低下","下一个问题是关于中国的历史。
1938年1月，国民政府为管理全国经济事务，将实业部改组为经济部，其职权范围包括了战时主要生产领域和商业领域，下属机构众多。经济部的设立
A. 标志着工作重心转向经济领域
B. 适应了战争持久化的需要
C. 提高了后方百姓生活水平
D. 导致抗战时期行政效率的低下","The next question is about China's history.
In January 1938, the National Government reorganized the Ministry of Industry into the Ministry of Economy to manage national economic affairs. Its responsibilities included major wartime production and commercial fields, and it had many subordinate institutions. The establishment of the Ministry of Economy
A. marked the shift of the focus of work to the economic field
B. met the need for a prolonged war
C. improved the living standards of the people in the rear
D. led to low administrative efficiency during the War of Resistance"
485,毛泽东说：“殖民地半殖民地国家的革命，在一定历史时期中所采取的国家形式，只能是第三种形式……这是一定历史时期的形式，因而是过渡的形式。”这里所说的国家形式是,新民主主义国家,资本主义国家,社会主义国家,民主主义国家,A,"A. 新民主主义国家
B. 资本主义国家
C. 社会主义国家
D. 民主主义国家","下一个问题是关于中国的历史。
毛泽东说：“殖民地半殖民地国家的革命，在一定历史时期中所采取的国家形式，只能是第三种形式……这是一定历史时期的形式，因而是过渡的形式。”这里所说的国家形式是
A. 新民主主义国家
B. 资本主义国家
C. 社会主义国家
D. 民主主义国家","The next question is about China's history.
Mao Zedong said: ""The state form adopted by the revolution of colonial and semi-colonial countries in a certain historical period can only be the third form... This is the form of a certain historical period, and therefore a transitional form."" The state form mentioned here is 
A. New Democratic State
B. Capitalist State
C. Socialist State
D. Democratic State"
486,20世纪80年代，农村改革的突破性进展推动了城市经济体制改革。学者敏锐地看到“公社体制改革后，农工分了手，农业经营承包到户”；企业家感慨“现在不同了，我得考虑如何增强企业活力”。这表明：a人民公社体制逐步废除 b企业生产经营自主权扩大c现代企业制度开始试点 d非公有制经济开始起主导作用,ac,ab,bc,bd,B,"A. ac
B. ab
C. bc
D. bd","下一个问题是关于中国的历史。
20世纪80年代，农村改革的突破性进展推动了城市经济体制改革。学者敏锐地看到“公社体制改革后，农工分了手，农业经营承包到户”；企业家感慨“现在不同了，我得考虑如何增强企业活力”。这表明：a人民公社体制逐步废除 b企业生产经营自主权扩大c现代企业制度开始试点 d非公有制经济开始起主导作用
A. ac
B. ab
C. bc
D. bd","The next question is about China's history.
In the 1980s, the breakthrough progress of rural reform promoted the reform of the urban economic system. Scholars keenly observed that ""after the reform of the commune system, farmers and workers were separated, and agricultural operations were contracted to households""; entrepreneurs lamented that ""now it is different, I have to consider how to enhance the vitality of the enterprise."" This shows that: a The people's commune system was gradually abolished b The production and operation autonomy of enterprises was expanded c The modern enterprise system began to be piloted d The non-public economy began to play a leading role
A. ac
B. ab
C. bc
D. bd"
487,1909年，《京华百二竹枝词》曰:“报纸于今最有功，能教民智渐开通。眼前报馆如林立，不见‘中央’有‘大同’（‘中央’、‘大同’均为当时报纸名称)。”冶这一描述表明,描述者肯定报纸的教化功能,报纸舆论受到专制政府控制,报纸宣传成为变革根本动,描述者倡导报纸产业多元化,A,"A. 描述者肯定报纸的教化功能
B. 报纸舆论受到专制政府控制
C. 报纸宣传成为变革根本动
D. 描述者倡导报纸产业多元化","下一个问题是关于中国的历史。
1909年，《京华百二竹枝词》曰:“报纸于今最有功，能教民智渐开通。眼前报馆如林立，不见‘中央’有‘大同’（‘中央’、‘大同’均为当时报纸名称)。”冶这一描述表明
A. 描述者肯定报纸的教化功能
B. 报纸舆论受到专制政府控制
C. 报纸宣传成为变革根本动
D. 描述者倡导报纸产业多元化","The next question is about China's history.
In 1909, ""Beijing Baier Zhuzhici"" said: ""Newspapers are the most useful nowadays, they can educate people to gradually open their minds. There are newspapers everywhere, but there is no ""Central"" but ""Datong"" (""Central"" and ""Datong"" were the names of newspapers at that time)."" This description shows that
A. The author of the description affirms the educational function of newspapers
B. Newspaper opinion is controlled by the authoritarian government
C. Newspaper propaganda has become the fundamental driving force of reform
D. The author of the description advocates the diversification of the newspaper industry"
488,1900年张之洞《劝学篇》出版英译本。英国媒体称，这标志着“长期以来习惯于孔夫子的陈词滥调下变得死气沉沉的中国人，终于在时代的现实面前苏醒过来”。评论认为《劝学篇》,主张抛弃孔夫子中国才能觉醒,是对传统文化的全面否定,指出中国未来之路,顺应时代潮流,D,"A. 主张抛弃孔夫子中国才能觉醒
B. 是对传统文化的全面否定
C. 指出中国未来之路
D. 顺应时代潮流","下一个问题是关于中国的历史。
1900年张之洞《劝学篇》出版英译本。英国媒体称，这标志着“长期以来习惯于孔夫子的陈词滥调下变得死气沉沉的中国人，终于在时代的现实面前苏醒过来”。评论认为《劝学篇》
A. 主张抛弃孔夫子中国才能觉醒
B. 是对传统文化的全面否定
C. 指出中国未来之路
D. 顺应时代潮流","The next question is about China's history.
In 1900, the English translation of Zhang Zhidong's ""Encouraging Learning"" was published. British media said that this marked that ""the Chinese people, who had long been accustomed to Confucius' clichés and became lifeless, finally woke up in the face of the reality of the times."" Commentators believe that ""Encouraging Learning""
A. advocates abandoning Confucius in order for China to awaken
B. is a complete negation of traditional culture
C. points out China's future path
D. conforms to the trend of the times"
489,程颢诗云：“闲来无事不从容，睡觉东窗日已红。万物静观皆自得，四时佳兴与人同。道通天地有形外，思入风云变态中。富贵不淫贫贱乐，男儿到此是豪雄。”其体现的主旨是,张扬自我的人生态度,人类与自然和谐共处,人与万事万物皆同理,无为而治的思想理念,C,"A. 张扬自我的人生态度
B. 人类与自然和谐共处
C. 人与万事万物皆同理
D. 无为而治的思想理念","下一个问题是关于中国的历史。
程颢诗云：“闲来无事不从容，睡觉东窗日已红。万物静观皆自得，四时佳兴与人同。道通天地有形外，思入风云变态中。富贵不淫贫贱乐，男儿到此是豪雄。”其体现的主旨是
A. 张扬自我的人生态度
B. 人类与自然和谐共处
C. 人与万事万物皆同理
D. 无为而治的思想理念","The next question is about China's history.
Cheng Hao's poem says: ""I am not at ease when I have nothing to do. When I sleep, the sun is already red in the east window. I am content with everything I observe quietly, and I share the joy of the four seasons with others. The Tao is beyond the physical world, and the thoughts are in the changing wind and clouds. A man is not corrupted by wealth and is happy in poverty. A man who reaches this point is a hero."" The main theme is 
A. A life attitude that promotes self-expression
B. Harmonious coexistence between humans and nature
C. The same principles apply to humans and everything
D. The idea of governing by doing nothing"
490,北宋实行募兵制，兵士待遇较为优厚，应募者以此养家糊口，兵员最多时达120多万人。这一制度,加剧了社会贫富分化,加重了政府财政负担,弱化了对地方的控制,提升了军队的战斗力,B,"A. 加剧了社会贫富分化
B. 加重了政府财政负担
C. 弱化了对地方的控制
D. 提升了军队的战斗力","下一个问题是关于中国的历史。
北宋实行募兵制，兵士待遇较为优厚，应募者以此养家糊口，兵员最多时达120多万人。这一制度
A. 加剧了社会贫富分化
B. 加重了政府财政负担
C. 弱化了对地方的控制
D. 提升了军队的战斗力","The next question is about China's history.
The Northern Song Dynasty implemented a conscription system, where soldiers were paid relatively well, and the conscripts used it to support their families. At its peak, the number of soldiers reached more than 1.2 million. This system
A. exacerbated the polarization of the rich and the poor in society
B. increased the government's financial burden
C. weakened control over local areas
D. improved the combat effectiveness of the army"
491,据学者考订，商朝产生了17代30位王，多为兄终弟及；而西周产生了11代12位王。这反映出,君主寿命的时代差异,血缘纽带关系的弱化,王位继承方式的变化,禅让制度的长期影响,C,"A. 君主寿命的时代差异
B. 血缘纽带关系的弱化
C. 王位继承方式的变化
D. 禅让制度的长期影响","下一个问题是关于中国的历史。
据学者考订，商朝产生了17代30位王，多为兄终弟及；而西周产生了11代12位王。这反映出
A. 君主寿命的时代差异
B. 血缘纽带关系的弱化
C. 王位继承方式的变化
D. 禅让制度的长期影响","The next question is about China's history.
According to scholars, the Shang Dynasty produced 17 generations and 30 kings, most of whom were succeeded by their brothers; while the Western Zhou Dynasty produced 11 generations and 12 kings. This reflects
A. The difference in the life span of monarchs over different periods of time
B. The weakening of blood ties
C. The change in the way the throne is inherited
D. The long-term impact of the abdication system"
492,太史公曰：“相如虽多虚辞滥说，然其要归引之节俭，此与《诗》之风谏何异？”据此可知，司马迁认为司马相如作赋,创作形式与《诗经》一致,注意克服文辞铺张的弊病,重视吸取西汉败亡的教训,旨在批判当时的奢靡世风,D,"A. 创作形式与《诗经》一致
B. 注意克服文辞铺张的弊病
C. 重视吸取西汉败亡的教训
D. 旨在批判当时的奢靡世风","下一个问题是关于中国的历史。
太史公曰：“相如虽多虚辞滥说，然其要归引之节俭，此与《诗》之风谏何异？”据此可知，司马迁认为司马相如作赋
A. 创作形式与《诗经》一致
B. 注意克服文辞铺张的弊病
C. 重视吸取西汉败亡的教训
D. 旨在批判当时的奢靡世风","The next question is about China's history.
Taishigong said: ""Although Xiangru used many empty words, his main point is to be frugal, which is different from the style of admonition in the Book of Songs."" Based on this, we can know that Sima Qian believed that Sima Xiangru's fu
A. The creative form is consistent with the Book of Songs
B. Pay attention to overcoming the drawbacks of extravagant words
C. Pay attention to learning the lessons of the fall of the Western Han Dynasty
D. Aim to criticize the extravagant world at that time"
493,某教授认为：元朝行省制中央集权是秦汉以来郡县制中央集权模式的较高级演化形态，也是两宋否定唐后期藩镇分权的继续，相当于自隋朝始第三个“正一反一合”阶段的“合”。作者认为,行省制实现了中央集权和地方分权的有机结合,行省制巩固了元朝的中央统治和国家的统一,行省制主要着眼于政治上的统治和军事上的控制,行省制借鉴了郡县制的优点，摈弃了两宋政治制度的缺点,A,"A. 行省制实现了中央集权和地方分权的有机结合
B. 行省制巩固了元朝的中央统治和国家的统一
C. 行省制主要着眼于政治上的统治和军事上的控制
D. 行省制借鉴了郡县制的优点，摈弃了两宋政治制度的缺点","下一个问题是关于中国的历史。
某教授认为：元朝行省制中央集权是秦汉以来郡县制中央集权模式的较高级演化形态，也是两宋否定唐后期藩镇分权的继续，相当于自隋朝始第三个“正一反一合”阶段的“合”。作者认为
A. 行省制实现了中央集权和地方分权的有机结合
B. 行省制巩固了元朝的中央统治和国家的统一
C. 行省制主要着眼于政治上的统治和军事上的控制
D. 行省制借鉴了郡县制的优点，摈弃了两宋政治制度的缺点","The next question is about China's history.
A professor believes that the centralization of the provincial system in the Yuan Dynasty is a higher evolution of the centralized model of the county system since the Qin and Han Dynasties, and is also a continuation of the Song Dynasty's denial of the decentralization of the feudal lords in the late Tang Dynasty, which is equivalent to the ""combination"" of the third ""positive, negative and combined"" stage since the Sui Dynasty. The author believes that 
A. The provincial system realizes the organic combination of centralization and local decentralization 
B. The provincial system consolidates the central rule of the Yuan Dynasty and the unification of the country 
C. The provincial system mainly focuses on political rule and military control 
D. The provincial system draws on the advantages of the county system and abandons the shortcomings of the political system of the Song Dynasty"
494,1898年6月11日，清廷颁布《明定国是诏》，其中说：“以圣贤义理之学，植其根本，又须博采西学之切于时务者，实力讲求，以救空疏迂谬之弊。”这说明戊戌变法,侧重提倡务实之风,兼具改良与革命的色彩,与洋务运动的宗旨并无不同,试图通过妥协减少变革阻力,D,"A. 侧重提倡务实之风
B. 兼具改良与革命的色彩
C. 与洋务运动的宗旨并无不同
D. 试图通过妥协减少变革阻力","下一个问题是关于中国的历史。
1898年6月11日，清廷颁布《明定国是诏》，其中说：“以圣贤义理之学，植其根本，又须博采西学之切于时务者，实力讲求，以救空疏迂谬之弊。”这说明戊戌变法
A. 侧重提倡务实之风
B. 兼具改良与革命的色彩
C. 与洋务运动的宗旨并无不同
D. 试图通过妥协减少变革阻力","The next question is about China's history.
On June 11, 1898, the Qing government issued the ""Edict on the National Policy"", which said: ""We should establish the foundation of the learning of sages and righteousness, and also learn from Western learning that is relevant to current affairs, and make full use of it to save the evils of emptiness, ignorance and fallacy."" This shows that the Reform Movement of 1898
A. Focused on promoting a pragmatic style
B. Combined the colors of reform and revolution
C. No different from the purpose of the Westernization Movement
D. Tried to reduce resistance to change through compromise"
495,据史籍记载，东汉时期“大秦王安敦遣使自日南徼外献象牙、犀角、玳瑁，始乃一通焉。其所表贡，并无珍异……”文中的“大秦”是指,奥斯曼帝国,罗马帝国,波斯帝国,亚历山大帝国,B,"A. 奥斯曼帝国
B. 罗马帝国
C. 波斯帝国
D. 亚历山大帝国","下一个问题是关于中国的历史。
据史籍记载，东汉时期“大秦王安敦遣使自日南徼外献象牙、犀角、玳瑁，始乃一通焉。其所表贡，并无珍异……”文中的“大秦”是指
A. 奥斯曼帝国
B. 罗马帝国
C. 波斯帝国
D. 亚历山大帝国","The next question is about China's history.
According to historical records, during the Eastern Han Dynasty, ""King Andun of Daqin sent envoys from the border of Rinan to offer ivory, rhinoceros horn, and tortoise shells, which was the first communication. The tribute was not rare or precious..."" The ""Daqin"" in the text refers to
A. Ottoman Empire
B. Roman Empire
C. Persian Empire
D. Alexander Empire"
496,《明太祖实录》有一段圣旨：“今天下已定，而民数未核实，其命户部籍天下户口，每户给以户贴。”而中国第一历史档案馆藏明代户贴原件所录圣旨为：“说与户部官知道，如今天下天平了也，止是户口不明白哩。教中书（省）置天下户口的勘合文簿、户贴，你每（们）户部家出榜，去教那有司官将他所管的应有百姓，都教入官，附名字，写着他家人口多少。写得真，着与那百姓一个户贴。”这说明,第二则材料是实物史料，更能反映历史的原貌,官方原始记录与口述史料，需仔细甄别使用,《实录》与《户贴》，都是第二手史料,第一则材料是文献史料，更具有历史的实录感,A,"A. 第二则材料是实物史料，更能反映历史的原貌
B. 官方原始记录与口述史料，需仔细甄别使用
C. 《实录》与《户贴》，都是第二手史料
D. 第一则材料是文献史料，更具有历史的实录感","下一个问题是关于中国的历史。
《明太祖实录》有一段圣旨：“今天下已定，而民数未核实，其命户部籍天下户口，每户给以户贴。”而中国第一历史档案馆藏明代户贴原件所录圣旨为：“说与户部官知道，如今天下天平了也，止是户口不明白哩。教中书（省）置天下户口的勘合文簿、户贴，你每（们）户部家出榜，去教那有司官将他所管的应有百姓，都教入官，附名字，写着他家人口多少。写得真，着与那百姓一个户贴。”这说明
A. 第二则材料是实物史料，更能反映历史的原貌
B. 官方原始记录与口述史料，需仔细甄别使用
C. 《实录》与《户贴》，都是第二手史料
D. 第一则材料是文献史料，更具有历史的实录感","The next question is about China's history.
There is an imperial edict in the ""Records of Ming Taizu"": ""Now the world has been settled, but the population has not been verified. The Ministry of Households is ordered to register the population of the world and give each household a household registration certificate."" The imperial edict recorded in the original household registration certificate of the Ming Dynasty in the First Historical Archives of China is: ""Tell the officials of the Ministry of Households that now the world is balanced, but the population registration is not clear. Instruct the Secretariat to keep the household registration certificate and household registration certificate of the world. Each of you (the Ministry of Households) publishes a list and asks the officials to register the people under their jurisdiction, attach their names, and write down the number of people in their families. If they are written truthfully, they will be given a household registration certificate."" This shows that
A. The second material is a physical historical material, which can better reflect the original appearance of history
B. Official original records and oral historical materials need to be carefully distinguished and used
C. ""Records"" and ""Household Registration Certificate"" are both second-hand historical materials
D. The first material is a documentary historical material, which has a more historical record sense"
497,据《南海县志》记载，珠江三角洲一带机器缫丝业起步于十九世纪七十年代，“三四年间，南（海）、顺（德）两邑继之而起者，多至百数十家。”与此情形直接相关的是,新式企业的引领作用,清政府鼓励民间设厂,外国资本输入的刺激,广州被列为通商口岸,A,"A. 新式企业的引领作用
B. 清政府鼓励民间设厂
C. 外国资本输入的刺激
D. 广州被列为通商口岸","下一个问题是关于中国的历史。
据《南海县志》记载，珠江三角洲一带机器缫丝业起步于十九世纪七十年代，“三四年间，南（海）、顺（德）两邑继之而起者，多至百数十家。”与此情形直接相关的是
A. 新式企业的引领作用
B. 清政府鼓励民间设厂
C. 外国资本输入的刺激
D. 广州被列为通商口岸","The next question is about China's history.
According to the ""Nanhai County Chronicles"", the machine silk reeling industry in the Pearl River Delta started in the 1870s. ""In three or four years, hundreds of companies sprang up in Nanhai and Shunde."" This situation is directly related to
A. The leading role of new enterprises
B. The Qing government encouraged private factories
C. The stimulation of foreign capital inflows
D. Guangzhou was listed as a trading port"
498,1921年成都警察厅发布通令:“近日妇女每多剪发齐眉，并梳拿破仑、华盛顿等头式(流行的男式发型)，实属有伤风俗，应予以禁止，以挽颓风……如敢固违，定以妇女坐法并处罚家长。”对此解读正确的是,剪发齐眉成为妇女的普遍选择,处罚措施体现民国法治精神,新潮女性的行为冲击传统习俗,男女平等思想逐渐深入人心,C,"A. 剪发齐眉成为妇女的普遍选择
B. 处罚措施体现民国法治精神
C. 新潮女性的行为冲击传统习俗
D. 男女平等思想逐渐深入人心","下一个问题是关于中国的历史。
1921年成都警察厅发布通令:“近日妇女每多剪发齐眉，并梳拿破仑、华盛顿等头式(流行的男式发型)，实属有伤风俗，应予以禁止，以挽颓风……如敢固违，定以妇女坐法并处罚家长。”对此解读正确的是
A. 剪发齐眉成为妇女的普遍选择
B. 处罚措施体现民国法治精神
C. 新潮女性的行为冲击传统习俗
D. 男女平等思想逐渐深入人心","The next question is about China's history.
In 1921, the Chengdu Police Department issued a circular: ""Recently, many women have cut their hair to the eyebrows and styled their hair in Napoleon, Washington and other styles (popular men's hairstyles), which is really against public morals and should be prohibited to reverse the trend... If anyone dares to disobey, the woman will be punished and the parents will be punished."" The correct interpretation of this is
A. Cutting hair to the eyebrows has become a common choice for women
B. The punishment measures reflect the spirit of the rule of law in the Republic of China
C. The behavior of trendy women impacts traditional customs
D. The idea of gender equality is gradually gaining popularity"
499,“(主父)偃说上(汉武帝)曰：‘今诸侯或连城数十，地方千里。……今诸侯子弟或十数，而适嗣代立，余虽骨肉，无尺地之封，则仁孝之道不宣。愿陛下令诸侯得推恩分子弟，以地侯之。彼人人喜得所愿……于是上从其计。”上述材料中，主父偃建议的巧妙之处在于,以宣扬仁孝之道为由来削弱地方王国的势力,以分封王国子弟的办法来调整统治者内部关系,有利于刘姓政权的稳固且抚慰了异姓功臣,以广建侯国的办法来拱卫中央政权,A,"A. 以宣扬仁孝之道为由来削弱地方王国的势力
B. 以分封王国子弟的办法来调整统治者内部关系
C. 有利于刘姓政权的稳固且抚慰了异姓功臣
D. 以广建侯国的办法来拱卫中央政权","下一个问题是关于中国的历史。
“(主父)偃说上(汉武帝)曰：‘今诸侯或连城数十，地方千里。……今诸侯子弟或十数，而适嗣代立，余虽骨肉，无尺地之封，则仁孝之道不宣。愿陛下令诸侯得推恩分子弟，以地侯之。彼人人喜得所愿……于是上从其计。”上述材料中，主父偃建议的巧妙之处在于
A. 以宣扬仁孝之道为由来削弱地方王国的势力
B. 以分封王国子弟的办法来调整统治者内部关系
C. 有利于刘姓政权的稳固且抚慰了异姓功臣
D. 以广建侯国的办法来拱卫中央政权","The next question is about China's history.
""(Lord Father) Yan said to Emperor Wu of Han: 'Nowadays, some princes have dozens of cities and thousands of miles of territory. ... Now, some princes have dozens of sons and nephews, and if they succeed to the throne, the rest of us, though flesh and blood, will not be granted any land, and the way of benevolence and filial piety will not be spread. I hope Your Majesty will allow the princes to extend favors to their sons and nephews, and grant them land. Everyone will be happy to get what they want... So the emperor agreed to his plan.' In the above materials, the cleverness of Lord Father Yan's suggestion lies in
A. Weakening the power of local kingdoms under the pretext of promoting benevolence and filial piety
B. Adjusting the internal relations of the rulers by enfeoffment of the sons and nephews of the kingdoms
C. Conducive to the stability of the Liu regime and appeasing the meritorious officials of other surnames
D. Protecting the central government by building many marquisates"
500,西方的市政管理，经济模式的传入，使商埠最先脱出中国传统政治城市的模式，率先迈向近代化，沿海口岸被迫开埠被视为这些城市近代化的起始点。”材料强调的是,中国沿海城市走向近代化得益于西方扩张,西方扩张是近代中国各种变化的主导因素,客观评价西方资本主义侵略的建设性影响,中国近代化城市被卷入资本主义世界市场,C,"A. 中国沿海城市走向近代化得益于西方扩张
B. 西方扩张是近代中国各种变化的主导因素
C. 客观评价西方资本主义侵略的建设性影响
D. 中国近代化城市被卷入资本主义世界市场","下一个问题是关于中国的历史。
西方的市政管理，经济模式的传入，使商埠最先脱出中国传统政治城市的模式，率先迈向近代化，沿海口岸被迫开埠被视为这些城市近代化的起始点。”材料强调的是
A. 中国沿海城市走向近代化得益于西方扩张
B. 西方扩张是近代中国各种变化的主导因素
C. 客观评价西方资本主义侵略的建设性影响
D. 中国近代化城市被卷入资本主义世界市场","The next question is about China's history.
The introduction of Western municipal management and economic models made commercial ports the first to break away from the model of traditional Chinese political cities and take the lead in modernization. The forced opening of coastal ports is regarded as the starting point of modernization of these cities. ""The material emphasizes
A. The modernization of China's coastal cities benefited from Western expansion
B. Western expansion is the dominant factor in various changes in modern China
C. Objectively evaluate the constructive impact of Western capitalist aggression
D. China's modernized cities were drawn into the capitalist world market"
501,1954年，当选第一届全国人民代表大会的1226名代表，是中国有史以来第一次经过普选产生的，故此次大会又被称为“第一次真正的人民大会”。这次“真正的人民大会”的主要功绩是,制定了我国第一部社会主义类型的宪法,人民有了行使政治权力的唯一机关,规定权力属于人民，人民开始成为国家主人,人民代表由海选产生，体现了民主的广泛性,A,"A. 制定了我国第一部社会主义类型的宪法
B. 人民有了行使政治权力的唯一机关
C. 规定权力属于人民，人民开始成为国家主人
D. 人民代表由海选产生，体现了民主的广泛性","下一个问题是关于中国的历史。
1954年，当选第一届全国人民代表大会的1226名代表，是中国有史以来第一次经过普选产生的，故此次大会又被称为“第一次真正的人民大会”。这次“真正的人民大会”的主要功绩是
A. 制定了我国第一部社会主义类型的宪法
B. 人民有了行使政治权力的唯一机关
C. 规定权力属于人民，人民开始成为国家主人
D. 人民代表由海选产生，体现了民主的广泛性","The next question is about China's history.
In 1954, the 1,226 representatives elected to the first National People's Congress were elected through universal suffrage for the first time in China's history, so this congress is also known as the ""first real people's congress"". The main achievements of this ""real people's congress"" are
A. Formulating my country's first socialist constitution
B. The people have the only organ to exercise political power
C. It stipulates that power belongs to the people, and the people begin to become the masters of the country
D. People's representatives are elected through open elections, reflecting the extensiveness of democracy"
502,“一五”计划期间，我国住宅建设占基本建设投资额的比重不断减少，其他非生产性建设投资也开始受到抑制。这表明我国,致力于奠定工业化基础,城市化的进程趋于缓慢,国民经济结构臻于平衡,大力压缩基本建设投资规模,A,"A. 致力于奠定工业化基础
B. 城市化的进程趋于缓慢
C. 国民经济结构臻于平衡
D. 大力压缩基本建设投资规模","下一个问题是关于中国的历史。
“一五”计划期间，我国住宅建设占基本建设投资额的比重不断减少，其他非生产性建设投资也开始受到抑制。这表明我国
A. 致力于奠定工业化基础
B. 城市化的进程趋于缓慢
C. 国民经济结构臻于平衡
D. 大力压缩基本建设投资规模","The next question is about China's history.
During the First Five-Year Plan, the proportion of housing construction in my country's capital construction investment continued to decrease, and other non-productive construction investments also began to be suppressed. This shows that my country
A. is committed to laying the foundation for industrialization
B. The process of urbanization is slowing down
C. The national economic structure is balanced
D. The scale of capital construction investment is being greatly reduced"
503,明中后期，大运河流经的东昌府是山东最重要的棉花产区，所产棉花多由江淮商人坐地收揽，沿运河运至江南，而后返销棉布。这一现象产生的主要因素是,土地制度的调整,交通方式的变革,地区经济的差异,货币制度的改变,C,"A. 土地制度的调整
B. 交通方式的变革
C. 地区经济的差异
D. 货币制度的改变","下一个问题是关于中国的历史。
明中后期，大运河流经的东昌府是山东最重要的棉花产区，所产棉花多由江淮商人坐地收揽，沿运河运至江南，而后返销棉布。这一现象产生的主要因素是
A. 土地制度的调整
B. 交通方式的变革
C. 地区经济的差异
D. 货币制度的改变","The next question is about China's history.
In the middle and late Ming Dynasty, Dongchangfu, where the Grand Canal flows, was the most important cotton producing area in Shandong. Most of the cotton produced was collected by Jianghuai merchants, transported to Jiangnan along the canal, and then sold back as cotton cloth. The main factors for this phenomenon are 
A. Adjustment of the land system 
B. Changes in transportation methods 
C. Differences in regional economies 
D. Changes in the monetary system"
504,洋务运动期间，官员是否是科举出身仍很受关注，留学归国且己任北洋水师学堂校长并官居从四品的严复，从1885年开始，四次返乡参加科举。此现象说明,科举制根深蒂固，无法破除,北洋水师急需科举人才,洋务运动面临的社会环境恶劣,维新派存在软弱性和妥协性,C,"A. 科举制根深蒂固，无法破除
B. 北洋水师急需科举人才
C. 洋务运动面临的社会环境恶劣
D. 维新派存在软弱性和妥协性","下一个问题是关于中国的历史。
洋务运动期间，官员是否是科举出身仍很受关注，留学归国且己任北洋水师学堂校长并官居从四品的严复，从1885年开始，四次返乡参加科举。此现象说明
A. 科举制根深蒂固，无法破除
B. 北洋水师急需科举人才
C. 洋务运动面临的社会环境恶劣
D. 维新派存在软弱性和妥协性","The next question is about China's history.
During the Westernization Movement, whether officials were from the imperial examination system was still a hot topic. Yan Fu, who had returned from studying abroad and was the principal of the Beiyang Naval Academy and a fourth-rank official, returned to his hometown four times to take the imperial examination starting in 1885. This phenomenon shows that
A. The imperial examination system is deeply rooted and cannot be broken
B. The Beiyang Navy is in urgent need of talents from the imperial examination system
C. The social environment faced by the Westernization Movement is bad
D. The reformists are weak and compromising"
505,西汉初期，道家学说兼采阴阳、儒、墨、名、法各家学说的精髓；后来董仲舒的儒家学说也吸收阴阳五行、法、道等各种思想。促成当时学术思想上呈现这种特征的主要因素是,兼收并蓄的文化政策,现实统治需要,百家争鸣局面的延续,王国势力强大,B,"A. 兼收并蓄的文化政策
B. 现实统治需要
C. 百家争鸣局面的延续
D. 王国势力强大","下一个问题是关于中国的历史。
西汉初期，道家学说兼采阴阳、儒、墨、名、法各家学说的精髓；后来董仲舒的儒家学说也吸收阴阳五行、法、道等各种思想。促成当时学术思想上呈现这种特征的主要因素是
A. 兼收并蓄的文化政策
B. 现实统治需要
C. 百家争鸣局面的延续
D. 王国势力强大","The next question is about China's history.
In the early Western Han Dynasty, Taoism combined the essence of Yin-Yang, Confucianism, Mohism, Nominalism, and Legalism; later Dong Zhongshu's Confucianism also absorbed various ideas such as Yin-Yang, Five Elements, Legalism, and Taoism. The main factors that contributed to the emergence of this characteristic in academic thought at that time were 
A. The cultural policy of eclecticism 
B. The need for actual rule 
C. The continuation of the situation of a hundred schools of thought 
D. The powerful power of the kingdom"
506,1899年初，中国进口了几部马可尼无线电报机，安装在两广总督督署、威远等要塞以及南洋舰队舰艇上，用于军事指挥。要知道，在同一年，马可尼才刚刚说服英国邮政部建立了一个无线电报站，英国无线电通讯业务方才起步。这反映了：a中国应用无线电报基本与西方同步；b中国在科技上处于领先地位；c中国仍处于学习器物阶段；d世界市场的发展,ac,cd,ab,ad,D,"A. ac
B. cd
C. ab
D. ad","下一个问题是关于中国的历史。
1899年初，中国进口了几部马可尼无线电报机，安装在两广总督督署、威远等要塞以及南洋舰队舰艇上，用于军事指挥。要知道，在同一年，马可尼才刚刚说服英国邮政部建立了一个无线电报站，英国无线电通讯业务方才起步。这反映了：a中国应用无线电报基本与西方同步；b中国在科技上处于领先地位；c中国仍处于学习器物阶段；d世界市场的发展
A. ac
B. cd
C. ab
D. ad","The next question is about China's history.
In early 1899, China imported several Marconi wireless telegraph machines and installed them in the Governor-General's Office of Guangdong and Guangxi, Weiyuan and other fortresses, and ships of the Nanyang Fleet for military command. It should be noted that in the same year, Marconi had just persuaded the British Postal Department to establish a wireless telegraph station, and the British radio communication business had just started. This reflects: a China's application of wireless telegraph is basically synchronized with the West; b China is in a leading position in science and technology; c China is still in the stage of learning instruments; d The development of the world market
A. ac
B. cd
C. ab
D. ad"
507,秦统一后，为了巩固封建统治，“建立了一套比较完备的、系统的国家管理机构——金字塔式的中枢行政系统……采用分工的原则，使中央政府能维持有效的运作，以管理庞大的帝国”。材料说明,御史制度促进了国家行政的运行,郡县制度推动了中央集权加强,三公九卿制度设计得比较合理,皇帝制度保证了行政的有效运作,C,"A. 御史制度促进了国家行政的运行
B. 郡县制度推动了中央集权加强
C. 三公九卿制度设计得比较合理
D. 皇帝制度保证了行政的有效运作","下一个问题是关于中国的历史。
秦统一后，为了巩固封建统治，“建立了一套比较完备的、系统的国家管理机构——金字塔式的中枢行政系统……采用分工的原则，使中央政府能维持有效的运作，以管理庞大的帝国”。材料说明
A. 御史制度促进了国家行政的运行
B. 郡县制度推动了中央集权加强
C. 三公九卿制度设计得比较合理
D. 皇帝制度保证了行政的有效运作","The next question is about China's history.
After the Qin Dynasty unified China, in order to consolidate its feudal rule, it ""established a relatively complete and systematic national administrative institution - a pyramid-shaped central administrative system... The principle of division of labor was adopted to enable the central government to maintain effective operation to manage the vast empire."" Material description
A. The censor system promoted the operation of national administration
B. The county system promoted the strengthening of central power
C. The three dukes and nine ministers system was designed relatively reasonably
D. The emperor system ensured the effective operation of administration"
508,1926年，有报纸评论说：“自从蒋介石抬出三民主义，大出风头以后，许多人都觉得主义是值钱的，于是乎孙传芳标榜三爱(爱国、爱民、爱敌)，东三省有人主张三权(民权、国权、人权)。听说四川有些军人到处请教人替他们想个主义玩玩。”这种现象反映了当时,各地军阀对三民主义理解存在差异,民主思想已经成为社会潮流,标榜主义成为军阀自保的主要手段,政治宣传促使各界思想趋同,B,"A. 各地军阀对三民主义理解存在差异
B. 民主思想已经成为社会潮流
C. 标榜主义成为军阀自保的主要手段
D. 政治宣传促使各界思想趋同","下一个问题是关于中国的历史。
1926年，有报纸评论说：“自从蒋介石抬出三民主义，大出风头以后，许多人都觉得主义是值钱的，于是乎孙传芳标榜三爱(爱国、爱民、爱敌)，东三省有人主张三权(民权、国权、人权)。听说四川有些军人到处请教人替他们想个主义玩玩。”这种现象反映了当时
A. 各地军阀对三民主义理解存在差异
B. 民主思想已经成为社会潮流
C. 标榜主义成为军阀自保的主要手段
D. 政治宣传促使各界思想趋同","The next question is about China's history.
In 1926, a newspaper commented: ""Since Chiang Kai-shek brought up the Three Principles of the People and became famous, many people think that doctrines are valuable. So Sun Chuanfang advocated the Three Loves (love for the country, love for the people, love for the enemy), and some people in the three northeastern provinces advocated the Three Rights (civil rights, national rights, and human rights). I heard that some soldiers in Sichuan asked people to come up with an doctrine for them to play with."" This phenomenon reflects that at that time
A. Warlords in various places had different understandings of the Three Principles of the People
B. Democratic ideas had become a social trend
C. Advocating doctrines became the main means for warlords to protect themselves
D. Political propaganda promoted the convergence of ideas among all walks of life"
509,当某条约的若干条款传出后，光绪皇帝发出“台湾割则天下人心皆去，朕何以为天下主!”的哀叹，台籍京官及举人纷纷声言“与其生为降虏，不如死为义民!”该条约应是,《天津条约》,《南京条约》,《北京条约》,《马关条约》,D,"A. 《天津条约》
B. 《南京条约》
C. 《北京条约》
D. 《马关条约》","下一个问题是关于中国的历史。
当某条约的若干条款传出后，光绪皇帝发出“台湾割则天下人心皆去，朕何以为天下主!”的哀叹，台籍京官及举人纷纷声言“与其生为降虏，不如死为义民!”该条约应是
A. 《天津条约》
B. 《南京条约》
C. 《北京条约》
D. 《马关条约》","The next question is about China's history.
When some clauses of a treaty were announced, Emperor Guangxu lamented, ""If Taiwan is ceded, the hearts of the people in the world will leave. How can I rule the world?"" Taiwanese officials and scholars in Beijing declared, ""It is better to die as a righteous citizen than to live as a captive!"" The treaty should be
A. ""Tianjin Treaty""
B. ""Nanjing Treaty""
C. ""Beijing Treaty""
D. ""Shimonoseki Treaty"""
510,1897年10月，严复等人在天津创办《国闻报》，一方面选择百余种外国报刊作为稿件来源，另一方面还派员到各地采访，国内偏重于北方各省，国外则设访员于伦敦、学.科网巴黎、柏林、彼得堡、纽约、华盛顿等处。这表明,国内无报刊供其选稿,维新思想的传播仅限于北方各省,清政府允许自由办报,维新派要让读者了解国内外大事,D,"A. 国内无报刊供其选稿
B. 维新思想的传播仅限于北方各省
C. 清政府允许自由办报
D. 维新派要让读者了解国内外大事","下一个问题是关于中国的历史。
1897年10月，严复等人在天津创办《国闻报》，一方面选择百余种外国报刊作为稿件来源，另一方面还派员到各地采访，国内偏重于北方各省，国外则设访员于伦敦、学.科网巴黎、柏林、彼得堡、纽约、华盛顿等处。这表明
A. 国内无报刊供其选稿
B. 维新思想的传播仅限于北方各省
C. 清政府允许自由办报
D. 维新派要让读者了解国内外大事","The next question is about China's history.
In October 1897, Yan Fu and others founded Guo Wen Bao in Tianjin. On the one hand, they selected more than 100 foreign newspapers and periodicals as sources of manuscripts, and on the other hand, they sent staff to various places for interviews. Domestically, they focused on the northern provinces, and overseas, they set up interviewers in London, Paris, Berlin, St. Petersburg, New York, Washington, etc. This shows that
A. There were no newspapers and periodicals in China for them to select manuscripts
B. The spread of reformist ideas was limited to the northern provinces
C. The Qing government allowed free newspaper publishing
D. The reformists wanted readers to understand major domestic and international events"
511,西汉初年，刘邦封置诸侯王国．封子弟为王。功臣为侯，并规定“非刘氏不王．非有功不侯”。这表明刘邦推行分封制意在,确保皇位传承稳固,加强对地方的控制,继承西周的政治体制,否定秦朝的政治体制,A,"A. 确保皇位传承稳固
B. 加强对地方的控制
C. 继承西周的政治体制
D. 否定秦朝的政治体制","下一个问题是关于中国的历史。
西汉初年，刘邦封置诸侯王国．封子弟为王。功臣为侯，并规定“非刘氏不王．非有功不侯”。这表明刘邦推行分封制意在
A. 确保皇位传承稳固
B. 加强对地方的控制
C. 继承西周的政治体制
D. 否定秦朝的政治体制","The next question is about China's history.
In the early years of the Western Han Dynasty, Liu Bang established feudal kingdoms. He made his sons kings. He made meritorious officials marquises, and stipulated that ""only the Liu family can be kings, and only meritorious officials can be marquises."" This shows that Liu Bang's implementation of the feudal system was intended to
A. Ensure the stability of the throne
B. Strengthen control over the local areas
C. Inherit the political system of the Western Zhou Dynasty
D. Negate the political system of the Qin Dynasty"
512,中国传统家族有“长兄如父”“小儿不及长孙”的说法。这些说法体现的是,贵族世袭,等级秩序,家族和睦,宗法观念,D,"A. 贵族世袭
B. 等级秩序
C. 家族和睦
D. 宗法观念","下一个问题是关于中国的历史。
中国传统家族有“长兄如父”“小儿不及长孙”的说法。这些说法体现的是
A. 贵族世袭
B. 等级秩序
C. 家族和睦
D. 宗法观念","The next question is about China's history.
In traditional Chinese families, there are sayings such as ""eldest brother is like father"" and ""younger son is not as good as eldest grandson"". These sayings reflect
A. hereditary nobility
B. hierarchical order
C. family harmony
D. clan concept"
513,南京参议院选举袁世凯为临时大总统后，资产阶级革命派的大多数人认为“袁世凯尽管不好，我们希望他好，要用诚恳的劝告，严密的监视，感动他，鼓励他，使他不能不好。”为此，资产阶级革命派,颁布《中华民国临时约法》,发起新文化运动,成立同盟会,发动护法运动,A,"A. 颁布《中华民国临时约法》
B. 发起新文化运动
C. 成立同盟会
D. 发动护法运动","下一个问题是关于中国的历史。
南京参议院选举袁世凯为临时大总统后，资产阶级革命派的大多数人认为“袁世凯尽管不好，我们希望他好，要用诚恳的劝告，严密的监视，感动他，鼓励他，使他不能不好。”为此，资产阶级革命派
A. 颁布《中华民国临时约法》
B. 发起新文化运动
C. 成立同盟会
D. 发动护法运动","The next question is about China's history.
After the Nanjing Senate elected Yuan Shikai as the provisional president, most of the bourgeois revolutionaries believed that ""even though Yuan Shikai is not good, we hope he will be good. We should use sincere advice and strict surveillance to move him, encourage him, and make him not bad."" For this reason, the bourgeois revolutionaries
A. promulgated the ""Provisional Constitution of the Republic of China""
B. launched the New Culture Movement
C. established the Tongmenghui
D. launched the Protection of Law Movement"
514,陈东升在《大国崛起的中国模式》中说：1979年以来，中国的发展可谓占尽“天时、地利、人和”。下列属于他所说的“天时”的是：a 召开十一届三中全会，确定改革开放的伟大决策；b 和平与发展成为时代主题；c 邓小平提出建设有中国特色的社会主义理论；d 第三次科技革命的兴起和扩展,bd,ac,abd,abcd,B,"A. bd
B. ac
C. abd
D. abcd","下一个问题是关于中国的历史。
陈东升在《大国崛起的中国模式》中说：1979年以来，中国的发展可谓占尽“天时、地利、人和”。下列属于他所说的“天时”的是：a 召开十一届三中全会，确定改革开放的伟大决策；b 和平与发展成为时代主题；c 邓小平提出建设有中国特色的社会主义理论；d 第三次科技革命的兴起和扩展
A. bd
B. ac
C. abd
D. abcd","The next question is about China's history.
Chen Dongsheng said in ""The Chinese Model of the Rise of a Great Power"": Since 1979, China's development has been ""at the right time, at the right place, and with the right people"". The following are the ""right time"" he mentioned: a The Third Plenary Session of the 11th Central Committee was held to determine the great decision of reform and opening up; b Peace and development became the theme of the times; c Deng Xiaoping proposed the theory of building socialism with Chinese characteristics; d The rise and expansion of the third scientific and technological revolution
A. bd
B. ac
C. abd
D. abcd"
515,王莽建立新朝取代西汉，仅遭到朝野人士的零星反对；东汉末年既有割据一方的豪强，更有权势滔天的权臣，却大都不敢称帝。东汉末年这一现象出现的原因是,权臣豪强对中央集权的畏惧,儒学忠君思想进一步理论化,当时社会对君权神授的尊崇,儒家“经世致用”思想的恢复,A,"A. 权臣豪强对中央集权的畏惧
B. 儒学忠君思想进一步理论化
C. 当时社会对君权神授的尊崇
D. 儒家“经世致用”思想的恢复","下一个问题是关于中国的历史。
王莽建立新朝取代西汉，仅遭到朝野人士的零星反对；东汉末年既有割据一方的豪强，更有权势滔天的权臣，却大都不敢称帝。东汉末年这一现象出现的原因是
A. 权臣豪强对中央集权的畏惧
B. 儒学忠君思想进一步理论化
C. 当时社会对君权神授的尊崇
D. 儒家“经世致用”思想的恢复","The next question is about China's history.
Wang Mang established the Xin Dynasty to replace the Western Han Dynasty, but encountered only sporadic opposition from people in and out of the court; at the end of the Eastern Han Dynasty, there were both powerful tyrants and powerful ministers, but most of them did not dare to claim the throne. The reason for this phenomenon at the end of the Eastern Han Dynasty was
A. The fear of the centralization of power by powerful ministers
B. The further theoreticalization of Confucianism's loyalty to the emperor
C. The respect for the divine right of the emperor in society at that time
D. The restoration of the Confucian idea of ""practicing what you do"""
516,杨奎松在《中华人民共和国建国史研究（2）》中曾这样评价新中国的外交政策：“这是新中国外交政策从突出强调意识形态的“一边倒”，转向较多地考虑国家现实利益而开始走向务实的相当重要的标志。”该观点依据的史实应该是,“打扫干净屋子再请客”政策的提出,参加日内瓦会议,和平共处五项原则的提出,“求同存异”方针的提出,C,"A. “打扫干净屋子再请客”政策的提出
B. 参加日内瓦会议
C. 和平共处五项原则的提出
D. “求同存异”方针的提出","下一个问题是关于中国的历史。
杨奎松在《中华人民共和国建国史研究（2）》中曾这样评价新中国的外交政策：“这是新中国外交政策从突出强调意识形态的“一边倒”，转向较多地考虑国家现实利益而开始走向务实的相当重要的标志。”该观点依据的史实应该是
A. “打扫干净屋子再请客”政策的提出
B. 参加日内瓦会议
C. 和平共处五项原则的提出
D. “求同存异”方针的提出","The next question is about China's history.
Yang Kuisong commented on the foreign policy of New China in his book Research on the History of the Founding of the People's Republic of China (2): ""This is a very important sign that the foreign policy of New China has shifted from emphasizing the ""one-sidedness"" of ideology to considering the country's actual interests and starting to be pragmatic."" The historical facts on which this view is based should be 
A. The proposal of the ""clean up the house before inviting guests"" policy 
B. Participation in the Geneva Conference 
C. The proposal of the Five Principles of Peaceful Coexistence 
D. The proposal of the ""seek common ground while reserving differences"" policy"
517,读甲午战争后中国官办和商办企业情况表。据此表可知，1895-1913年间，民营企业,办厂规模逐渐超过官办企业,面临的发展阻力在逐渐减小,成为当时近代化的主导力量,仍没有摆脱官办企业的束缚,C,"A. 办厂规模逐渐超过官办企业
B. 面临的发展阻力在逐渐减小
C. 成为当时近代化的主导力量
D. 仍没有摆脱官办企业的束缚","下一个问题是关于中国的历史。
读甲午战争后中国官办和商办企业情况表。据此表可知，1895-1913年间，民营企业
A. 办厂规模逐渐超过官办企业
B. 面临的发展阻力在逐渐减小
C. 成为当时近代化的主导力量
D. 仍没有摆脱官办企业的束缚","The next question is about China's history.
Read the table of Chinese government-run and private enterprises after the Sino-Japanese War. According to this table, between 1895 and 1913, private enterprises
A. gradually exceeded government-run enterprises in terms of scale
B. faced less and less resistance to development
C. became the leading force in modernization at that time
D. still did not get rid of the constraints of government-run enterprises"
518,周代青铜器上的铭文与商代相比，字数越来越多，语句也愈加格式化。这些铭文大都记述个人业绩，追颂祖先功德，希冀子孙保用。这表明西周时,未能充分发挥文书功能,形成了重视历史传承的风尚,青铜器的功用发生重大历史改变,创造了一种全新的文字体系,B,"A. 未能充分发挥文书功能
B. 形成了重视历史传承的风尚
C. 青铜器的功用发生重大历史改变
D. 创造了一种全新的文字体系","下一个问题是关于中国的历史。
周代青铜器上的铭文与商代相比，字数越来越多，语句也愈加格式化。这些铭文大都记述个人业绩，追颂祖先功德，希冀子孙保用。这表明西周时
A. 未能充分发挥文书功能
B. 形成了重视历史传承的风尚
C. 青铜器的功用发生重大历史改变
D. 创造了一种全新的文字体系","The next question is about China's history.
Compared with the Shang Dynasty, the inscriptions on bronze ware in the Zhou Dynasty had more characters and more formatted sentences. Most of these inscriptions recorded personal achievements, praised the merits of ancestors, and hoped that their descendants would keep them. This shows that in the Western Zhou Dynasty
A. the function of documents was not fully utilized
B. a trend of attaching importance to historical inheritance was formed
C. the function of bronze ware underwent a major historical change
D. a new writing system was created"
519,公元前1046年，武王率兵在牧野打败商军，建立周朝。这一年处在,公元前10世纪下半叶,公元前l1世纪下半叶,公元前11世纪上半叶,公元前10世纪上半叶,B,"A. 公元前10世纪下半叶
B. 公元前l1世纪下半叶
C. 公元前11世纪上半叶
D. 公元前10世纪上半叶","下一个问题是关于中国的历史。
公元前1046年，武王率兵在牧野打败商军，建立周朝。这一年处在
A. 公元前10世纪下半叶
B. 公元前l1世纪下半叶
C. 公元前11世纪上半叶
D. 公元前10世纪上半叶","The next question is about China's history.
In 1046 BC, King Wu led his army to defeat the Shang army in Muye and established the Zhou Dynasty. This year was in
A. the second half of the 10th century BC
B. the second half of the 11th century BC
C. the first half of the 11th century BC
D. the first half of the 10th century BC"
520,1946年，国民党不断进犯各解放区，但在口头上仍说遵守《双十协定》，双方在南京进行谈判。谈判破裂后，国民党对中共人员限期撤离，中共与美方紧急磋商，美国同意麦康内尔执行“鲶鱼行动”，把中共人员安全送回到了延安。材料表明,国共关系引起美国高度关注,中共在内战中处于弱势地位,中共赢得了美国的舆论支持,美国改变了对国民党的支持,A,"A. 国共关系引起美国高度关注
B. 中共在内战中处于弱势地位
C. 中共赢得了美国的舆论支持
D. 美国改变了对国民党的支持","下一个问题是关于中国的历史。
1946年，国民党不断进犯各解放区，但在口头上仍说遵守《双十协定》，双方在南京进行谈判。谈判破裂后，国民党对中共人员限期撤离，中共与美方紧急磋商，美国同意麦康内尔执行“鲶鱼行动”，把中共人员安全送回到了延安。材料表明
A. 国共关系引起美国高度关注
B. 中共在内战中处于弱势地位
C. 中共赢得了美国的舆论支持
D. 美国改变了对国民党的支持","The next question is about China's history.
In 1946, the KMT continued to invade the liberated areas, but verbally still said that it would abide by the Double Tenth Agreement. The two sides negotiated in Nanjing. After the negotiations broke down, the KMT set a deadline for the CCP personnel to evacuate. The CCP and the US held emergency consultations, and the US agreed to McConnell's ""Catfish Operation"" to safely send the CCP personnel back to Yan'an. The materials show that 
A. The relationship between the KMT and the CPC attracted great attention from the United States 
B. The CCP was in a weak position in the civil war 
C. The CCP won the support of American public opinion 
D. The United States changed its support for the KMT"
521,1928年的《长寿县志》载：村落农民祠祭“拜跪无节，衣冠不肃，等于儿戏，甚者祠堂有款不妨虚糜，强者借以自肥，黠者分其余润，愚懦者每年幸叨一饱，已无他望。”这一现象主要反映了,乡村传统文化渐趋失落,民主革命进程影响乡村习俗,乡村百姓思想开始解放,近代社会生活新旧并存特点,A,"A. 乡村传统文化渐趋失落
B. 民主革命进程影响乡村习俗
C. 乡村百姓思想开始解放
D. 近代社会生活新旧并存特点","下一个问题是关于中国的历史。
1928年的《长寿县志》载：村落农民祠祭“拜跪无节，衣冠不肃，等于儿戏，甚者祠堂有款不妨虚糜，强者借以自肥，黠者分其余润，愚懦者每年幸叨一饱，已无他望。”这一现象主要反映了
A. 乡村传统文化渐趋失落
B. 民主革命进程影响乡村习俗
C. 乡村百姓思想开始解放
D. 近代社会生活新旧并存特点","The next question is about China's history.
The 1928 ""Changshou County Chronicles"" states that the village peasants ""knelt and worshipped without restraint, dressed in a frivolous manner, and even squandered the money in the ancestral halls. The strong used it to enrich themselves, the cunning shared the rest, and the foolish and cowardly were lucky to have a full meal every year and had no other hope."" This phenomenon mainly reflects
A. The gradual loss of rural traditional culture
B. The democratic revolution process affected rural customs
C. The rural people's thoughts began to be liberated
D. The coexistence of the old and the new in modern social life"
522,“根据这一理论，将时间和空间说成是绝对的是没有意义的，因为对这两种范畴的测量通常随着观察者的运动而改变。……对于门外汉来说，这些观点———通常用不能理解的数学公式解释———表明科学已经达到了能被人类所知的界限。上述“理论”的主要意义是,开创了以实验为基础的近代科学,弥补经典力学对时空认识的不足,发现能量辐射的运动原则,预见海王星存在的准确性,B,"A. 开创了以实验为基础的近代科学
B. 弥补经典力学对时空认识的不足
C. 发现能量辐射的运动原则
D. 预见海王星存在的准确性","下一个问题是关于中国的历史。
“根据这一理论，将时间和空间说成是绝对的是没有意义的，因为对这两种范畴的测量通常随着观察者的运动而改变。……对于门外汉来说，这些观点———通常用不能理解的数学公式解释———表明科学已经达到了能被人类所知的界限。上述“理论”的主要意义是
A. 开创了以实验为基础的近代科学
B. 弥补经典力学对时空认识的不足
C. 发现能量辐射的运动原则
D. 预见海王星存在的准确性","The next question is about China's history.
""According to this theory, it is meaningless to say that time and space are absolute, because measurements of these two categories usually change with the movement of the observer. ... To the layman, these views - usually explained by incomprehensible mathematical formulas - show that science has reached the limit of what can be known by humans. The main significance of the above ""theory"" is 
A. It pioneered modern science based on experiments 
B. It made up for the shortcomings of classical mechanics in understanding time and space 
C. It discovered the motion principle of energy radiation 
D. The accuracy of predicting the existence of Neptune"
523,在古代史家的笔下，大江之南的乡村社会，“家给人足，居则有室，佃则有田，薪则有山，艺则有圃……婚媾依时，闾阎安堵，妇人纺绩，男人桑蓬，臧获服劳，比邻敦睦。”该材料反映的农业经济状况是,小农户个体经营,有田者无力可耕,地权与劳动者契合,土地过度集中,A,"A. 小农户个体经营
B. 有田者无力可耕
C. 地权与劳动者契合
D. 土地过度集中","下一个问题是关于中国的历史。
在古代史家的笔下，大江之南的乡村社会，“家给人足，居则有室，佃则有田，薪则有山，艺则有圃……婚媾依时，闾阎安堵，妇人纺绩，男人桑蓬，臧获服劳，比邻敦睦。”该材料反映的农业经济状况是
A. 小农户个体经营
B. 有田者无力可耕
C. 地权与劳动者契合
D. 土地过度集中","The next question is about China's history.
According to ancient historians, in the rural society south of the Yangtze River, ""every family has enough food, they have a room to live in, they have a field to rent, they have a mountain to burn firewood, they have a garden to cultivate... Marriage is on time, the neighborhood is peaceful, women spin and weave, men grow mulberry and weave, and the neighbors are harmonious."" The agricultural economic situation reflected in this material is
A. Individual farming by small farmers
B. Those who have land have no money to farm
C. Land rights are consistent with laborers
D. Excessive land concentration"
524,推开斑驳厚重的历史大门，翻检汗牛充栋的文化典籍，我们触摸着五千年中华文明的脉搏。其中有这么一部典籍，文字精练，人物刻画与叙事生动，不虚美，不隐恶，是一部兼具史学和文学特色的不朽名著，被誉为“史家之绝唱，无韵之离骚”。该典籍是,《汉书》,《春秋》,《资治通鉴》,《史记》,D,"A. 《汉书》
B. 《春秋》
C. 《资治通鉴》
D. 《史记》","下一个问题是关于中国的历史。
推开斑驳厚重的历史大门，翻检汗牛充栋的文化典籍，我们触摸着五千年中华文明的脉搏。其中有这么一部典籍，文字精练，人物刻画与叙事生动，不虚美，不隐恶，是一部兼具史学和文学特色的不朽名著，被誉为“史家之绝唱，无韵之离骚”。该典籍是
A. 《汉书》
B. 《春秋》
C. 《资治通鉴》
D. 《史记》","The next question is about China's history.
Pushing open the mottled and heavy door of history, and checking the numerous cultural classics, we feel the pulse of 5,000 years of Chinese civilization. Among them, there is such a classic, with concise text, vivid character portrayal and narrative, no false praise, no concealment of evil, it is an immortal masterpiece with both historical and literary characteristics, and is praised as ""the swan song of historians, the Li Sao without rhyme"". The classic is
A. ""Book of Han""
B. ""Spring and Autumn""
C. ""Zizhi Tongjian""
D. ""Records of the Grand Historian"""
525,周恩来曾回忆说：“讲到中国革命的性质，今天似乎是老生常谈了……可是在六大(1928年)时，这却是个很严重的问题……当时无论从莫斯科中山大学或从西欧回来的同志又都轻视理论，所以对革命的性质问题都搞不清。”这表明大革命时期中国共产党,正确认识到农村根据地的地位,受到共产国际的强烈影响,已逐渐克服教条主义倾向,尚未确立明确的革命目标,B,"A. 正确认识到农村根据地的地位
B. 受到共产国际的强烈影响
C. 已逐渐克服教条主义倾向
D. 尚未确立明确的革命目标","下一个问题是关于中国的历史。
周恩来曾回忆说：“讲到中国革命的性质，今天似乎是老生常谈了……可是在六大(1928年)时，这却是个很严重的问题……当时无论从莫斯科中山大学或从西欧回来的同志又都轻视理论，所以对革命的性质问题都搞不清。”这表明大革命时期中国共产党
A. 正确认识到农村根据地的地位
B. 受到共产国际的强烈影响
C. 已逐渐克服教条主义倾向
D. 尚未确立明确的革命目标","The next question is about China's history.
Zhou Enlai once recalled: ""Speaking of the nature of the Chinese revolution, it seems to be a commonplace today... But at the Sixth National Congress (1928), this was a very serious issue... At that time, comrades who returned from Sun Yat-sen University in Moscow or from Western Europe all despised theory, so they were confused about the nature of the revolution."" This shows that during the Great Revolution, the Chinese Communist Party
A. correctly recognized the status of rural bases
B. was strongly influenced by the Communist International
C. had gradually overcome dogmatism
D. had not yet established clear revolutionary goals"
526,某中学历史兴趣小组试图对“世界史·中国梦”这一主题进行探究，经过查阅资料、分析比较和讨论总结，大家认识到:“中国梦”的本质内涵是实现国家富强、民族复兴、人民幸福和社会和谐，它符合当今世界的时代主题，与人类的进步紧密相连。因此，“中国梦”：a 有别于近代主要西方国家的大国之梦；b 同冷战时期苏联的大国之梦基本一致；c 有助于推动世界格局多极化趋势发展；d 意味着中国对人类的贡献将越来越大,abc,abd,acd,bcd,C,"A. abc
B. abd
C. acd
D. bcd","下一个问题是关于中国的历史。
某中学历史兴趣小组试图对“世界史·中国梦”这一主题进行探究，经过查阅资料、分析比较和讨论总结，大家认识到:“中国梦”的本质内涵是实现国家富强、民族复兴、人民幸福和社会和谐，它符合当今世界的时代主题，与人类的进步紧密相连。因此，“中国梦”：a 有别于近代主要西方国家的大国之梦；b 同冷战时期苏联的大国之梦基本一致；c 有助于推动世界格局多极化趋势发展；d 意味着中国对人类的贡献将越来越大
A. abc
B. abd
C. acd
D. bcd","The next question is about China's history.
A middle school history interest group tried to explore the theme of ""World History·Chinese Dream"". After consulting materials, analyzing, comparing and discussing, everyone realized that the essential connotation of the ""Chinese Dream"" is to achieve national prosperity, national rejuvenation, people's happiness and social harmony. It conforms to the theme of the times in today's world and is closely linked to human progress. Therefore, the ""Chinese Dream"": a is different from the great power dream of major Western countries in modern times; b is basically the same as the great power dream of the Soviet Union during the Cold War; c is conducive to promoting the development of the multipolarization trend of the world pattern; d means that China's contribution to mankind will become greater and greater
A. abc
B. abd
C. acd
D. bcd"
527,毛泽东在中共七大上说：“俄国在十月革命胜利以后，还有一个时期让资本主义作为部分经济而存在，而且还是很大的一部分……我们的同志在这方面是太急了。”毛泽东旨在,强调应坚持新民主主义路线,重申农村包围城市的革命道路,说明社会主义改造的迫切性,批评新经济政策不合时宜,A,"A. 强调应坚持新民主主义路线
B. 重申农村包围城市的革命道路
C. 说明社会主义改造的迫切性
D. 批评新经济政策不合时宜","下一个问题是关于中国的历史。
毛泽东在中共七大上说：“俄国在十月革命胜利以后，还有一个时期让资本主义作为部分经济而存在，而且还是很大的一部分……我们的同志在这方面是太急了。”毛泽东旨在
A. 强调应坚持新民主主义路线
B. 重申农村包围城市的革命道路
C. 说明社会主义改造的迫切性
D. 批评新经济政策不合时宜","The next question is about China's history.
Mao Zedong said at the Seventh National Congress of the Communist Party of China: ""After the victory of the October Revolution, Russia still allowed capitalism to exist as part of the economy, and it was a large part... Our comrades were too hasty in this regard."" Mao Zedong aimed to
A. emphasize the need to adhere to the New Democratic Line
B. reiterate the revolutionary path of encircling the cities from the countryside
C. explain the urgency of socialist transformation
D. criticize the New Economic Policy as being out of date"
528,江南农业经济在东晋南朝、唐后期五代及南宋三个时期得到根大发展．其共同的原因是,官府组织民众屯田扩大耕地面积,推广普及铁制农具提高生产效率,黄河流域人口因动乱大规模南迁,政府改革税制调动农民的积极性,C,"A. 官府组织民众屯田扩大耕地面积
B. 推广普及铁制农具提高生产效率
C. 黄河流域人口因动乱大规模南迁
D. 政府改革税制调动农民的积极性","下一个问题是关于中国的历史。
江南农业经济在东晋南朝、唐后期五代及南宋三个时期得到根大发展．其共同的原因是
A. 官府组织民众屯田扩大耕地面积
B. 推广普及铁制农具提高生产效率
C. 黄河流域人口因动乱大规模南迁
D. 政府改革税制调动农民的积极性","The next question is about China's history.
The agricultural economy in Jiangnan developed greatly in the Eastern Jin Dynasty, the Southern Dynasties, the late Tang Dynasty, the Five Dynasties, and the Southern Song Dynasty. The common reason is that 
A. The government organized the people to cultivate land to expand the cultivated land area 
B. The popularization of iron farm tools improved production efficiency 
C. The population in the Yellow River Basin migrated south on a large scale due to unrest 
D. The government reformed the tax system to mobilize the enthusiasm of farmers"
529,有学者认为，《天朝田亩制度》在晚清思想史中具有独特性，显示了传统思想里从未有过的一种组合，即“财产共有与权力全面控制的组合”。在这种思想的“组合”过程中，没有对其产生影响的是,《礼记·礼运》中“大同”思想,农民起义中的“均贫富”思想,基督教平等思想,“中体西用”思想,D,"A. 《礼记·礼运》中“大同”思想
B. 农民起义中的“均贫富”思想
C. 基督教平等思想
D. “中体西用”思想","下一个问题是关于中国的历史。
有学者认为，《天朝田亩制度》在晚清思想史中具有独特性，显示了传统思想里从未有过的一种组合，即“财产共有与权力全面控制的组合”。在这种思想的“组合”过程中，没有对其产生影响的是
A. 《礼记·礼运》中“大同”思想
B. 农民起义中的“均贫富”思想
C. 基督教平等思想
D. “中体西用”思想","The next question is about China's history.
Some scholars believe that the Tianchao Tianmu System is unique in the history of late Qing thought, showing a combination that has never existed in traditional thought, namely, ""the combination of shared property and comprehensive power control"". In the process of ""combining"" this thought, the following did not have an impact on it:
A. The ""Great Harmony"" thought in ""Book of Rites·Liyun""
B. The ""equalization of wealth"" thought in the peasant uprising
C. The Christian equality thought
D. The ""Chinese learning and Western learning"" thought"
530,据资料统计：在明后期至清前期200余年间，世界白银产量的一半流入中国，拥有一流城市和最为密集、完善的市场网络的中国，成为当时世界经济和贸易的中心区域。然而当时它却没有形成强大的扫荡旧经济基础的革命性变化。其中内在的和人为的原因是,由于鸦片大量流入导致白银的大量外流,“重农抑商”和“闭关锁国”的政策的压制,英国工业革命后对中国进行的商品输出,大河流域的农业文明不适于工商业发展,B,"A. 由于鸦片大量流入导致白银的大量外流
B. “重农抑商”和“闭关锁国”的政策的压制
C. 英国工业革命后对中国进行的商品输出
D. 大河流域的农业文明不适于工商业发展","下一个问题是关于中国的历史。
据资料统计：在明后期至清前期200余年间，世界白银产量的一半流入中国，拥有一流城市和最为密集、完善的市场网络的中国，成为当时世界经济和贸易的中心区域。然而当时它却没有形成强大的扫荡旧经济基础的革命性变化。其中内在的和人为的原因是
A. 由于鸦片大量流入导致白银的大量外流
B. “重农抑商”和“闭关锁国”的政策的压制
C. 英国工业革命后对中国进行的商品输出
D. 大河流域的农业文明不适于工商业发展","The next question is about China's history.
According to statistics: in the 200 years from the late Ming Dynasty to the early Qing Dynasty, half of the world's silver production flowed into China. China, with first-class cities and the most dense and complete market network, became the center of the world's economy and trade at that time. However, it did not form a strong revolutionary change to sweep away the old economic foundation at that time. The internal and man-made reasons are
A. The large outflow of silver due to the large influx of opium
B. The suppression of the policies of ""focusing on agriculture and suppressing commerce"" and ""closing the country to the outside world""
C. The export of goods to China after the British Industrial Revolution
D. The agricultural civilization in the river basin is not suitable for the development of industry and commerce"
531,1977年10月21日，《人民日报》头版头条刊登了“高等学校招生进行重大改革”的报道。这一“重大改革”是,贯彻“三个面向”教育方针的具体体现,教育领域拨乱反正的重要措施,实施“科教兴国”战略的重要步骤,贯彻十一届三中全会精神的重要举措,B,"A. 贯彻“三个面向”教育方针的具体体现
B. 教育领域拨乱反正的重要措施
C. 实施“科教兴国”战略的重要步骤
D. 贯彻十一届三中全会精神的重要举措","下一个问题是关于中国的历史。
1977年10月21日，《人民日报》头版头条刊登了“高等学校招生进行重大改革”的报道。这一“重大改革”是
A. 贯彻“三个面向”教育方针的具体体现
B. 教育领域拨乱反正的重要措施
C. 实施“科教兴国”战略的重要步骤
D. 贯彻十一届三中全会精神的重要举措","The next question is about China's history.
On October 21, 1977, the People's Daily published a report on the front page that ""major reforms have been made to college enrollment."" This ""major reform"" is
A. a concrete manifestation of the implementation of the ""three-oriented"" education policy
B. an important measure to correct the chaos in the education field
C. an important step in implementing the ""science and education to revitalize the country"" strategy
D. an important measure to implement the spirit of the Third Plenary Session of the Eleventh Central Committee"
532,中国大地从南到北，从珠江三角洲到长江三角洲，处处燃烧着革命的火焰，使“孙中山先生致力国民革命凡四十年还未能完成的革命事业，在仅仅两三年之内，获得了巨大的成就”。这一“革命的火焰”,动摇了帝国主义统治中国的根基,促进了国共两党进一步合作,实现了孙中山的革命目标,完成了民主革命任务,A,"A. 动摇了帝国主义统治中国的根基
B. 促进了国共两党进一步合作
C. 实现了孙中山的革命目标
D. 完成了民主革命任务","下一个问题是关于中国的历史。
中国大地从南到北，从珠江三角洲到长江三角洲，处处燃烧着革命的火焰，使“孙中山先生致力国民革命凡四十年还未能完成的革命事业，在仅仅两三年之内，获得了巨大的成就”。这一“革命的火焰”
A. 动摇了帝国主义统治中国的根基
B. 促进了国共两党进一步合作
C. 实现了孙中山的革命目标
D. 完成了民主革命任务","The next question is about China's history.
The flame of revolution was burning everywhere in China, from the south to the north, from the Pearl River Delta to the Yangtze River Delta, so that ""Mr. Sun Yat-sen, who had devoted himself to the national revolution for forty years and had not yet completed the revolutionary cause, achieved great success in just two or three years."" This ""flame of revolution""
A. shook the foundation of imperialist rule in China
B. promoted further cooperation between the Kuomintang and the Communist Party
C. achieved Sun Yat-sen's revolutionary goals
D. completed the task of the democratic revolution"
533,“明设官，开国数年一再更定，内外无偏重，大小监制，缓急繁减，咸克互济，可为尽善。独是罢丞相而尊尚书，事难画一，缓急不辨，以此得，亦以此失，势有然也。”材料主要反映明朝废丞相后,权力过于分散,中央集权加强,行政效率提高,君权空前强化,A,"A. 权力过于分散
B. 中央集权加强
C. 行政效率提高
D. 君权空前强化","下一个问题是关于中国的历史。
“明设官，开国数年一再更定，内外无偏重，大小监制，缓急繁减，咸克互济，可为尽善。独是罢丞相而尊尚书，事难画一，缓急不辨，以此得，亦以此失，势有然也。”材料主要反映明朝废丞相后
A. 权力过于分散
B. 中央集权加强
C. 行政效率提高
D. 君权空前强化","The next question is about China's history.
""The Ming Dynasty set up officials, and changed them repeatedly in the first few years of the founding of the country. There was no bias between the internal and external affairs. The supervision of all levels was reduced, and all were able to help each other, which was perfect. However, the prime minister was abolished and the minister was respected. It was difficult to make things uniform, and the urgency was not distinguished. This was a gain, but also a loss. It was inevitable."" The material mainly reflects that after the prime minister was abolished in the Ming Dynasty
A. Power was too decentralized
B. Centralization was strengthened
C. Administrative efficiency was improved
D. The power of the monarch was unprecedentedly strengthened"
534,唐朝前期规定“诸非州县之所不得置市”。后期则规定：“中县户满三千以上，置市令一人、史二人，其不满三千户以上者，并不得置市官。若要路须置，旧来交易繁者，听依三千户法置。”由此可见唐后期,市的交易不再受官府监管,只有州县所在地才许设市,县不满三千户绝不许设市,市的建置制度已有所调整,D,"A. 市的交易不再受官府监管
B. 只有州县所在地才许设市
C. 县不满三千户绝不许设市
D. 市的建置制度已有所调整","下一个问题是关于中国的历史。
唐朝前期规定“诸非州县之所不得置市”。后期则规定：“中县户满三千以上，置市令一人、史二人，其不满三千户以上者，并不得置市官。若要路须置，旧来交易繁者，听依三千户法置。”由此可见唐后期
A. 市的交易不再受官府监管
B. 只有州县所在地才许设市
C. 县不满三千户绝不许设市
D. 市的建置制度已有所调整","The next question is about China's history.
In the early Tang Dynasty, it was stipulated that ""markets shall not be established in places other than prefectures and counties"". In the later period, it was stipulated that ""if there are more than 3,000 households in a county, one market magistrate and two market officials shall be appointed. If there are less than 3,000 households, no market officials shall be appointed. If important roads need to be set up, and there are old places with heavy transactions, they can be set up according to the 3,000 households rule."" From this, we can see that in the late Tang Dynasty
A. Market transactions were no longer supervised by the government
B. Markets were only allowed to be established in prefectures and counties
C. Markets were not allowed to be established in counties with less than 3,000 households
D. The system for establishing markets had been adjusted"
535,针对曾把农民出售粮食和其它农产品视为投机倒把并予以惩办的做法，某国领导人指出：“投机倒把活动，如果从政治经济学意义上来理解，那它和‘正当’贸易就区分不开来。”体现该领导人这一观点的措施是,实行余粮征集制,允许农民进行商品交换,推行农业集体化,为减耕减产的农民提供补贴,B,"A. 实行余粮征集制
B. 允许农民进行商品交换
C. 推行农业集体化
D. 为减耕减产的农民提供补贴","下一个问题是关于中国的历史。
针对曾把农民出售粮食和其它农产品视为投机倒把并予以惩办的做法，某国领导人指出：“投机倒把活动，如果从政治经济学意义上来理解，那它和‘正当’贸易就区分不开来。”体现该领导人这一观点的措施是
A. 实行余粮征集制
B. 允许农民进行商品交换
C. 推行农业集体化
D. 为减耕减产的农民提供补贴","The next question is about China's history.
In response to the practice of punishing farmers for selling grain and other agricultural products as speculation, a certain country's leader pointed out: ""If we understand speculation in the sense of political economy, it is indistinguishable from 'legitimate' trade."" The measures that reflect this view of the leader are 
A. Implementing a surplus grain collection system
B. Allowing farmers to exchange goods
C. Promoting agricultural collectivization
D. Providing subsidies to farmers who reduce their cultivation and production"
536,一五”计划期间，我国实行粮食计划供应制度，各地根据国家粮食计划供应的相关规定，以户籍为依据确定粮食供应的对象与数量。这一制度的实行,加速了国民经济的恢复,保障了工业化战略实施,缓解了灾害造成的粮食短缺,有利于资本主义工商业改造,B,"A. 加速了国民经济的恢复
B. 保障了工业化战略实施
C. 缓解了灾害造成的粮食短缺
D. 有利于资本主义工商业改造","下一个问题是关于中国的历史。
一五”计划期间，我国实行粮食计划供应制度，各地根据国家粮食计划供应的相关规定，以户籍为依据确定粮食供应的对象与数量。这一制度的实行
A. 加速了国民经济的恢复
B. 保障了工业化战略实施
C. 缓解了灾害造成的粮食短缺
D. 有利于资本主义工商业改造","The next question is about China's history.
During the First Five-Year Plan, my country implemented a planned grain supply system. Local governments determined the recipients and quantities of grain based on household registration according to the relevant provisions of the national grain supply plan. The implementation of this system
A. accelerated the recovery of the national economy
B. ensured the implementation of the industrialization strategy
C. alleviated the food shortage caused by disasters
D. was conducive to the transformation of capitalist industry and commerce"
537,《浅析中西方传统文化的差异与交融》一文指出：“西方文化对中国文化的吸收完全取决于中国文化的魅力和西方文化发展的内在要求。……中国文化在暴力冲撞下被迫吸收西方近代文化，不得不进行痛苦的转型与嬗变。”这说明,文明的交融和汲取具有明显的差异,中国的近代文明对西方具有吸引力,中西文化交融和汲取的过程较相似,文化的自身魅力决定其传播的程度,A,"A. 文明的交融和汲取具有明显的差异
B. 中国的近代文明对西方具有吸引力
C. 中西文化交融和汲取的过程较相似
D. 文化的自身魅力决定其传播的程度","下一个问题是关于中国的历史。
《浅析中西方传统文化的差异与交融》一文指出：“西方文化对中国文化的吸收完全取决于中国文化的魅力和西方文化发展的内在要求。……中国文化在暴力冲撞下被迫吸收西方近代文化，不得不进行痛苦的转型与嬗变。”这说明
A. 文明的交融和汲取具有明显的差异
B. 中国的近代文明对西方具有吸引力
C. 中西文化交融和汲取的过程较相似
D. 文化的自身魅力决定其传播的程度","The next question is about China's history.
The article ""A Brief Analysis of the Differences and Integration of Traditional Chinese and Western Cultures"" points out: ""The absorption of Chinese culture by Western culture depends entirely on the charm of Chinese culture and the inherent requirements of Western cultural development. ... Chinese culture was forced to absorb Western modern culture under violent collisions and had to undergo painful transformation and evolution."" This shows that 
A. There are obvious differences in the integration and absorption of civilizations 
B. China's modern civilization is attractive to the West 
C. The process of integration and absorption of Chinese and Western cultures is relatively similar 
D. The charm of culture itself determines the degree of its dissemination"
538,中国古代中央集权的强化，往往通过采取弱化相权、完善监察制、调整中央和地方关系等手段来实现，在这一过程中政治架构的设计与职权的变更较为突出。下列选项中，在地位和职权上大体相当的一组是,西汉州刺史与明监察御史,宋提点刑狱司与明通政司,唐政事堂与宋中书门下,东周诸侯国与元省制,C,"A. 西汉州刺史与明监察御史
B. 宋提点刑狱司与明通政司
C. 唐政事堂与宋中书门下
D. 东周诸侯国与元省制","下一个问题是关于中国的历史。
中国古代中央集权的强化，往往通过采取弱化相权、完善监察制、调整中央和地方关系等手段来实现，在这一过程中政治架构的设计与职权的变更较为突出。下列选项中，在地位和职权上大体相当的一组是
A. 西汉州刺史与明监察御史
B. 宋提点刑狱司与明通政司
C. 唐政事堂与宋中书门下
D. 东周诸侯国与元省制","The next question is about China's history.
The strengthening of the central power in ancient China was often achieved by weakening the power of the prime minister, improving the supervision system, and adjusting the relationship between the central and local governments. In this process, the design of the political structure and the change of authority were more prominent. Among the following options, the group with roughly equivalent status and authority is
A. The governor of the state in the Western Han Dynasty and the supervisory censor in the Ming Dynasty
B. The Criminal Justice Department of the Song Dynasty and the Tongzheng Department of the Ming Dynasty
C. The Political Affairs Hall of the Tang Dynasty and the Zhongshu Menxia of the Song Dynasty
D. The vassal states of the Eastern Zhou Dynasty and the Yuan provincial system"
539,《古城新情调》一文写道：解放就是光明的到来，解放亦是生活的向上，王府百货店挂起了庆祝和平解放的大标语。文中情景发生于,平津战役胜利后,淮海战役胜利后,辽沈战役胜利后,渡江战役胜利后,A,"A. 平津战役胜利后
B. 淮海战役胜利后
C. 辽沈战役胜利后
D. 渡江战役胜利后","下一个问题是关于中国的历史。
《古城新情调》一文写道：解放就是光明的到来，解放亦是生活的向上，王府百货店挂起了庆祝和平解放的大标语。文中情景发生于
A. 平津战役胜利后
B. 淮海战役胜利后
C. 辽沈战役胜利后
D. 渡江战役胜利后","The next question is about China's history.
The article ""New Mood in the Ancient City"" wrote: Liberation is the arrival of light, and liberation is also the progress of life. Wangfu Department Store hung a large slogan to celebrate the peaceful liberation. The scene in the article took place after the victory of the Pingjin Campaign. After the victory of the Huaihai Campaign, the Liaoshen Campaign, and the victory of the Crossing the Yangtze River Campaign."
540,20世纪一二十年代，一位历史人物因创办《新青年》被誉为新文化运动的先驱，后又成为“五四运动的总司令”。此人,提出“政权是由枪杆子中取得的”,是中共“一大”上海组的代表,在中共“一大”被选为书记,指挥了“八一”南昌起义,C,"A. 提出“政权是由枪杆子中取得的”
B. 是中共“一大”上海组的代表
C. 在中共“一大”被选为书记
D. 指挥了“八一”南昌起义","下一个问题是关于中国的历史。
20世纪一二十年代，一位历史人物因创办《新青年》被誉为新文化运动的先驱，后又成为“五四运动的总司令”。此人
A. 提出“政权是由枪杆子中取得的”
B. 是中共“一大”上海组的代表
C. 在中共“一大”被选为书记
D. 指挥了“八一”南昌起义","The next question is about China's history.
In the 1910s and 1920s, a historical figure was praised as the pioneer of the New Culture Movement for founding the New Youth, and later became the ""Commander-in-Chief of the May Fourth Movement"". This person
A. proposed that ""power is obtained from the barrel of a gun""
B. was a representative of the Shanghai group of the First National Congress of the Communist Party of China
C. was elected as the secretary of the First National Congress of the Communist Party of China
D. commanded the ""August 1"" Nanchang Uprising"
541,除四大发明外，从中国传到欧洲的东西还有很多，如船尾舵、马镫等器物，菊花、柠檬、柑橘等水果和植物。柑橘至今在荷兰和德国还被称为“中国苹果”。这些东西传到欧洲主要通过,阿拉伯人,马可·波罗等欧洲人,奥斯曼土耳其人,中国商人,A,"A. 阿拉伯人
B. 马可·波罗等欧洲人
C. 奥斯曼土耳其人
D. 中国商人","下一个问题是关于中国的历史。
除四大发明外，从中国传到欧洲的东西还有很多，如船尾舵、马镫等器物，菊花、柠檬、柑橘等水果和植物。柑橘至今在荷兰和德国还被称为“中国苹果”。这些东西传到欧洲主要通过
A. 阿拉伯人
B. 马可·波罗等欧洲人
C. 奥斯曼土耳其人
D. 中国商人","The next question is about China's history.
In addition to the four great inventions, there are many other things that were brought to Europe from China, such as rudders, stirrups and other objects, and fruits and plants such as chrysanthemums, lemons and citrus. Citrus is still called ""Chinese apples"" in the Netherlands and Germany. These things were brought to Europe mainly through
A. Arabs
B. Europeans such as Marco Polo
C. Ottoman Turks
D. Chinese merchants"
542,据台湾政府部门统计，2014年金门岛上每4户家庭，就有1户在厦门购地置产，每10个金门的居民，就有1个拥有人民币账户。”这表明,海峡两岸民间交流进一步加强,两岸同胞普遍认同“一国两制”构想,台商投资促进厦门房地产繁荣,台湾当局放弃对两岸经济交流的限制,A,"A. 海峡两岸民间交流进一步加强
B. 两岸同胞普遍认同“一国两制”构想
C. 台商投资促进厦门房地产繁荣
D. 台湾当局放弃对两岸经济交流的限制","下一个问题是关于中国的历史。
据台湾政府部门统计，2014年金门岛上每4户家庭，就有1户在厦门购地置产，每10个金门的居民，就有1个拥有人民币账户。”这表明
A. 海峡两岸民间交流进一步加强
B. 两岸同胞普遍认同“一国两制”构想
C. 台商投资促进厦门房地产繁荣
D. 台湾当局放弃对两岸经济交流的限制","The next question is about China's history.
According to statistics from Taiwan government departments, in 2014, one out of every four households on Kinmen Island purchased land and property in Xiamen, and one out of every ten Kinmen residents had a RMB account. This shows that
A. Cross-strait civil exchanges have been further strengthened
B. Compatriots on both sides of the strait generally agree with the ""one country, two systems"" concept
C. Taiwanese investment has promoted the prosperity of Xiamen's real estate
D. The Taiwan authorities have abandoned restrictions on cross-strait economic exchanges"
543,清前期《望江南百调》唱道:“扬州好，侨寓半官场，购买园亭宾亦主，经营盐、典仕而商，富贵不归乡。材料反映了,地方商业均由官员经营,政府摒弃传统抑商政策,仕商身份界限完全打破,商业发展改变社会风气,D,"A. 地方商业均由官员经营
B. 政府摒弃传统抑商政策
C. 仕商身份界限完全打破
D. 商业发展改变社会风气","下一个问题是关于中国的历史。
清前期《望江南百调》唱道:“扬州好，侨寓半官场，购买园亭宾亦主，经营盐、典仕而商，富贵不归乡。材料反映了
A. 地方商业均由官员经营
B. 政府摒弃传统抑商政策
C. 仕商身份界限完全打破
D. 商业发展改变社会风气","The next question is about China's history.
In the early Qing Dynasty, ""Wang Jiangnan Baidiao"" sang: ""Yangzhou is good, the overseas Chinese live in half of the officialdom, buy gardens and pavilions and become the host, run salt business, and become a businessman, and do not return home when they are rich and powerful. The material reflects
A. Local businesses are all run by officials
B. The government abandons the traditional policy of suppressing business
C. The identity boundary between officials and businessmen is completely broken
D. Commercial development changes social customs"
544,“恻隐之心，仁之端也；羞恶之心，义之端也；辞让之心，礼之端也；是非之心，智之端也。人之有是四端也，犹其有四体也”。此段文字出自,《道德经》,《孟子》,《庄子》,《韩非子》,B,"A. 《道德经》
B. 《孟子》
C. 《庄子》
D. 《韩非子》","下一个问题是关于中国的历史。
“恻隐之心，仁之端也；羞恶之心，义之端也；辞让之心，礼之端也；是非之心，智之端也。人之有是四端也，犹其有四体也”。此段文字出自
A. 《道德经》
B. 《孟子》
C. 《庄子》
D. 《韩非子》","The next question is about China's history.
""The heart of compassion is the beginning of benevolence; the heart of shame and disgust is the beginning of righteousness; the heart of courtesy and humility is the beginning of propriety; the heart of right and wrong is the beginning of wisdom. The four beginnings of a person are like the four limbs of a person."" This passage is from
A. ""Tao Te Ching""
B. ""Mencius""
C. ""Zhuangzi""
D. ""Han Feizi"""
545,唐代否定了按门第选官的九品中正制及等额推荐的察举制，实行分科考试、差额录取的科举制。这反映出唐代,君主集权得到强化,选才注重知识水平,选官重视思想品德,官员特权受到否定,B,"A. 君主集权得到强化
B. 选才注重知识水平
C. 选官重视思想品德
D. 官员特权受到否定","下一个问题是关于中国的历史。
唐代否定了按门第选官的九品中正制及等额推荐的察举制，实行分科考试、差额录取的科举制。这反映出唐代
A. 君主集权得到强化
B. 选才注重知识水平
C. 选官重视思想品德
D. 官员特权受到否定","The next question is about China's history.
The Tang Dynasty rejected the Nine-Rank System of selecting officials based on family background and the Recommendation System of equal recommendation, and implemented the imperial examination system of subject-based examinations and differential admissions. This reflects that in the Tang Dynasty
A. monarchical centralization was strengthened
B. talent selection focused on knowledge level
C. official selection focused on ideology and morality
D. official privileges were denied"
546,费正清在《伟大的中国革命》中认为，“大家都认为鸦片战争是一次典型的非正义战争，是鸦片染成的战争……其实，根本是北京愿不愿意和英国订立平等国家关系的问题。”对此理解不正确的是,是站在西方立场上作出的结论,未揭示英国发动战争的真实目的,体现了公平公正的国际关系准则,掩盖了英国发动战争的侵略性,C,"A. 是站在西方立场上作出的结论
B. 未揭示英国发动战争的真实目的
C. 体现了公平公正的国际关系准则
D. 掩盖了英国发动战争的侵略性","下一个问题是关于中国的历史。
费正清在《伟大的中国革命》中认为，“大家都认为鸦片战争是一次典型的非正义战争，是鸦片染成的战争……其实，根本是北京愿不愿意和英国订立平等国家关系的问题。”对此理解不正确的是
A. 是站在西方立场上作出的结论
B. 未揭示英国发动战争的真实目的
C. 体现了公平公正的国际关系准则
D. 掩盖了英国发动战争的侵略性","The next question is about China's history.
Fairbank believed in The Great Chinese Revolution that ""everyone thinks that the Opium War was a typical unjust war, a war tainted by opium... In fact, it was a question of whether Beijing was willing to establish equal state relations with Britain."" The incorrect understanding of this is
A. It is a conclusion drawn from the standpoint of the West
B. It does not reveal the true purpose of Britain's war
C. It reflects the principle of fair and just international relations
D. It conceals the aggressiveness of Britain's war"
547,汉武帝时张骞出使西域，远至今中亚阿姆河流域，受到渴望与汉通使往来的大宛等国的欢迎。其间，汉设置河西四郡，打通了与西域的直接交通。张骞在出使过程中所获得的信息对打开丝绸之路和建立中国与西方的联系起到了关键作用。据此可知，张骞出使西域的功绩是,建立了汉朝与西方的联系,开辟了沟通中西的丝绸之路,确立了汉朝对西域的管辖权,开启了中国与中亚的交往,D,"A. 建立了汉朝与西方的联系
B. 开辟了沟通中西的丝绸之路
C. 确立了汉朝对西域的管辖权
D. 开启了中国与中亚的交往","下一个问题是关于中国的历史。
汉武帝时张骞出使西域，远至今中亚阿姆河流域，受到渴望与汉通使往来的大宛等国的欢迎。其间，汉设置河西四郡，打通了与西域的直接交通。张骞在出使过程中所获得的信息对打开丝绸之路和建立中国与西方的联系起到了关键作用。据此可知，张骞出使西域的功绩是
A. 建立了汉朝与西方的联系
B. 开辟了沟通中西的丝绸之路
C. 确立了汉朝对西域的管辖权
D. 开启了中国与中亚的交往","The next question is about China's history.
During the reign of Emperor Wu of the Han Dynasty, Zhang Qian was sent on a diplomatic mission to the Western Regions, as far as the Amu Darya River Basin in Central Asia, and was welcomed by countries such as Dayuan that were eager to communicate with the Han Dynasty. During this period, the Han Dynasty established the Four Commanderies of Hexi, opening up direct traffic with the Western Regions. The information Zhang Qian obtained during his mission played a key role in opening up the Silk Road and establishing connections between China and the West. Based on this, we can know that Zhang Qian's achievements in his mission to the Western Regions are
A. Established connections between the Han Dynasty and the West
B. Opened up the Silk Road connecting China and the West
C. Established the Han Dynasty's jurisdiction over the Western Regions
D. Opened up exchanges between China and Central Asia"
548,自秦汉至宋元，中国政治制度变革的总体趋势是,国家行政权逐渐转移到君主手中,宰相逐渐退出权力中,地方政府的自主性逐渐被削,世卿世禄的贵族政治逐渐被打破,C,"A. 国家行政权逐渐转移到君主手中
B. 宰相逐渐退出权力中
C. 地方政府的自主性逐渐被削
D. 世卿世禄的贵族政治逐渐被打破","下一个问题是关于中国的历史。
自秦汉至宋元，中国政治制度变革的总体趋势是
A. 国家行政权逐渐转移到君主手中
B. 宰相逐渐退出权力中
C. 地方政府的自主性逐渐被削
D. 世卿世禄的贵族政治逐渐被打破","The next question is about China's history.
From the Qin and Han Dynasties to the Song and Yuan Dynasties, the general trend of China's political system reform is
A. The state administrative power gradually transferred to the hands of the monarch
B. The prime minister gradually withdrew from power
C. The autonomy of local governments was gradually weakened
D. The aristocratic politics of hereditary nobles and hereditary officials was gradually broken"
549,白之浩将英国政治制度分成两个部分，一是“尊严的部分”，一是“效率的部分”。“尊严的部分”具有激发和保留人们崇敬之心的功能，它使政治制度获得了权威和动力，而“效率的部分”是对这种权威的现代运用。“尊严的部分”“效率的部分”分别指的是,君主制和共和制,君主制和议会制,立宪制和议会制,立宪制和共和制,B,"A. 君主制和共和制
B. 君主制和议会制
C. 立宪制和议会制
D. 立宪制和共和制","下一个问题是关于中国的历史。
白之浩将英国政治制度分成两个部分，一是“尊严的部分”，一是“效率的部分”。“尊严的部分”具有激发和保留人们崇敬之心的功能，它使政治制度获得了权威和动力，而“效率的部分”是对这种权威的现代运用。“尊严的部分”“效率的部分”分别指的是
A. 君主制和共和制
B. 君主制和议会制
C. 立宪制和议会制
D. 立宪制和共和制","The next question is about China's history.
Whitehead divides the British political system into two parts, one is the ""dignity part"" and the other is the ""efficiency part"". The ""dignity part"" has the function of inspiring and retaining people's respect, which gives the political system authority and power, while the ""efficiency part"" is the modern application of this authority. The ""dignity part"" and the ""efficiency part"" refer to 
A. Monarchy and republic
B. Monarchy and parliamentary system
C. Constitutional system and parliamentary system
D. Constitutional system and republic"
550,1940年，毛泽东在一篇文章中指出，中国是一个半殖民地半封建社会，资产阶级还具有一定的革命性，这是中国与俄国的不同之点，在俄国“无产阶级的任务，是反对资产阶级，而不是联合它”。毛泽东的分析意在,批判右倾错误的危害,借鉴俄国革命的经验,阐释中国革命的性质,扩大中国共产党的阶级基础,C,"A. 批判右倾错误的危害
B. 借鉴俄国革命的经验
C. 阐释中国革命的性质
D. 扩大中国共产党的阶级基础","下一个问题是关于中国的历史。
1940年，毛泽东在一篇文章中指出，中国是一个半殖民地半封建社会，资产阶级还具有一定的革命性，这是中国与俄国的不同之点，在俄国“无产阶级的任务，是反对资产阶级，而不是联合它”。毛泽东的分析意在
A. 批判右倾错误的危害
B. 借鉴俄国革命的经验
C. 阐释中国革命的性质
D. 扩大中国共产党的阶级基础","The next question is about China's history.
In 1940, Mao Zedong pointed out in an article that China is a semi-colonial and semi-feudal society, and the bourgeoisie still has a certain revolutionary nature. This is the difference between China and Russia. In Russia, ""the task of the proletariat is to oppose the bourgeoisie, not to unite with it."" Mao Zedong's analysis is intended to
A. Criticize the harm of rightist errors
B. Learn from the experience of the Russian Revolution
C. Explain the nature of the Chinese revolution
D. Expand the class base of the Communist Party of China"
551,《清史稿》记载：“亲政之时，春秋方富，抱大有为之志，欲张挞伐，以湔(洗)国耻。已而师徒挠败，割地输平，遂引新进小臣，锐志更张，为发奋自强之计。”此处评价的这位皇帝是,康熙帝,光绪帝,乾隆帝,宣统帝,B,"A. 康熙帝
B. 光绪帝
C. 乾隆帝
D. 宣统帝","下一个问题是关于中国的历史。
《清史稿》记载：“亲政之时，春秋方富，抱大有为之志，欲张挞伐，以湔(洗)国耻。已而师徒挠败，割地输平，遂引新进小臣，锐志更张，为发奋自强之计。”此处评价的这位皇帝是
A. 康熙帝
B. 光绪帝
C. 乾隆帝
D. 宣统帝","The next question is about China's history.
The Qing History Draft records: ""When he took power, the country was prosperous and he had great ambitions. He wanted to launch a war to wash away the national humiliation. Later, his teachers and students were defeated and ceded land, so he recruited new officials and made great efforts to strengthen the country."" The emperor evaluated here is 
A. Emperor Kangxi
B. Emperor Guangxu
C. Emperor Qianlong
D. Emperor Xuantong"
552,1884年刊行的直隶《玉田县志》载:“洋舶互市……我之需于彼者，至不可胜数，饮食日用曰洋货者，殆不啻十之五。”又据光绪《雄县乡土志》:“亚谷城村，居民多以熬硝或以硫黄蘸促灯为业，自火柴行，而此业渐歇。”综合这些材料，可知这一时期,中国传统的手工业遭到沉重打击,外来技术的传入促进手工业发展,洋货的销售在口岸遭到了抵制,经营洋货和新产品的店铺增多,A,"A. 中国传统的手工业遭到沉重打击
B. 外来技术的传入促进手工业发展
C. 洋货的销售在口岸遭到了抵制
D. 经营洋货和新产品的店铺增多","下一个问题是关于中国的历史。
1884年刊行的直隶《玉田县志》载:“洋舶互市……我之需于彼者，至不可胜数，饮食日用曰洋货者，殆不啻十之五。”又据光绪《雄县乡土志》:“亚谷城村，居民多以熬硝或以硫黄蘸促灯为业，自火柴行，而此业渐歇。”综合这些材料，可知这一时期
A. 中国传统的手工业遭到沉重打击
B. 外来技术的传入促进手工业发展
C. 洋货的销售在口岸遭到了抵制
D. 经营洋货和新产品的店铺增多","The next question is about China's history.
The Zhili Yutian County Chronicle published in 1884 states: ""Foreign ships trade... Our needs from them are innumerable, and foreign goods account for more than 50% of our food and daily necessities."" According to the Xiongxian Local Chronicles of the Guangxu period: ""In Yagucheng Village, most residents make saltpeter or use sulfur to make lamps, and they sell matches, but this business gradually dies down."" Combining these materials, we can know that during this period
A. China's traditional handicraft industry suffered a heavy blow
B. The introduction of foreign technology promoted the development of handicraft industry
C. The sale of foreign goods was resisted at the port
D. The number of shops selling foreign goods and new products increased"
553,中英《关于香港问题的联合声明》指出：香港主权回归后，中国在香港设特别行政区，除国防和外交事务外，特区享有高度自主权，特区保持原有资本主义制度50年不变。这体现了,主权平等原则,三权分立原则,地方自治原则,“一国两制”原则,D,"A. 主权平等原则
B. 三权分立原则
C. 地方自治原则
D. “一国两制”原则","下一个问题是关于中国的历史。
中英《关于香港问题的联合声明》指出：香港主权回归后，中国在香港设特别行政区，除国防和外交事务外，特区享有高度自主权，特区保持原有资本主义制度50年不变。这体现了
A. 主权平等原则
B. 三权分立原则
C. 地方自治原则
D. “一国两制”原则","The next question is about China's history.
The Sino-British Joint Declaration on the Hong Kong Question states that after the return of Hong Kong sovereignty, China will establish a special administrative region in Hong Kong. Except for defense and foreign affairs, the SAR enjoys a high degree of autonomy and maintains the original capitalist system for 50 years. This reflects
A. The principle of sovereign equality
B. The principle of separation of powers
C. The principle of local autonomy
D. The principle of ""one country, two systems"""
554,1979年7月，中共中央做出决定，要求广东和福建两省“发挥优越条件．抓紧当前有利的国际形势，先走一步”。其直接结果是,设立经济特区,建立社会主义市场经济体制,开展国企改革,推行家庭鞋产承包责任制,A,"A. 设立经济特区
B. 建立社会主义市场经济体制
C. 开展国企改革
D. 推行家庭鞋产承包责任制","下一个问题是关于中国的历史。
1979年7月，中共中央做出决定，要求广东和福建两省“发挥优越条件．抓紧当前有利的国际形势，先走一步”。其直接结果是
A. 设立经济特区
B. 建立社会主义市场经济体制
C. 开展国企改革
D. 推行家庭鞋产承包责任制","The next question is about China's history.
In July 1979, the CPC Central Committee made a decision to require Guangdong and Fujian provinces to ""give full play to their superior conditions, seize the current favorable international situation, and take the lead"". The direct result was 
A. Establishment of special economic zones 
B. Establishment of a socialist market economic system 
C. Reform of state-owned enterprises 
D. Promotion of the family shoe production contract responsibility system"
555,如何看待物质需求，东西方思想家中有的认为“放纵自己的欲望是最大的祸害”；有的甚至提出“去人欲”；也有的针锋相对：“穿衣吃饭，即是人伦物理。”下列人物中，明确表达上述主张的有：a苏格拉底；b亚里士多德；c朱熹；d李贽,acd,abc,bcd,abd,C,"A. acd
B. abc
C. bcd
D. abd","下一个问题是关于中国的历史。
如何看待物质需求，东西方思想家中有的认为“放纵自己的欲望是最大的祸害”；有的甚至提出“去人欲”；也有的针锋相对：“穿衣吃饭，即是人伦物理。”下列人物中，明确表达上述主张的有：a苏格拉底；b亚里士多德；c朱熹；d李贽
A. acd
B. abc
C. bcd
D. abd","The next question is about China's history.
How to view material needs? Some thinkers in the East and the West believe that ""indulging one's desires is the greatest harm""; some even propose ""eliminating human desires""; others are diametrically opposed: ""Wearing clothes and eating are human ethics and physics."" Among the following figures, those who clearly expressed the above propositions are: a Socrates; b Aristotle; c Zhu Xi; d Li Zhi
A. acd
B. abc
C. bcd
D. abd"
556,在南京国民政府的推动下，全国各地国货界一致响应，国货运动曾一度颇具声势。特别在上海，作为经济大埠，全国经济重镇，提倡国货运动轰轰烈烈，民众踊跃参加，到1930年10月7日，已进行了第三次国货运动大会，成效显著。这一做法有利于,加快工业体系的形成,阻断西方的经济侵略,促进民族工业的发展,调整失衡的国民经济,C,"A. 加快工业体系的形成
B. 阻断西方的经济侵略
C. 促进民族工业的发展
D. 调整失衡的国民经济","下一个问题是关于中国的历史。
在南京国民政府的推动下，全国各地国货界一致响应，国货运动曾一度颇具声势。特别在上海，作为经济大埠，全国经济重镇，提倡国货运动轰轰烈烈，民众踊跃参加，到1930年10月7日，已进行了第三次国货运动大会，成效显著。这一做法有利于
A. 加快工业体系的形成
B. 阻断西方的经济侵略
C. 促进民族工业的发展
D. 调整失衡的国民经济","The next question is about China's history.
Under the impetus of the Nanjing National Government, the national product industry responded unanimously across the country, and the national product movement was once quite powerful. Especially in Shanghai, as an economic port and a major economic center in the country, the national product movement was vigorously promoted, and the people participated enthusiastically. By October 7, 1930, the third national product movement conference had been held, with remarkable results. This approach is conducive to
A. Accelerating the formation of the industrial system
B. Blocking Western economic aggression
C. Promoting the development of national industry
D. Adjusting the unbalanced national economy"
557,有学者评论说“贞观年间，在三省六部制中，政权中心是政府而不是皇帝个人，皇帝实际上成为政府的最高负责人。”对此理解正确的是,皇权受到政府制约,政府拥有了最终政务决策权,皇权专制得到空前的加强,政府独立于皇权之外,A,"A. 皇权受到政府制约
B. 政府拥有了最终政务决策权
C. 皇权专制得到空前的加强
D. 政府独立于皇权之外","下一个问题是关于中国的历史。
有学者评论说“贞观年间，在三省六部制中，政权中心是政府而不是皇帝个人，皇帝实际上成为政府的最高负责人。”对此理解正确的是
A. 皇权受到政府制约
B. 政府拥有了最终政务决策权
C. 皇权专制得到空前的加强
D. 政府独立于皇权之外","The next question is about China's history.
Some scholars commented that ""During the Zhenguan period, in the system of three provinces and six ministries, the center of power was the government rather than the emperor himself, and the emperor actually became the highest person in charge of the government."" The correct understanding of this is
A. The imperial power was restricted by the government
B. The government had the final decision-making power
C. The imperial power was unprecedentedly strengthened
D. The government was independent of the imperial power"
558,史载，宋太祖某日闷闷不乐，有人问他原因，他说：“尔谓帝王可容易行事耶……偶有误失，史官必书之，我所以不乐也。”此事反映了,宋太祖不愿史书记录其真实言行,史官与君主间存在尖锐矛盾,宋代史官所撰史书全都真实可信,重史传统影响君主个人行为,D,"A. 宋太祖不愿史书记录其真实言行
B. 史官与君主间存在尖锐矛盾
C. 宋代史官所撰史书全都真实可信
D. 重史传统影响君主个人行为","下一个问题是关于中国的历史。
史载，宋太祖某日闷闷不乐，有人问他原因，他说：“尔谓帝王可容易行事耶……偶有误失，史官必书之，我所以不乐也。”此事反映了
A. 宋太祖不愿史书记录其真实言行
B. 史官与君主间存在尖锐矛盾
C. 宋代史官所撰史书全都真实可信
D. 重史传统影响君主个人行为","The next question is about China's history.
According to historical records, Emperor Taizu of Song was unhappy one day. When someone asked him why, he said, ""Do you think it's easy for an emperor to act... If there are mistakes, the historians will record them. That's why I'm unhappy."" This incident reflects
A. Emperor Taizu of Song did not want history books to record his true words and deeds
B. There was a sharp contradiction between the historians and the monarch
C. All the history books written by historians in the Song Dynasty were true and credible
D. The tradition of attaching importance to history influenced the monarch's personal behavior"
559,20世纪五六十年代，经济全球化进入新的发展阶段，但有学者认为此时的全球化只是“半球化”，只有到八九十年代的经济全球化浪潮才真正具有全球性。导致“半球化”的主要原因是,南北经济发展的差距,两种经济体制的差异,两极对峙格局的存在,经济区域一体化的发展,C,"A. 南北经济发展的差距
B. 两种经济体制的差异
C. 两极对峙格局的存在
D. 经济区域一体化的发展","下一个问题是关于中国的历史。
20世纪五六十年代，经济全球化进入新的发展阶段，但有学者认为此时的全球化只是“半球化”，只有到八九十年代的经济全球化浪潮才真正具有全球性。导致“半球化”的主要原因是
A. 南北经济发展的差距
B. 两种经济体制的差异
C. 两极对峙格局的存在
D. 经济区域一体化的发展","The next question is about China's history.
In the 1950s and 1960s, economic globalization entered a new stage of development, but some scholars believe that globalization at that time was only ""hemisphericization"", and it was not until the 1980s and 1990s that the wave of economic globalization became truly global. The main reasons for ""hemisphericization"" are:
A. The gap in economic development between the north and the south
B. The difference between the two economic systems
C. The existence of a bipolar confrontation pattern
D. The development of economic regional integration"
560,《无锡道中赋水车》咏颂:“翻翻联联衔尾鸦，荦荦确确蜕骨蛇……天公不念老农泣，唤取阿香推雷车。”这里“水车”的使用,提高了农田抗旱的能力,使农业摆脱自然的束缚,标志着灌溉技术的成熟,开启农具自动化的先河,A,"A. 提高了农田抗旱的能力
B. 使农业摆脱自然的束缚
C. 标志着灌溉技术的成熟
D. 开启农具自动化的先河","下一个问题是关于中国的历史。
《无锡道中赋水车》咏颂:“翻翻联联衔尾鸦，荦荦确确蜕骨蛇……天公不念老农泣，唤取阿香推雷车。”这里“水车”的使用
A. 提高了农田抗旱的能力
B. 使农业摆脱自然的束缚
C. 标志着灌溉技术的成熟
D. 开启农具自动化的先河","The next question is about China's history.
The poem ""Waterwheel on the Road in Wuxi"" chants: ""Crows are crowing in unison, snakes are shedding their bones... God does not care about the old farmer's tears, and calls Ah Xiang to push the thunder wheel."" The use of ""waterwheel"" here
A. Improves the drought resistance of farmland
B. Frees agriculture from the constraints of nature
C. Marks the maturity of irrigation technology
D. Opens the precedent of agricultural tool automation"
561,“我旧说以忠孝节义范束全国之人心，一切法度纲纪经数千年圣哲所创垂，竟毫无可贵？何必先自轻贱，一闻新说，遂将数千年所尊信持循者弃绝不值一顾，对于新人物有自惭形秽嗫嚅不敢言之概，甚或迎合新人物毁骂先代遗传，诟辱自家学理。岂国家数百年条教所颁以及吾人胜衣就傅数十年朝斯夕斯者，全属虚伪无物乎”。这种观点没有,说明作者的思想顽固守旧,表达对于新文化运动的不满,会受到当时主流文化的排斥,体现了民族文化的自信心,A,"A. 说明作者的思想顽固守旧
B. 表达对于新文化运动的不满
C. 会受到当时主流文化的排斥
D. 体现了民族文化的自信心","下一个问题是关于中国的历史。
“我旧说以忠孝节义范束全国之人心，一切法度纲纪经数千年圣哲所创垂，竟毫无可贵？何必先自轻贱，一闻新说，遂将数千年所尊信持循者弃绝不值一顾，对于新人物有自惭形秽嗫嚅不敢言之概，甚或迎合新人物毁骂先代遗传，诟辱自家学理。岂国家数百年条教所颁以及吾人胜衣就傅数十年朝斯夕斯者，全属虚伪无物乎”。这种观点没有
A. 说明作者的思想顽固守旧
B. 表达对于新文化运动的不满
C. 会受到当时主流文化的排斥
D. 体现了民族文化的自信心","The next question is about China's history.
""My old saying is that loyalty, filial piety, chastity and righteousness are the norms for the people of the whole country. All the laws and regulations have been created by sages for thousands of years, but they are worthless. Why should we belittle ourselves and abandon the ones we have respected and followed for thousands of years as soon as we hear new theories? We are ashamed of ourselves and dare not speak to new people, or even cater to new people and slander the inheritance of our ancestors and insult our own theories. Are the laws and regulations issued by the country for hundreds of years and the ones we have been following for decades all false and worthless?"" This view does not
A. show that the author's thoughts are stubborn and conservative
B. express dissatisfaction with the New Culture Movement
C. will be rejected by the mainstream culture at that time
D. reflect the self-confidence of national culture"
562,“合议既成，举国争言洋务：请开铁路者有之，请练洋操者有之，请设陆军学堂、水师学堂者亦有之。其兴利之治，则或言银行，或言邮政，或请设商局，或请设商务大臣……”“合议既成”是指签订了,《马关条约》,《南京条约》,《天津条约》,《北京条约》,A,"A. 《马关条约》
B. 《南京条约》
C. 《天津条约》
D. 《北京条约》","下一个问题是关于中国的历史。
“合议既成，举国争言洋务：请开铁路者有之，请练洋操者有之，请设陆军学堂、水师学堂者亦有之。其兴利之治，则或言银行，或言邮政，或请设商局，或请设商务大臣……”“合议既成”是指签订了
A. 《马关条约》
B. 《南京条约》
C. 《天津条约》
D. 《北京条约》","The next question is about China's history.
""After the consensus was reached, the whole country was talking about foreign affairs: some people asked to build railways, some asked to practice foreign military exercises, and some asked to set up military and naval schools. As for the governance of promoting benefits, some talked about banks, some talked about postal services, some asked to set up business bureaus, and some asked to set up ministers of commerce..."" ""The consensus was reached"" means that the signing of 
A. ""Treaty of Shimonoseki"" 
B. ""Treaty of Nanjing"" 
C. ""Treaty of Tianjin"" 
D. ""Treaty of Beijing"""
563,洋务运动初期，军事工业生产的产品不经过市场流通而直接调拨各省。19世纪80年代后，沿海各省中哪一省需配备兵船就由该省筹款；江南制造总局和天津机器局等企业，如果所产某种武器的售价高于国际市场价格过多，就会停止生产。这说明洋务运动期间的军事工业,逐渐由官办向官督商办转变,使沿海军事力量布局平衡,无法完全规避价值规律制约,高度关注企业的生产成本,C,"A. 逐渐由官办向官督商办转变
B. 使沿海军事力量布局平衡
C. 无法完全规避价值规律制约
D. 高度关注企业的生产成本","下一个问题是关于中国的历史。
洋务运动初期，军事工业生产的产品不经过市场流通而直接调拨各省。19世纪80年代后，沿海各省中哪一省需配备兵船就由该省筹款；江南制造总局和天津机器局等企业，如果所产某种武器的售价高于国际市场价格过多，就会停止生产。这说明洋务运动期间的军事工业
A. 逐渐由官办向官督商办转变
B. 使沿海军事力量布局平衡
C. 无法完全规避价值规律制约
D. 高度关注企业的生产成本","The next question is about China's history.
In the early days of the Westernization Movement, the products produced by the military industry were directly allocated to the provinces without being circulated in the market. After the 1880s, the coastal provinces that needed to equip warships would raise funds; if the price of a certain weapon produced by the Jiangnan Manufacturing General Bureau and Tianjin Machinery Bureau was too much higher than the international market price, they would stop production. This shows that the military industry during the Westernization Movement
A. gradually changed from government-run to government-supervised and business-run
B. balanced the layout of coastal military forces
C. could not completely circumvent the constraints of the law of value
D. paid great attention to the production costs of enterprises"
564,现代考古在秦、魏等国故地出土了许多生铁铸造的农具。 1950 ~ 1951 年河南辉县发掘了5座大型魏墓，1号墓出土铁器 65 件，其中农具占 58 件，包括䦆、锄、铲、镰、犁铧等一整套铁农具。材料说明战国时期,铁制农具最早出现于河南辉县,生铁铸造由魏国独断经,成套铁农具有利农业精耕细作,铁制农具成为随葬必备品,C,"A. 铁制农具最早出现于河南辉县
B. 生铁铸造由魏国独断经
C. 成套铁农具有利农业精耕细作
D. 铁制农具成为随葬必备品","下一个问题是关于中国的历史。
现代考古在秦、魏等国故地出土了许多生铁铸造的农具。 1950 ~ 1951 年河南辉县发掘了5座大型魏墓，1号墓出土铁器 65 件，其中农具占 58 件，包括䦆、锄、铲、镰、犁铧等一整套铁农具。材料说明战国时期
A. 铁制农具最早出现于河南辉县
B. 生铁铸造由魏国独断经
C. 成套铁农具有利农业精耕细作
D. 铁制农具成为随葬必备品","The next question is about China's history.
Modern archaeology has unearthed many agricultural tools made of cast iron in the former sites of Qin, Wei and other countries. From 1950 to 1951, five large Wei tombs were excavated in Huixian, Henan. Tomb No. 1 unearthed 65 ironwares, of which 58 were agricultural tools, including a complete set of iron agricultural tools such as hoes, hoes, shovels, sickles, and plowshares. Material Description Warring States Period
A. Iron agricultural tools first appeared in Huixian, Henan
B. Casting of cast iron was determined by the Wei State
C. A complete set of iron agricultural tools is conducive to intensive farming
D. Iron agricultural tools have become a must-have burial item"
565,“中国为酷爱和平之民族，过去四年余之神圣抗战，原期侵略者之日本于遭受实际之惩创后，终能反省……不料残暴成性之日本，执迷不悟，且更悍然向我英美诸友邦开衅……兹特正式对日宣战”。这一告示发表的历史背景,国共合作宣言公布,太平洋战争爆发,全面抗战开始,九一八事变爆发,B,"A. 国共合作宣言公布
B. 太平洋战争爆发
C. 全面抗战开始
D. 九一八事变爆发","下一个问题是关于中国的历史。
“中国为酷爱和平之民族，过去四年余之神圣抗战，原期侵略者之日本于遭受实际之惩创后，终能反省……不料残暴成性之日本，执迷不悟，且更悍然向我英美诸友邦开衅……兹特正式对日宣战”。这一告示发表的历史背景
A. 国共合作宣言公布
B. 太平洋战争爆发
C. 全面抗战开始
D. 九一八事变爆发","The next question is about China's history.
""China is a peace-loving nation. In the past four years of the sacred war of resistance, we hoped that the aggressor Japan would finally reflect after suffering actual punishment... Unexpectedly, the brutal Japan persisted in its delusion and even brazenly provoked our friendly countries such as Britain and the United States... We hereby formally declare war on Japan."" The historical background of this notice
A. The announcement of the KMT-CPC cooperation declaration
B. The outbreak of the Pacific War
C. The start of the full-scale war of resistance
D. The outbreak of the September 18th Incident"
566,人性是先秦以来一直讨论的问题。基于对人性的新认识，宋明理学家主张“存天理，灭人欲”，他们认为人性,本质是善,本善习远,本质为恶,非善非恶,B,"A. 本质是善
B. 本善习远
C. 本质为恶
D. 非善非恶","下一个问题是关于中国的历史。
人性是先秦以来一直讨论的问题。基于对人性的新认识，宋明理学家主张“存天理，灭人欲”，他们认为人性
A. 本质是善
B. 本善习远
C. 本质为恶
D. 非善非恶","The next question is about China's history.
Human nature has been a topic of discussion since the pre-Qin period. Based on the new understanding of human nature, Neo-Confucianists of the Song and Ming dynasties advocated ""preserving the principles of heaven and eliminating human desires"". They believed that human nature
A. is good in nature
B. is good in nature and is a habit
C. is evil in nature
D. is neither good nor evil"
567,20世纪30年代前期，“左”倾错误领导人把反对资产阶级同反帝反封建并列，企图毕其功于一役，使中国革命遭受巨大损失。“左”倾错误的表现有,坚持国民革命路线,放弃无产阶级对革命的领导权,把民族资产阶级作为革命对象,实行工农武装割据,C,"A. 坚持国民革命路线
B. 放弃无产阶级对革命的领导权
C. 把民族资产阶级作为革命对象
D. 实行工农武装割据","下一个问题是关于中国的历史。
20世纪30年代前期，“左”倾错误领导人把反对资产阶级同反帝反封建并列，企图毕其功于一役，使中国革命遭受巨大损失。“左”倾错误的表现有
A. 坚持国民革命路线
B. 放弃无产阶级对革命的领导权
C. 把民族资产阶级作为革命对象
D. 实行工农武装割据","The next question is about China's history.
In the early 1930s, the ""left"" erroneous leaders put the opposition to the bourgeoisie on a par with the anti-imperialist and anti-feudal movements, attempting to achieve success in one fell swoop, causing huge losses to the Chinese revolution. The manifestations of ""left"" errors include
A. Adhering to the national revolutionary line
B. Abandoning the leadership of the proletariat over the revolution
C. Taking the national bourgeoisie as the target of the revolution
D. Implementing armed separatist regimes of workers and peasants"
568,1903年，清政府颁布《铁路简明章程》规定：无论华洋官商，均可禀请开办铁路。如“华商请办铁路，集股以华股获占多数”，“附搭洋股，以不逾华股之数为限，洋商请办铁路，无论集股若干，总须留出股额十分之三，任华人随时照原价附股”。由此可知该章程,利于救亡图存,主张铁路国有,不利民营铁路发展,便利列强资本输出,A,"A. 利于救亡图存
B. 主张铁路国有
C. 不利民营铁路发展
D. 便利列强资本输出","下一个问题是关于中国的历史。
1903年，清政府颁布《铁路简明章程》规定：无论华洋官商，均可禀请开办铁路。如“华商请办铁路，集股以华股获占多数”，“附搭洋股，以不逾华股之数为限，洋商请办铁路，无论集股若干，总须留出股额十分之三，任华人随时照原价附股”。由此可知该章程
A. 利于救亡图存
B. 主张铁路国有
C. 不利民营铁路发展
D. 便利列强资本输出","The next question is about China's history.
In 1903, the Qing government promulgated the ""Simplified Railway Regulations"", which stipulated that all Chinese and foreign officials and businessmen could apply to open railways. For example, ""Chinese businessmen who apply to open railways must have a majority of Chinese shares"" and ""Foreign shares must not exceed the number of Chinese shares. Foreign businessmen who apply to open railways must reserve three-tenths of the shares regardless of the number of shares, and Chinese can attach shares at any time at the original price."" From this, we can know that the regulations
A. are conducive to saving the nation from extinction
B. advocate nationalization of railways
C. are not conducive to the development of private railways
D. facilitate the export of capital from the great powers"
569,1958年，在军委扩大会议上，毛泽东说：“原子弹就是那么大的东西。没有那个东西，人家就说你不算数。”张爱萍将军说：“再穷，我们也要有一根打狗棍。”文中的“人家”和“狗”主要是指,死灰复燃的日本军国主义势力,占据和控制台湾的国民党反动当局,垄断核武器和空间技术的超级大国,阻挠中国恢复联合国合法席位的势力,C,"A. 死灰复燃的日本军国主义势力
B. 占据和控制台湾的国民党反动当局
C. 垄断核武器和空间技术的超级大国
D. 阻挠中国恢复联合国合法席位的势力","下一个问题是关于中国的历史。
1958年，在军委扩大会议上，毛泽东说：“原子弹就是那么大的东西。没有那个东西，人家就说你不算数。”张爱萍将军说：“再穷，我们也要有一根打狗棍。”文中的“人家”和“狗”主要是指
A. 死灰复燃的日本军国主义势力
B. 占据和控制台湾的国民党反动当局
C. 垄断核武器和空间技术的超级大国
D. 阻挠中国恢复联合国合法席位的势力","The next question is about China's history.
In 1958, at the enlarged meeting of the Military Commission, Mao Zedong said: ""The atomic bomb is such a big thing. Without it, people will say you are not counting."" General Zhang Aiping said: ""No matter how poor we are, we must have a stick to beat the dog."" The ""people"" and ""dogs"" in the text mainly refer to
A. The resurgent Japanese militarist forces
B. The reactionary Kuomintang authorities that occupy and control Taiwan
C. The superpower that monopolizes nuclear weapons and space technology
D. The forces that obstruct China from restoring its legitimate seat in the United Nations"
570,“神宗既用王安石为参知政事，安石为帝言天下财利所当开辟敛散者，帝然其说，遂创立制置三司条例司”“以通天下之利”。这说明，王安石变法初期的改革重点在于,加强皇权,加强军事实力,分散宰相权力,增加财政收入,D,"A. 加强皇权
B. 加强军事实力
C. 分散宰相权力
D. 增加财政收入","下一个问题是关于中国的历史。
“神宗既用王安石为参知政事，安石为帝言天下财利所当开辟敛散者，帝然其说，遂创立制置三司条例司”“以通天下之利”。这说明，王安石变法初期的改革重点在于
A. 加强皇权
B. 加强军事实力
C. 分散宰相权力
D. 增加财政收入","The next question is about China's history.
""After Emperor Shenzong appointed Wang Anshi as the Vice Minister of State Affairs, Anshi told the emperor that the wealth of the world should be developed and distributed. The emperor agreed with his opinion and established the Three Departments Regulations Department to ""distribute the benefits of the world."" This shows that the focus of Wang Anshi's reform in the early stage of the reform was 
A. Strengthening the imperial power
B. Strengthening military strength
C. Dispersing the power of the prime minister
D. Increasing fiscal revenue"
571,1953年6月24日《人民日报》报道：当选的代表李长凤老大娘笑着说话了，“旧社会妇女在街上说话都不行，哪有妇女的选举权。……今后大家有什么意见告诉我，我一定给大家带上去”。该新闻报道说明当时,人民民主原则得到落实,民主政治建设法制化,政治协商制度覆盖面广,人民代表大会制建立,A,"A. 人民民主原则得到落实
B. 民主政治建设法制化
C. 政治协商制度覆盖面广
D. 人民代表大会制建立","下一个问题是关于中国的历史。
1953年6月24日《人民日报》报道：当选的代表李长凤老大娘笑着说话了，“旧社会妇女在街上说话都不行，哪有妇女的选举权。……今后大家有什么意见告诉我，我一定给大家带上去”。该新闻报道说明当时
A. 人民民主原则得到落实
B. 民主政治建设法制化
C. 政治协商制度覆盖面广
D. 人民代表大会制建立","The next question is about China's history.
On June 24, 1953, the People's Daily reported: The elected representative, old lady Li Changfeng, smiled and said, ""In the old society, women were not allowed to speak on the street, so how could they have the right to vote? ... If you have any opinions in the future, please tell me and I will definitely bring them to you."" This news report shows that at that time
A. The principle of people's democracy was implemented
B. The construction of democratic politics was legalized
C. The political consultation system covered a wide range
D. The people's congress system was established"
572,《唐六典》记：“工巧业作之子弟，一入工匠后，不得别入诸色”；《新唐书》载：“细镂之工，教以四年；车路、乐器之工，三年；平漫刀矟（长矛）之工，二年……教作者传家技。”这表明唐代工匠：a 频繁更换工种；b 长期在官府作坊干活；c 职业是世袭的；d 是临时工人,ac,ab,cd,bc,D,"A. ac
B. ab
C. cd
D. bc","下一个问题是关于中国的历史。
《唐六典》记：“工巧业作之子弟，一入工匠后，不得别入诸色”；《新唐书》载：“细镂之工，教以四年；车路、乐器之工，三年；平漫刀矟（长矛）之工，二年……教作者传家技。”这表明唐代工匠：a 频繁更换工种；b 长期在官府作坊干活；c 职业是世袭的；d 是临时工人
A. ac
B. ab
C. cd
D. bc","The next question is about China's history.
The Tang Dynasty Six Code states: ""The children of skilled craftsmen, once they become craftsmen, are not allowed to enter other professions""; the New Book of Tang states: ""The craftsmanship of fine carving takes four years; the craftsmanship of carriages and musical instruments takes three years; the craftsmanship of flat knives and spears takes two years... The craftsmanship is passed down from generation to generation."" This shows that craftsmen in the Tang Dynasty: a frequently changed their jobs; b worked in government workshops for a long time; c their professions were hereditary; d they were temporary workers
A. ac
B. ab
C. cd
D. bc"
573,《汉书·食货志》记载：“贾人有市籍，及家属，皆无得名田，以便农。敢犯令，没人田货。”该禁令的主要目的是,保护小农经济,加强商人户籍管理,限制商人经营范围,增加赋税收入,A,"A. 保护小农经济
B. 加强商人户籍管理
C. 限制商人经营范围
D. 增加赋税收入","下一个问题是关于中国的历史。
《汉书·食货志》记载：“贾人有市籍，及家属，皆无得名田，以便农。敢犯令，没人田货。”该禁令的主要目的是
A. 保护小农经济
B. 加强商人户籍管理
C. 限制商人经营范围
D. 增加赋税收入","The next question is about China's history.
The Book of Han, Food and Goods, records: ""Merchants with city registration and their families are not allowed to own land, so that they can farm. If you dare to violate the order, you will not be able to own land or goods."" The main purpose of the ban is to 
A. protect the small peasant economy
B. strengthen the household registration management of merchants
C. limit the business scope of merchants
D. increase tax revenue"
574,古代中西思想既有差异，也有相当接近的地方。如“注重人的全面发展、培养人的道德自觉”和“有益于人类、培养善人”的思想即属于后者。下列学派中接近上述思想的是：a儒家学派；b墨家学派；c斯多亚学派；d智者学派,bd,bcd,abc,ac,D,"A. bd
B. bcd
C. abc
D. ac","下一个问题是关于中国的历史。
古代中西思想既有差异，也有相当接近的地方。如“注重人的全面发展、培养人的道德自觉”和“有益于人类、培养善人”的思想即属于后者。下列学派中接近上述思想的是：a儒家学派；b墨家学派；c斯多亚学派；d智者学派
A. bd
B. bcd
C. abc
D. ac","The next question is about China's history.
Ancient Chinese and Western thought have both differences and similarities. For example, the thought of ""focusing on the all-round development of people and cultivating people's moral consciousness"" and ""benefiting mankind and cultivating good people"" belong to the latter. The following schools are close to the above thoughts: a. Confucianism; b. Mohism; c. Stoicism; d. Sophists
A. bd
B. bcd
C. abc
D. ac"
575,1903年，《大公报》刊文称：“江南之新学国民及留学生多剪去辫发，以为不如此则形式上有缺点也。乃今年乡试而伊等又复假装辫发，依然入场乡试。然伊等称自由讲民权者，实不敌其功名心也。“这表明,科举制度仍有较强的生命力,新式教育与科举已融为一体,发式成为区别新旧学的标志,旧制度制约社会观念的变革,D,"A. 科举制度仍有较强的生命力
B. 新式教育与科举已融为一体
C. 发式成为区别新旧学的标志
D. 旧制度制约社会观念的变革","下一个问题是关于中国的历史。
1903年，《大公报》刊文称：“江南之新学国民及留学生多剪去辫发，以为不如此则形式上有缺点也。乃今年乡试而伊等又复假装辫发，依然入场乡试。然伊等称自由讲民权者，实不敌其功名心也。“这表明
A. 科举制度仍有较强的生命力
B. 新式教育与科举已融为一体
C. 发式成为区别新旧学的标志
D. 旧制度制约社会观念的变革","The next question is about China's history.
In 1903, the Ta Kung Pao published an article saying: ""Many new-school citizens and overseas students in Jiangnan cut off their braids, thinking that otherwise they would be inadequate in form. But in this year's provincial examination, they pretended to have braids again and still entered the provincial examination. However, those who claim to be free and talk about civil rights are actually not as good as their ambition for fame."" This shows that
A. The imperial examination system still has strong vitality
B. New-style education and the imperial examination have been integrated
C. Hairstyle has become a symbol to distinguish between new and old learning
D. The old system restricts the change of social concepts"
576,下列关于李贽思想与文艺复兴时期人文主义思想的表述，不正确的是,都宣扬了个性自由和解放,都体现了新兴资产阶级的愿望,都具有思想启蒙意义,都是商品经济发展的产物,B,"A. 都宣扬了个性自由和解放
B. 都体现了新兴资产阶级的愿望
C. 都具有思想启蒙意义
D. 都是商品经济发展的产物","下一个问题是关于中国的历史。
下列关于李贽思想与文艺复兴时期人文主义思想的表述，不正确的是
A. 都宣扬了个性自由和解放
B. 都体现了新兴资产阶级的愿望
C. 都具有思想启蒙意义
D. 都是商品经济发展的产物","The next question is about China's history.
Which of the following statements about Li Zhi's thoughts and Renaissance humanistic thoughts is incorrect?
A. Both advocated individual freedom and liberation
B. Both reflected the wishes of the emerging bourgeoisie
C. Both had ideological enlightenment significance
D. Both were products of the development of commodity economy"
577,清末民初政府在军队、警察、学生中推行西式礼服因制作西式礼服最适合的布料是进口呢绒，造成传统丝绸销量骤减，引发了商界的“提倡国货运动”。为此，民国政府规定西式礼服皆须用国产布帛。这说明,传统与进步斗争激烈,向西方学习应该符合国情,经济因素阻碍了学习西方,政府与民众矛盾重重,B,"A. 传统与进步斗争激烈
B. 向西方学习应该符合国情
C. 经济因素阻碍了学习西方
D. 政府与民众矛盾重重","下一个问题是关于中国的历史。
清末民初政府在军队、警察、学生中推行西式礼服因制作西式礼服最适合的布料是进口呢绒，造成传统丝绸销量骤减，引发了商界的“提倡国货运动”。为此，民国政府规定西式礼服皆须用国产布帛。这说明
A. 传统与进步斗争激烈
B. 向西方学习应该符合国情
C. 经济因素阻碍了学习西方
D. 政府与民众矛盾重重","The next question is about China's history.
In the late Qing Dynasty and early Republic of China, the government promoted Western-style formal wear among the army, police, and students. Since the most suitable fabric for making Western-style formal wear was imported woolen cloth, the sales of traditional silk plummeted, triggering the ""Promoting Domestic Products Movement"" in the business community. For this reason, the Republic of China government stipulated that Western-style formal wear must be made of domestically produced fabrics. This shows that
A. Tradition and progress are in fierce struggle
B. Learning from the West should be in line with national conditions
C. Economic factors hinder learning from the West
D. The government and the people are in conflict"
578,在19世纪后半叶，棉纺织品始终列为中国进口商品中的重要项目。1874年至1894年20年间，洋布进口值增长88.4%。洋纱进口值增长将近986.7%。以上现象表明,自然经济被彻底破坏,中国棉纺织业取得较快发展,外国商品完全占据中国市场,传统手工业仍有抵制能力,D,"A. 自然经济被彻底破坏
B. 中国棉纺织业取得较快发展
C. 外国商品完全占据中国市场
D. 传统手工业仍有抵制能力","下一个问题是关于中国的历史。
在19世纪后半叶，棉纺织品始终列为中国进口商品中的重要项目。1874年至1894年20年间，洋布进口值增长88.4%。洋纱进口值增长将近986.7%。以上现象表明
A. 自然经济被彻底破坏
B. 中国棉纺织业取得较快发展
C. 外国商品完全占据中国市场
D. 传统手工业仍有抵制能力","The next question is about China's history.
In the second half of the 19th century, cotton textiles were always listed as an important item in China's imports. In the 20 years from 1874 to 1894, the import value of foreign cloth increased by 88.4%. The import value of foreign yarn increased by nearly 986.7%. The above phenomenon shows that
A. The natural economy was completely destroyed
B. China's cotton textile industry has achieved rapid development
C. Foreign goods completely occupied the Chinese market
D. Traditional handicrafts still have the ability to resist"
579,“世界潮流，浩浩荡荡，顺之则昌，逆之则亡。要跟上时代前进步伐，就不能身体已进入二十一世纪，而脑袋还停留在过去，停留在殖民扩张的旧时代里，停留在冷战思维、零和博弈的老框框内。”面对世界百年未有之大变局，中国在全球层面倡导,设立亚洲基础设施投资银行,成立上海合作组织,构建人类命运共同体,建立金砖国家领导人会晤机制,C,"A. 设立亚洲基础设施投资银行
B. 成立上海合作组织
C. 构建人类命运共同体
D. 建立金砖国家领导人会晤机制","下一个问题是关于中国的历史。
“世界潮流，浩浩荡荡，顺之则昌，逆之则亡。要跟上时代前进步伐，就不能身体已进入二十一世纪，而脑袋还停留在过去，停留在殖民扩张的旧时代里，停留在冷战思维、零和博弈的老框框内。”面对世界百年未有之大变局，中国在全球层面倡导
A. 设立亚洲基础设施投资银行
B. 成立上海合作组织
C. 构建人类命运共同体
D. 建立金砖国家领导人会晤机制","The next question is about China's history.
""The world trend is mighty and powerful. If you follow it, you will prosper; if you go against it, you will perish. To keep up with the pace of the times, you cannot have entered the 21st century with your body but still have your mind in the past, in the old era of colonial expansion, in the old framework of Cold War thinking and zero-sum game."" Faced with the great changes in the world that have not been seen for a century, China advocates at the global level
A. Establishment of the Asian Infrastructure Investment Bank
B. Establishment of the Shanghai Cooperation Organization
C. Building a community with a shared future for mankind
D. Establishment of the BRICS leaders' meeting mechanism"
580,1916年1月，陈独秀在《青年杂志》撰文称：“个人之人格高，斯国家之人格亦高。个人之权巩固，斯国家之权亦巩固。而吾国自古相传之道德政治胥（皆）反乎是。”陈独秀意在,主张国家至上,反对西方民主,传播马克思主义,批判封建伦理,D,"A. 主张国家至上
B. 反对西方民主
C. 传播马克思主义
D. 批判封建伦理","下一个问题是关于中国的历史。
1916年1月，陈独秀在《青年杂志》撰文称：“个人之人格高，斯国家之人格亦高。个人之权巩固，斯国家之权亦巩固。而吾国自古相传之道德政治胥（皆）反乎是。”陈独秀意在
A. 主张国家至上
B. 反对西方民主
C. 传播马克思主义
D. 批判封建伦理","The next question is about China's history.
In January 1916, Chen Duxiu wrote in Youth Magazine: ""When the character of an individual is high, the character of the country is also high. When the rights of an individual are consolidated, the rights of the country are also consolidated. However, the moral politics passed down from ancient times in our country are all contrary to this."" Chen Duxiu intended to 
A. advocate the supremacy of the state 
B. oppose Western democracy 
C. spread Marxism 
D. criticize feudal ethics"
581,东汉王充在《论衡》中说：“萧何入秦，收拾文书（国家档案文献），汉所以能制九州者，文书之力也。”其意在说明，西汉成功地实现对全国的统治，是因为汉初,熟知秦朝典章制度,充分发挥文书功能,了秦朝的基本制度,了崇尚儒家的政策,C,"A. 熟知秦朝典章制度
B. 充分发挥文书功能
C. 了秦朝的基本制度
D. 了崇尚儒家的政策","下一个问题是关于中国的历史。
东汉王充在《论衡》中说：“萧何入秦，收拾文书（国家档案文献），汉所以能制九州者，文书之力也。”其意在说明，西汉成功地实现对全国的统治，是因为汉初
A. 熟知秦朝典章制度
B. 充分发挥文书功能
C. 了秦朝的基本制度
D. 了崇尚儒家的政策","The next question is about China's history.
Wang Chong of the Eastern Han Dynasty said in Lun Heng: ""Xiao He entered Qin and sorted out documents (national archives and documents). The reason why Han was able to control the nine states was the power of documents."" His intention was to explain that the Western Han Dynasty successfully achieved national rule because the early Han Dynasty
A. was familiar with the Qin Dynasty's rules and regulations
B. fully utilized the function of documents
C. implemented the basic system of the Qin Dynasty
D. implemented the policy of advocating Confucianism"
582,在对天、君、民关系的认识上，原始儒学以孟子为例，主张民贵君轻，董仲舒主张“屈民以伸君，屈君以伸天”。材料表明，董仲舒,背离了原始儒学的民本思想,背离了原始儒学的仁爱思想,摒弃了原始儒学的德治主张,继承了原始儒学的全部宗旨,A,"A. 背离了原始儒学的民本思想
B. 背离了原始儒学的仁爱思想
C. 摒弃了原始儒学的德治主张
D. 继承了原始儒学的全部宗旨","下一个问题是关于中国的历史。
在对天、君、民关系的认识上，原始儒学以孟子为例，主张民贵君轻，董仲舒主张“屈民以伸君，屈君以伸天”。材料表明，董仲舒
A. 背离了原始儒学的民本思想
B. 背离了原始儒学的仁爱思想
C. 摒弃了原始儒学的德治主张
D. 继承了原始儒学的全部宗旨","The next question is about China's history.
In the understanding of the relationship between heaven, monarch and people, the original Confucianism, taking Mencius as an example, advocated that people are more important than monarchs, and Dong Zhongshu advocated ""subjugating the people to uphold the monarch, and subjugating the monarch to uphold heaven"". The materials show that Dong Zhongshu
A. deviated from the original Confucianism's people-oriented thought
B. deviated from the original Confucianism's benevolent thought
C. abandoned the original Confucianism's moral governance idea
D. inherited all the purposes of the original Confucianism"
583,司马迁说：“居今之世，志古之道，所以自镜也，未必尽同。”下列选项中，与司马迁观点相符的是,历史不会重演，不能以史为鉴,历史可以重演，应当以史为鉴,历史事实情同而势异，不能照搬历史经验,一切历史都是当代史，无须学习古人,C,"A. 历史不会重演，不能以史为鉴
B. 历史可以重演，应当以史为鉴
C. 历史事实情同而势异，不能照搬历史经验
D. 一切历史都是当代史，无须学习古人","下一个问题是关于中国的历史。
司马迁说：“居今之世，志古之道，所以自镜也，未必尽同。”下列选项中，与司马迁观点相符的是
A. 历史不会重演，不能以史为鉴
B. 历史可以重演，应当以史为鉴
C. 历史事实情同而势异，不能照搬历史经验
D. 一切历史都是当代史，无须学习古人","The next question is about China's history.
Sima Qian said: ""Living in the present world, we aspire to the ways of the past, so we can mirror ourselves, but we may not always agree with them."" Which of the following options is consistent with Sima Qian's view?
A. History will not repeat itself, so we cannot learn from history
B. History can repeat itself, so we should learn from history
C. Historical facts are the same but the situation is different, so we cannot copy historical experience
D. All history is contemporary history, so there is no need to learn from the ancients"
584,顾炎武《日知录》中写道：“心不待传也，流行天地间，贯彻古今而不同者理也，理具于吾心而验于物。心者，所以统宗此理而别其是非，心学二字，《六经》、孔孟所不道。”这一观点表明他,以拯救时代为己任,对陆王心学持批判的态度,主张回归孔孟儒学,肯定心学的修身养性功能,B,"A. 以拯救时代为己任
B. 对陆王心学持批判的态度
C. 主张回归孔孟儒学
D. 肯定心学的修身养性功能","下一个问题是关于中国的历史。
顾炎武《日知录》中写道：“心不待传也，流行天地间，贯彻古今而不同者理也，理具于吾心而验于物。心者，所以统宗此理而别其是非，心学二字，《六经》、孔孟所不道。”这一观点表明他
A. 以拯救时代为己任
B. 对陆王心学持批判的态度
C. 主张回归孔孟儒学
D. 肯定心学的修身养性功能","The next question is about China's history.
Gu Yanwu wrote in ""Rizhilu"": ""The mind does not need to be passed on. It is prevalent in the world. What runs through the past and present is reason. Reason is in our mind and can be verified in things. The mind is used to unify this reason and distinguish right from wrong. The word ""mind learning"" is not mentioned in the ""Six Classics"" and Confucius and Mencius."" This view shows that he
A. took it as his responsibility to save the times
B. held a critical attitude towards Lu and Wang's mind learning
C. advocated returning to Confucianism of Confucius and Mencius
D. affirmed the function of mind learning in self-cultivation"
585,司马迁的《史记》记载了商王的世系，但长期以来并不能确定该记载是否真实。19世纪末20世纪初殷墟甲骨文的发现，证实《史记》的记载基本上是正确的。这说明,历史记载必须经过考古发现证实,考古发现是历史研究的重要依据,考古资料比文献材料更真实,历史记载不存在纯粹客观性,B,"A. 历史记载必须经过考古发现证实
B. 考古发现是历史研究的重要依据
C. 考古资料比文献材料更真实
D. 历史记载不存在纯粹客观性","下一个问题是关于中国的历史。
司马迁的《史记》记载了商王的世系，但长期以来并不能确定该记载是否真实。19世纪末20世纪初殷墟甲骨文的发现，证实《史记》的记载基本上是正确的。这说明
A. 历史记载必须经过考古发现证实
B. 考古发现是历史研究的重要依据
C. 考古资料比文献材料更真实
D. 历史记载不存在纯粹客观性","The next question is about China's history.
Sima Qian's ""Records of the Grand Historian"" records the lineage of the Shang kings, but for a long time it was not certain whether the record was true. The discovery of oracle bones in Yinxu in the late 19th and early 20th centuries confirmed that the record in ""Records of the Grand Historian"" was basically correct. This shows that
A. Historical records must be confirmed by archaeological discoveries
B. Archaeological discoveries are an important basis for historical research
C. Archaeological data are more authentic than documentary materials
D. Historical records do not exist in pure objectivity"
586,西汉初年的各种制度基本沿袭秦朝，但施政方针有了诸多重大调整。下列各项，属于西汉初年施政方针“”的是,采取“与民休息”政策,颁布推恩令削弱王侯势力,实施尊崇儒术的文化改革,设立直接为皇帝控制的中朝,A,"A. 采取“与民休息”政策
B. 颁布推恩令削弱王侯势力
C. 实施尊崇儒术的文化改革
D. 设立直接为皇帝控制的中朝","下一个问题是关于中国的历史。
西汉初年的各种制度基本沿袭秦朝，但施政方针有了诸多重大调整。下列各项，属于西汉初年施政方针“”的是
A. 采取“与民休息”政策
B. 颁布推恩令削弱王侯势力
C. 实施尊崇儒术的文化改革
D. 设立直接为皇帝控制的中朝","The next question is about China's history.
The various systems in the early Western Han Dynasty basically followed those of the Qin Dynasty, but the policies were adjusted in many ways. The following items belong to the policies of the early Western Han Dynasty
A. Adopting the policy of ""resting with the people""
B. Issuing the Enfeoffment Order to weaken the power of the princes
C. Implementing cultural reforms that respect Confucianism
D. Establishing the Central Dynasty directly controlled by the emperor"
587,唐末五代，中央集权大为削弱。为扭转这一局面，宋初采取的重要措施之一是,设枢密院,设三司使,文官任知州,施行将兵法,C,"A. 设枢密院
B. 设三司使
C. 文官任知州
D. 施行将兵法","下一个问题是关于中国的历史。
唐末五代，中央集权大为削弱。为扭转这一局面，宋初采取的重要措施之一是
A. 设枢密院
B. 设三司使
C. 文官任知州
D. 施行将兵法","The next question is about China's history.
In the late Tang Dynasty and the Five Dynasties, the central power was greatly weakened. In order to reverse this situation, one of the important measures taken in the early Song Dynasty was
A. Establishing the Privy Council
B. Establishing the Three Commissioners
C. Civil officials serving as prefects
D. Implementing the Military Strategy"
588,天津著名中药企业达仁堂如今已有百年历史。20世纪50年代纳入国家集中统一管理后，原有分号与其全部脱钩，达仁堂只管生产，不管销售。在20 世纪90 年代中期的发展中，该企业曾一度“拔剑四顾心茫然”。造成其“茫然”的主要原因是,企业尚未适应市场经,企业失去分号，力量削弱,企业产品质量下滑,集中统一管理使企业失去活力,A,"A. 企业尚未适应市场经
B. 企业失去分号，力量削弱
C. 企业产品质量下滑
D. 集中统一管理使企业失去活力","下一个问题是关于中国的历史。
天津著名中药企业达仁堂如今已有百年历史。20世纪50年代纳入国家集中统一管理后，原有分号与其全部脱钩，达仁堂只管生产，不管销售。在20 世纪90 年代中期的发展中，该企业曾一度“拔剑四顾心茫然”。造成其“茫然”的主要原因是
A. 企业尚未适应市场经
B. 企业失去分号，力量削弱
C. 企业产品质量下滑
D. 集中统一管理使企业失去活力","The next question is about China's history.
Darentang, a famous traditional Chinese medicine enterprise in Tianjin, now has a history of 100 years. After being included in the centralized and unified management of the state in the 1950s, the original branch was completely decoupled from it, and Darentang only cared about production, not sales. During its development in the mid-1990s, the company once ""drew its sword and looked around with a confused heart"". The main reasons for its ""confusion"" are 
A. The company has not yet adapted to the market economy
B. The company lost its branch and its strength was weakened
C. The quality of the company's products declined
D. The centralized and unified management made the company lose its vitality"
589,1980年与1975年想不，我国粮食播种面积减少6.884万亩，总产量却增加674亿斤；面糊哈播种面积减少53万亩，总产量却增加652万担；油料作物和天草播种面积共扩大3 626万亩，其总产量分别增加70%和150%。出现这一现象的主要原因是,农村经济体制改革完成,农民生产自主权扩大,国家取消对农副产品的统销政策,农业生产技术有了革命性的改变,B,"A. 农村经济体制改革完成
B. 农民生产自主权扩大
C. 国家取消对农副产品的统销政策
D. 农业生产技术有了革命性的改变","下一个问题是关于中国的历史。
1980年与1975年想不，我国粮食播种面积减少6.884万亩，总产量却增加674亿斤；面糊哈播种面积减少53万亩，总产量却增加652万担；油料作物和天草播种面积共扩大3 626万亩，其总产量分别增加70%和150%。出现这一现象的主要原因是
A. 农村经济体制改革完成
B. 农民生产自主权扩大
C. 国家取消对农副产品的统销政策
D. 农业生产技术有了革命性的改变","The next question is about China's history.
In 1980, compared with 1975, my country's grain planting area decreased by 68,840 mu, but the total output increased by 67.4 billion jin; the flour planting area decreased by 530,000 mu, but the total output increased by 6.52 million dan; the planting area of oil crops and grass increased by 36.26 million mu, and their total output increased by 70% and 150% respectively. The main reasons for this phenomenon are 
A. The completion of the rural economic system reform 
B. The expansion of farmers' production autonomy 
C. The state abolished the policy of unified marketing of agricultural and sideline products 
D. Agricultural production technology has undergone revolutionary changes"
590,学者陈旭麓认为：“近代中国社会的新陈代谢突出地表现为两个方面，一是新的取代旧的，如民国取代清朝；一是新与新的递嬗，前一种新的褪色了，后一种新的跟上来，辛亥之与戊戌是这样，‘五四’之与辛亥是这样，戊戌之与洋务也有这种迹象。”推动这种“新陈代谢”的核心动力是,挽救民族危亡,推动实业救国,提倡民主科学,发展资本主义,A,"A. 挽救民族危亡
B. 推动实业救国
C. 提倡民主科学
D. 发展资本主义","下一个问题是关于中国的历史。
学者陈旭麓认为：“近代中国社会的新陈代谢突出地表现为两个方面，一是新的取代旧的，如民国取代清朝；一是新与新的递嬗，前一种新的褪色了，后一种新的跟上来，辛亥之与戊戌是这样，‘五四’之与辛亥是这样，戊戌之与洋务也有这种迹象。”推动这种“新陈代谢”的核心动力是
A. 挽救民族危亡
B. 推动实业救国
C. 提倡民主科学
D. 发展资本主义","The next question is about China's history.
Scholar Chen Xulu believes that: ""The metabolism of modern Chinese society is prominently manifested in two aspects: one is the replacement of the old by the new, such as the replacement of the Qing Dynasty by the Republic of China; the other is the succession of the new and the new, the former fades, and the latter catches up. This is the case between the Xinhai Revolution and the Wuxu Movement, the May Fourth Movement and the Xinhai Revolution, and the Wuxu Movement and the Westernization Movement."" The core driving force behind this ""metabolism"" is 
A. Saving the nation from danger
B. Promoting industry to save the country
C. Promoting democracy and science
D. Developing capitalism"
591,明末清初，王夫之主张“有其力者治其地”，黄宗羲提出“授民以田”“田土均之”，顾炎武力主“均田”，这些主张,目的是维护清朝统治,表达了对个体小农的关注,体现了重农抑商思想,具有浓厚的复古色彩,B,"A. 目的是维护清朝统治
B. 表达了对个体小农的关注
C. 体现了重农抑商思想
D. 具有浓厚的复古色彩","下一个问题是关于中国的历史。
明末清初，王夫之主张“有其力者治其地”，黄宗羲提出“授民以田”“田土均之”，顾炎武力主“均田”，这些主张
A. 目的是维护清朝统治
B. 表达了对个体小农的关注
C. 体现了重农抑商思想
D. 具有浓厚的复古色彩","The next question is about China's history.
In the late Ming and early Qing dynasties, Wang Fuzhi advocated ""those who have the power should rule their land"", Huang Zongxi proposed ""granting the people land"" and ""equal distribution of land"", and Gu Yanwu advocated ""equal distribution of land"". These proposals
A. The purpose is to maintain the rule of the Qing Dynasty
B. Expressed concern for individual small farmers
C. Reflected the idea of emphasizing agriculture and suppressing commerce
D. Has a strong retro color"
592,宋代，有田产的“主户”只占民户总数20%左右，其余大都是四处租种土地的“客户”，导致这种状况的重要因素是,政府管理失控,土地政策调整,坊市制度崩溃,经济严重衰退,B,"A. 政府管理失控
B. 土地政策调整
C. 坊市制度崩溃
D. 经济严重衰退","下一个问题是关于中国的历史。
宋代，有田产的“主户”只占民户总数20%左右，其余大都是四处租种土地的“客户”，导致这种状况的重要因素是
A. 政府管理失控
B. 土地政策调整
C. 坊市制度崩溃
D. 经济严重衰退","The next question is about China's history.
In the Song Dynasty, only about 20% of the households had land, and the rest were mostly ""customers"" who rented land for farming. The main factors leading to this situation were: 
A. Government management out of control
B. Land policy adjustment
C. Collapse of the market system
D. Severe economic recession"
593,明朝时“田中事，田主一切不问，皆佃农任之”，地主与佃农之间，“交租之外，两不相问”。此种现象反映出当时,土地所有权与经营权没有分离,租佃制抑制了佃农的生产积极性,地主与佃农间存在雇佣关系,佃农有较大的生产自主权,D,"A. 土地所有权与经营权没有分离
B. 租佃制抑制了佃农的生产积极性
C. 地主与佃农间存在雇佣关系
D. 佃农有较大的生产自主权","下一个问题是关于中国的历史。
明朝时“田中事，田主一切不问，皆佃农任之”，地主与佃农之间，“交租之外，两不相问”。此种现象反映出当时
A. 土地所有权与经营权没有分离
B. 租佃制抑制了佃农的生产积极性
C. 地主与佃农间存在雇佣关系
D. 佃农有较大的生产自主权","The next question is about China's history.
During the Ming Dynasty, ""the landlord did not care about anything in the fields, and the tenants were responsible for it."" Between the landlord and the tenant, ""except for paying rent, the two did not ask each other."" This phenomenon reflects that at that time
A. Land ownership and management rights were not separated
B. The tenancy system suppressed the production enthusiasm of the tenants
C. There was an employment relationship between the landlord and the tenant
D. The tenants had greater production autonomy"
594,徐州古丰县，有村曰朱陈。去县百余里，桑麻青氛氲。机梭声札札，牛驴走纭纭。女汲涧中水，男采山上薪。县远官事少，山深人俗淳。有财不行商，有丁不入军。家家守村业，头白不出门。生为村之民，死为村之尘。”(白居易《朱陈村》)由此可以得出的结论是,小农经济不利于古代中央集权和商品经济发展,唐代开始出现个体小农经济,男耕女织、自给自足是古代农业经济的特点之一,精耕细作是古代农业经济的特点之一,C,"A. 小农经济不利于古代中央集权和商品经济发展
B. 唐代开始出现个体小农经济
C. 男耕女织、自给自足是古代农业经济的特点之一
D. 精耕细作是古代农业经济的特点之一","下一个问题是关于中国的历史。
徐州古丰县，有村曰朱陈。去县百余里，桑麻青氛氲。机梭声札札，牛驴走纭纭。女汲涧中水，男采山上薪。县远官事少，山深人俗淳。有财不行商，有丁不入军。家家守村业，头白不出门。生为村之民，死为村之尘。”(白居易《朱陈村》)由此可以得出的结论是
A. 小农经济不利于古代中央集权和商品经济发展
B. 唐代开始出现个体小农经济
C. 男耕女织、自给自足是古代农业经济的特点之一
D. 精耕细作是古代农业经济的特点之一","The next question is about China's history.
In Gufeng County, Xuzhou, there is a village called Zhuchen. More than a hundred miles away from the county, mulberry and hemp are green and dense. The sound of looms and shuttles is heard, and cows and donkeys are running. Women draw water from the stream, and men collect firewood from the mountains. The county is far away and there are few official affairs. The mountains are deep and the people are simple. People with money do not do business, and people with money do not join the army. Every family guards the village business and does not go out until they are old. Live as a villager and die as dust of the village. ""(Bai Juyi's ""Zhuchen Village"") The conclusion that can be drawn from this is
A. Small peasant economy is not conducive to the development of ancient centralization and commodity economy
B. Individual small peasant economy began to appear in the Tang Dynasty
C. Men farm and women weave, and self-sufficiency is one of the characteristics of ancient agricultural economy
D. Intensive farming is one of the characteristics of ancient agricultural economy"
595,1950年6月，朝鲜战争爆发。中国战士高唱“雄纠纠，气昂昂，跨过鸭绿江。保和平，卫祖国，就是保家乡……”入朝参战。入朝部队的称呼是,中国人民解放军,国民革命军第八路军,中国人民志愿军,东北野战军,C,"A. 中国人民解放军
B. 国民革命军第八路军
C. 中国人民志愿军
D. 东北野战军","下一个问题是关于中国的历史。
1950年6月，朝鲜战争爆发。中国战士高唱“雄纠纠，气昂昂，跨过鸭绿江。保和平，卫祖国，就是保家乡……”入朝参战。入朝部队的称呼是
A. 中国人民解放军
B. 国民革命军第八路军
C. 中国人民志愿军
D. 东北野战军","The next question is about China's history.
In June 1950, the Korean War broke out. Chinese soldiers sang ""We are strong and vigorous, crossing the Yalu River. To protect peace, to defend the motherland, is to protect our hometown..."" and entered Korea to participate in the war. The name of the troops entering Korea was
A. Chinese People's Liberation Army
B. The Eighth Route Army of the National Revolutionary Army
C. Chinese People's Volunteer Army
D. Northeast Field Army"
596,殷商甲骨卜辞：“癸卯卜，今日雨。其自西来雨?其自东来雨?其自北来雨?其自南来雨?”对此理解不正确的是,卜辞反映出古代生产力低下,卜辞中文字与现代汉字非常接近,说明古代人们对自然的依赖性强,卜辞可被视为原始形态的农事诗,B,"A. 卜辞反映出古代生产力低下
B. 卜辞中文字与现代汉字非常接近
C. 说明古代人们对自然的依赖性强
D. 卜辞可被视为原始形态的农事诗","下一个问题是关于中国的历史。
殷商甲骨卜辞：“癸卯卜，今日雨。其自西来雨?其自东来雨?其自北来雨?其自南来雨?”对此理解不正确的是
A. 卜辞反映出古代生产力低下
B. 卜辞中文字与现代汉字非常接近
C. 说明古代人们对自然的依赖性强
D. 卜辞可被视为原始形态的农事诗","The next question is about China's history.
Oracle bone inscriptions from the Shang Dynasty: ""Gui Mao divination, today is raining. Will it rain from the west? Will it rain from the east? Will it rain from the north? Will it rain from the south?"" The incorrect understanding of this is
A. Oracle inscriptions reflect the low productivity in ancient times
B. The characters in the oracle inscriptions are very similar to modern Chinese characters
C. It shows that ancient people relied heavily on nature
D. Oracle inscriptions can be regarded as a primitive form of agricultural poetry"
597,唐诗“慢束罗裙半露胸”、“绮罗纤缕见肌肤”，描写了唐朝服饰的艳丽奢华和开放。但宋朝时的服饰却简洁质朴，女装拘谨、保守，色彩淡雅恬静。唐宋服饰的演变，反映了人们审美观的变化，此种审美观的转变主要是由于,封建经济的衰退,审美意识的觉醒,程朱理学思想的影响,专制集权的巩固,C,"A. 封建经济的衰退
B. 审美意识的觉醒
C. 程朱理学思想的影响
D. 专制集权的巩固","下一个问题是关于中国的历史。
唐诗“慢束罗裙半露胸”、“绮罗纤缕见肌肤”，描写了唐朝服饰的艳丽奢华和开放。但宋朝时的服饰却简洁质朴，女装拘谨、保守，色彩淡雅恬静。唐宋服饰的演变，反映了人们审美观的变化，此种审美观的转变主要是由于
A. 封建经济的衰退
B. 审美意识的觉醒
C. 程朱理学思想的影响
D. 专制集权的巩固","The next question is about China's history.
Tang Dynasty poems such as ""slowly tied silk skirt half exposed chest"" and ""fine silk reveals skin"" describe the gorgeous luxury and openness of Tang Dynasty clothing. However, the clothing in the Song Dynasty was simple and plain, women's clothing was restrained and conservative, and the colors were elegant and quiet. The evolution of Tang and Song clothing reflects the change of people's aesthetics. This change in aesthetics is mainly due to
A. The decline of feudal economy
B. The awakening of aesthetic consciousness
C. The influence of Cheng-Zhu Neo-Confucianism
D. The consolidation of autocracy"
598,北魏时，贾思勰的《齐民耍术》总结出一套个体农户农副兼营的精耕细作农业模式，反复强调农户不要过度扩大耕种面积，“宁可少好，不可多恶”。这表明,精耕细作农业遏止了大土地所有制的发展,人口与土地的尖锐矛盾导致耕作模式的转变,精耕细作的目的是追求农业收益的最大化,十体农户为主体的耕作模式抻制农业的进步,C,"A. 精耕细作农业遏止了大土地所有制的发展
B. 人口与土地的尖锐矛盾导致耕作模式的转变
C. 精耕细作的目的是追求农业收益的最大化
D. 十体农户为主体的耕作模式抻制农业的进步","下一个问题是关于中国的历史。
北魏时，贾思勰的《齐民耍术》总结出一套个体农户农副兼营的精耕细作农业模式，反复强调农户不要过度扩大耕种面积，“宁可少好，不可多恶”。这表明
A. 精耕细作农业遏止了大土地所有制的发展
B. 人口与土地的尖锐矛盾导致耕作模式的转变
C. 精耕细作的目的是追求农业收益的最大化
D. 十体农户为主体的耕作模式抻制农业的进步","The next question is about China's history.
During the Northern Wei Dynasty, Jia Sixie's ""Qimin Shuoshu"" summarized a set of intensive farming models in which individual farmers engaged in both farming and sideline production, and repeatedly emphasized that farmers should not over-expand the cultivated area, ""it is better to have less good than more bad"". This shows that 
A. Intensive farming curbed the development of large land ownership 
B. The sharp contradiction between population and land led to the transformation of farming patterns 
C. The purpose of intensive farming is to maximize agricultural benefits 
D. The farming model with individual farmers as the main body has restricted the progress of agriculture"
599,中国人民政治协商会议第一届全体会议召开前，周恩来等中共领导人要求接送在港民主人士，进入解放区，参加筹备新政协。据统计，从 1948 年 8 月到 1949 年 8 月，共安排秘密北上的民主人士 20 批，其中有 119 人参加了政协会议。 中共的这一举动主要是为了,贯彻“长期共存，互相监督冶方针,协商制定第一个五年计划,恢复民主党派的各级组织,团结民主人士共同筹建新中国,D,"A. 贯彻“长期共存，互相监督冶方针
B. 协商制定第一个五年计划
C. 恢复民主党派的各级组织
D. 团结民主人士共同筹建新中国","下一个问题是关于中国的历史。
中国人民政治协商会议第一届全体会议召开前，周恩来等中共领导人要求接送在港民主人士，进入解放区，参加筹备新政协。据统计，从 1948 年 8 月到 1949 年 8 月，共安排秘密北上的民主人士 20 批，其中有 119 人参加了政协会议。 中共的这一举动主要是为了
A. 贯彻“长期共存，互相监督冶方针
B. 协商制定第一个五年计划
C. 恢复民主党派的各级组织
D. 团结民主人士共同筹建新中国","The next question is about China's history.
Before the first plenary session of the Chinese People's Political Consultative Conference, Zhou Enlai and other CCP leaders requested to pick up democratic figures in Hong Kong and bring them to the liberated areas to participate in the preparations for the new CPPCC. According to statistics, from August 1948 to August 1949, a total of 20 groups of democratic figures were arranged to secretly go north, of which 119 participated in the CPPCC meeting. The main purpose of this move by the CCP was to
A. implement the policy of ""long-term coexistence and mutual supervision""
B. negotiate and formulate the first five-year plan
C. restore the organizations of democratic parties at all levels
D. unite democratic figures to jointly prepare for the establishment of a new China"
600,有学者认为，宋代到清代的历史进程中有过三次商业革命，第一次是宋代商业革命，第二次是明清(前期)商业革命。其中第二次“商业革命”比第一次突出的是,南方工商业市镇的兴盛,商业活动突破时空限制,出现了世界最早的纸币,民间对外贸易空前活跃,A,"A. 南方工商业市镇的兴盛
B. 商业活动突破时空限制
C. 出现了世界最早的纸币
D. 民间对外贸易空前活跃","下一个问题是关于中国的历史。
有学者认为，宋代到清代的历史进程中有过三次商业革命，第一次是宋代商业革命，第二次是明清(前期)商业革命。其中第二次“商业革命”比第一次突出的是
A. 南方工商业市镇的兴盛
B. 商业活动突破时空限制
C. 出现了世界最早的纸币
D. 民间对外贸易空前活跃","The next question is about China's history.
Some scholars believe that there were three commercial revolutions in the historical process from the Song Dynasty to the Qing Dynasty. The first was the Song Dynasty Commercial Revolution, and the second was the Ming and Qing Dynasty (early period) Commercial Revolution. The second ""commercial revolution"" was more prominent than the first one in that
A. The prosperity of industrial and commercial towns in the south
B. Commercial activities broke through the limitations of time and space
C. The world's earliest paper money appeared
D. Private foreign trade was unprecedentedly active"
601,中国古代的一部作品，以神游天地、上下求索的幻想境界表达了作者对理想的执着追求，大量运用“美人芳草”的比兴手法和瑰丽的语言，闪耀着南方楚文化的奇丽色彩。该作品是,《老子》,《诗经》,《庄子》,《离骚》,D,"A. 《老子》
B. 《诗经》
C. 《庄子》
D. 《离骚》","下一个问题是关于中国的历史。
中国古代的一部作品，以神游天地、上下求索的幻想境界表达了作者对理想的执着追求，大量运用“美人芳草”的比兴手法和瑰丽的语言，闪耀着南方楚文化的奇丽色彩。该作品是
A. 《老子》
B. 《诗经》
C. 《庄子》
D. 《离骚》","The next question is about China's history.
A work from ancient China, which expresses the author's persistent pursuit of ideals through the fantasy realm of wandering in the heavens and earth and seeking truth from facts. It makes extensive use of the metaphorical techniques of ""beautiful women and fragrant grasses"" and magnificent language, shining with the wonderful colors of southern Chu culture. The work is
A. ""Laozi""
B. ""The Book of Songs""
C. ""Zhuangzi""
D. ""Li Sao"""
602,《中华人民共和国史>在解释“打扫干净屋子再请客”时引述了毛泽东的一段话：“关于帝国主义对我国的承认问题，不但现在不应急于去解决，就是在全国胜利以后的一个相当长时期内，也不应急于去解决。因为虽然我们愿意按照平等原则同一切国家建立外交关系，但帝国主义是绝不能很快地就以平等态度对待我们的。”上述材料体现了新中国,不承认国民政府建立的旧外交,坚定地站在社会主义阵营一边,取缔列强在华特权的强烈愿望,坚决保障社会主义革命的胜利成果,C,"A. 不承认国民政府建立的旧外交
B. 坚定地站在社会主义阵营一边
C. 取缔列强在华特权的强烈愿望
D. 坚决保障社会主义革命的胜利成果","下一个问题是关于中国的历史。
《中华人民共和国史>在解释“打扫干净屋子再请客”时引述了毛泽东的一段话：“关于帝国主义对我国的承认问题，不但现在不应急于去解决，就是在全国胜利以后的一个相当长时期内，也不应急于去解决。因为虽然我们愿意按照平等原则同一切国家建立外交关系，但帝国主义是绝不能很快地就以平等态度对待我们的。”上述材料体现了新中国
A. 不承认国民政府建立的旧外交
B. 坚定地站在社会主义阵营一边
C. 取缔列强在华特权的强烈愿望
D. 坚决保障社会主义革命的胜利成果","The next question is about China's history.
The History of the People's Republic of China quoted a passage from Mao Zedong when explaining ""clean up the house before inviting guests"": ""Regarding the issue of imperialism's recognition of our country, we should not rush to solve it not only now, but also for a considerable period after the national victory. Because although we are willing to establish diplomatic relations with all countries on the principle of equality, imperialism will never treat us equally so quickly."" The above materials reflect that New China
A. does not recognize the old diplomacy established by the National Government
B. stands firmly on the side of the socialist camp
C. has a strong desire to abolish the privileges of the great powers in China
D. resolutely safeguards the victory of the socialist revolution"
603,20世纪50年代，中苏两国对中国的某一新生事物产生了不同看法。前者认为它是“中国加速社会主义建设，向共产主义过渡的最好形式”；后者则认为20—30年代的苏联类似尝试，但“在经济上是不合理的”。“它”是指,土地改革,“一五”计划,人民公社,社会主义三大改造,C,"A. 土地改革
B. “一五”计划
C. 人民公社
D. 社会主义三大改造","下一个问题是关于中国的历史。
20世纪50年代，中苏两国对中国的某一新生事物产生了不同看法。前者认为它是“中国加速社会主义建设，向共产主义过渡的最好形式”；后者则认为20—30年代的苏联类似尝试，但“在经济上是不合理的”。“它”是指
A. 土地改革
B. “一五”计划
C. 人民公社
D. 社会主义三大改造","The next question is about China's history.
In the 1950s, China and the Soviet Union had different views on a new thing in China. The former believed that it was ""the best form for China to accelerate socialist construction and transition to communism""; the latter believed that the Soviet Union had similar attempts in the 1920s and 1930s, but they were ""economically unreasonable."" ""It"" refers to
A. Land reform
B. ""First Five-Year Plan""
C. People's Commune
D. Three major socialist reforms"
604,北宋中期，“蜀民以铁钱重，私为券，谓之交子，以便贸易，富民十六户主之。其后，富者资稍衰，不能偿所负，争讼数起”。这表明交子,具有民间交易凭证功能,产生于民间的商业纠纷,促进了经济重心的南移,提高了富商的社会地位,A,"A. 具有民间交易凭证功能
B. 产生于民间的商业纠纷
C. 促进了经济重心的南移
D. 提高了富商的社会地位","下一个问题是关于中国的历史。
北宋中期，“蜀民以铁钱重，私为券，谓之交子，以便贸易，富民十六户主之。其后，富者资稍衰，不能偿所负，争讼数起”。这表明交子
A. 具有民间交易凭证功能
B. 产生于民间的商业纠纷
C. 促进了经济重心的南移
D. 提高了富商的社会地位","The next question is about China's history.
In the middle of the Northern Song Dynasty, ""the people of Shu used the weight of iron coins to make private vouchers, called Jiaozi, to facilitate trade. Sixteen wealthy households owned them. Later, the rich people's assets declined and they could not repay their debts, so several disputes arose."" This shows that Jiaozi
A. It has the function of a voucher for private transactions
B. It arises from commercial disputes among the people
C. It promotes the southward shift of the economic center
D. It improves the social status of wealthy merchants"
605,19世纪60年代，江浙地区出现了“蚕事乍毕丝事起，乡农卖丝争赴市……番舶来银百万计，中国商人皆若狂……遂使家家置纺车，无复有心种菽粟”的现象。它反映出,资本输出成为列强侵华的主要手段,开埠通商促进了江浙地区民族工业的发展,中国对外贸易由入超变为出超,市场扩大刺激了江浙地区丝织业发展,D,"A. 资本输出成为列强侵华的主要手段
B. 开埠通商促进了江浙地区民族工业的发展
C. 中国对外贸易由入超变为出超
D. 市场扩大刺激了江浙地区丝织业发展","下一个问题是关于中国的历史。
19世纪60年代，江浙地区出现了“蚕事乍毕丝事起，乡农卖丝争赴市……番舶来银百万计，中国商人皆若狂……遂使家家置纺车，无复有心种菽粟”的现象。它反映出
A. 资本输出成为列强侵华的主要手段
B. 开埠通商促进了江浙地区民族工业的发展
C. 中国对外贸易由入超变为出超
D. 市场扩大刺激了江浙地区丝织业发展","The next question is about China's history.
In the 1860s, the Jiangsu and Zhejiang regions saw the phenomenon of ""silkworm business was over and silk business started, rural farmers rushed to the market to sell silk... foreign merchants were crazy about the millions of silver... every family bought a spinning wheel and no longer had the heart to grow beans and millet."" It reflects
A. Capital export became the main means of invasion of China by the great powers
B. Opening ports for trade promoted the development of national industries in Jiangsu and Zhejiang
C. China's foreign trade changed from a surplus to a surplus
D. Market expansion stimulated the development of silk weaving industry in Jiangsu and Zhejiang"
606,1950年，东北人民政府规定在大区范围内对煤炭、钢材等多种生产资料统一分配，随后，东北地区计划分配的物资种类逐年增加。从1953年起，计划分配调拨体制开始在全国铺开。这反映了中国计划经济体制,是在宪法原则下建立的,是新生国家政权的基础,随着工业化建设的进行而建立,随着行政区域的扩大逐步建立,C,"A. 是在宪法原则下建立的
B. 是新生国家政权的基础
C. 随着工业化建设的进行而建立
D. 随着行政区域的扩大逐步建立","下一个问题是关于中国的历史。
1950年，东北人民政府规定在大区范围内对煤炭、钢材等多种生产资料统一分配，随后，东北地区计划分配的物资种类逐年增加。从1953年起，计划分配调拨体制开始在全国铺开。这反映了中国计划经济体制
A. 是在宪法原则下建立的
B. 是新生国家政权的基础
C. 随着工业化建设的进行而建立
D. 随着行政区域的扩大逐步建立","The next question is about China's history.
In 1950, the Northeast People's Government stipulated that coal, steel and other means of production should be uniformly distributed in the region. Subsequently, the types of materials planned for distribution in the Northeast increased year by year. From 1953, the planned distribution and allocation system began to be rolled out across the country. This reflects that China's planned economic system
A. was established under the principles of the Constitution
B. is the foundation of the new national regime
C. was established with the progress of industrialization construction
D. was gradually established with the expansion of administrative areas"
607,1915~1918年，《新青年》中“革命”“科学”“平等”“民主”等词出现频次大体相当；1919~1922年，“民主”出现次数不到“科学”的1/10，不及“革命”的1/20。这种变化可说明,国民革命运动受到民众普遍拥护,资本主义政体模式被知识界否定,新文化运动主流思想发生转变,中国社会主要矛盾发生改变,C,"A. 国民革命运动受到民众普遍拥护
B. 资本主义政体模式被知识界否定
C. 新文化运动主流思想发生转变
D. 中国社会主要矛盾发生改变","下一个问题是关于中国的历史。
1915~1918年，《新青年》中“革命”“科学”“平等”“民主”等词出现频次大体相当；1919~1922年，“民主”出现次数不到“科学”的1/10，不及“革命”的1/20。这种变化可说明
A. 国民革命运动受到民众普遍拥护
B. 资本主义政体模式被知识界否定
C. 新文化运动主流思想发生转变
D. 中国社会主要矛盾发生改变","The next question is about China's history.
From 1915 to 1918, the frequency of appearance of words such as ""revolution"", ""science"", ""equality"" and ""democracy"" in ""New Youth"" was roughly the same; from 1919 to 1922, the frequency of ""democracy"" was less than 1/10 of ""science"" and less than 1/20 of ""revolution"". This change can explain
A. The national revolutionary movement was widely supported by the people
B. The capitalist political system model was denied by the intellectual community
C. The mainstream thought of the New Culture Movement changed
D. The main contradictions in Chinese society changed"
608,东汉初年桓谭上书说：“（重本抑末）此所以抑并兼、长廉耻也。今富商大贾，多放钱货……收税与封君比入。”据此推论合理的是,东汉初年金融业繁荣，资本主义萌芽出现,东汉初年商人经济实力强，桓谭建议厉行重农抑商,东汉初年商人与封君勾结，中央集权削弱,重农抑商是中国古代基本政策，桓谭描述的现象不存在,B,"A. 东汉初年金融业繁荣，资本主义萌芽出现
B. 东汉初年商人经济实力强，桓谭建议厉行重农抑商
C. 东汉初年商人与封君勾结，中央集权削弱
D. 重农抑商是中国古代基本政策，桓谭描述的现象不存在","下一个问题是关于中国的历史。
东汉初年桓谭上书说：“（重本抑末）此所以抑并兼、长廉耻也。今富商大贾，多放钱货……收税与封君比入。”据此推论合理的是
A. 东汉初年金融业繁荣，资本主义萌芽出现
B. 东汉初年商人经济实力强，桓谭建议厉行重农抑商
C. 东汉初年商人与封君勾结，中央集权削弱
D. 重农抑商是中国古代基本政策，桓谭描述的现象不存在","The next question is about China's history.
In the early Eastern Han Dynasty, Huan Tan wrote in a letter: ""(Focus on the basics and suppress the details) This is to suppress annexation and promote integrity. Today, wealthy merchants put out a lot of money and goods... and collect taxes comparable to those of feudal lords."" Based on this, the reasonable inference is
A. The financial industry flourished in the early Eastern Han Dynasty, and the sprouts of capitalism appeared
B. In the early Eastern Han Dynasty, merchants had strong economic strength, and Huan Tan suggested that they should strictly focus on agriculture and suppress commerce
C. In the early Eastern Han Dynasty, merchants colluded with feudal lords, and central power was weakened
D. Focusing on agriculture and suppressing commerce was the basic policy of ancient China, and the phenomenon described by Huan Tan did not exist"
609,“代替那存在着阶级和阶级对立的资产阶级旧社会的，将是这样一个联合体，在那里，每个人的自由发展是一切人的自由发展的条件。”这段话出自,《共产党宣言》,《政府论》,《乌托邦》,《共同纲领》,A,"A. 《共产党宣言》
B. 《政府论》
C. 《乌托邦》
D. 《共同纲领》","下一个问题是关于中国的历史。
“代替那存在着阶级和阶级对立的资产阶级旧社会的，将是这样一个联合体，在那里，每个人的自由发展是一切人的自由发展的条件。”这段话出自
A. 《共产党宣言》
B. 《政府论》
C. 《乌托邦》
D. 《共同纲领》","The next question is about China's history.
""The old bourgeois society, with its classes and class antagonisms, will be replaced by an association in which the free development of each is the condition for the free development of all."" This passage is from
A. The Communist Manifesto
B. The Theory of Government
C. Utopia
D. The Common Program"
610,1923年，陈独秀说：“五四运动虽然未能达到理想的成功，而在此运动中最努力的革命青年，逐接受世界的革命思潮，由空想而实际运动，开始了中国革命之新的方向。”陈独秀所说的“中国革命之新的方向”指,无产阶级革命,国民革命,民族革命,武装革命,A,"A. 无产阶级革命
B. 国民革命
C. 民族革命
D. 武装革命","下一个问题是关于中国的历史。
1923年，陈独秀说：“五四运动虽然未能达到理想的成功，而在此运动中最努力的革命青年，逐接受世界的革命思潮，由空想而实际运动，开始了中国革命之新的方向。”陈独秀所说的“中国革命之新的方向”指
A. 无产阶级革命
B. 国民革命
C. 民族革命
D. 武装革命","The next question is about China's history.
In 1923, Chen Duxiu said: ""Although the May Fourth Movement failed to achieve its ideal success, the most hardworking revolutionary youth in this movement gradually accepted the world's revolutionary thoughts, and from fantasy to practical movement, began a new direction for the Chinese revolution."" The ""new direction of the Chinese revolution"" mentioned by Chen Duxiu refers to
A. Proletarian Revolution
B. National Revolution
C. National Revolution
D. Armed Revolution"
611,“宋沿唐制，亦贵进士科。然唐时犹兼采誉望，不专辞章。宋则糊名考校，一决文字而已。”由此可见，与唐代科举相比，宋代,取士科目有所减少,考试程序更加公正,进士及第尤为尊贵,录取人数大大增加,B,"A. 取士科目有所减少
B. 考试程序更加公正
C. 进士及第尤为尊贵
D. 录取人数大大增加","下一个问题是关于中国的历史。
“宋沿唐制，亦贵进士科。然唐时犹兼采誉望，不专辞章。宋则糊名考校，一决文字而已。”由此可见，与唐代科举相比，宋代
A. 取士科目有所减少
B. 考试程序更加公正
C. 进士及第尤为尊贵
D. 录取人数大大增加","The next question is about China's history.
""The Song Dynasty followed the Tang Dynasty system and also valued the Jinshi examination. However, in the Tang Dynasty, reputation was also considered, not just the writing. In the Song Dynasty, the candidates were tested anonymously and only the writing was decided."" It can be seen that compared with the Tang Dynasty, the Song Dynasty
A. The number of subjects for selecting candidates was reduced
B. The examination process was more fair
C. The Jinshi was particularly prestigious
D. The number of admissions increased greatly"
612,下列表述，与洋务派创办军事工业的初衷最为吻合的是,“外争国权，内除国贼”,“可以剿发逆，可以勤远略”,“师夷之长技以制夷”,“驱除鞑虏，恢复中华”,B,"A. “外争国权，内除国贼”
B. “可以剿发逆，可以勤远略”
C. “师夷之长技以制夷”
D. “驱除鞑虏，恢复中华”","下一个问题是关于中国的历史。
下列表述，与洋务派创办军事工业的初衷最为吻合的是
A. “外争国权，内除国贼”
B. “可以剿发逆，可以勤远略”
C. “师夷之长技以制夷”
D. “驱除鞑虏，恢复中华”","The next question is about China's history.
The following statements are most consistent with the original intention of the Westernization Movement to establish military industry
A. ""Strive for national sovereignty abroad and eliminate traitors at home""
B. ""We can suppress rebellion and strive for long-term strategy""
C. ""Learn the advanced technology of foreigners to control foreigners""
D. ""Drive out the Tartars and restore China"""
613,王安石认为国家积贫积弱的根本在于生产少，生产少而民不富，民不富则国不强。为根本上解决问题颁行了,募役法和保甲法,青苗法和农田水利法,方田均税法和科举新法,将兵法和均输法,B,"A. 募役法和保甲法
B. 青苗法和农田水利法
C. 方田均税法和科举新法
D. 将兵法和均输法","下一个问题是关于中国的历史。
王安石认为国家积贫积弱的根本在于生产少，生产少而民不富，民不富则国不强。为根本上解决问题颁行了
A. 募役法和保甲法
B. 青苗法和农田水利法
C. 方田均税法和科举新法
D. 将兵法和均输法","The next question is about China's history.
Wang Anshi believed that the root cause of the country's poverty and weakness was low production. Low production meant that the people were not rich, and if the people were not rich, the country would not be strong. In order to fundamentally solve the problem, he promulgated
A. The Recruitment Law and the Baojia Law
B. The Green Seedling Law and the Farmland Irrigation Law
C. The Square Field Equal Tax Law and the New Imperial Examination Law
D. The Military Command Law and the Equal Transport Law"
614,2014年7月15日，金砖国家领导人第六次会晤在巴西福塔莱萨举行。五国领导人围绕“实现包容性增长的可持续解决方案”主题，就当前世界经济形势、国际政治安全问题交换意见，达成广泛共识，取得重要成果。下面对于“金砖国家”理解正确的是,巴西、印度、中国是多极化中的重要一极,金砖国家”是一个区域一体化经济组织,中国将随着国力的增强可为世界做出更大的贡献,国际竞争日益激烈，使世界越来越动荡不安,C,"A. 巴西、印度、中国是多极化中的重要一极
B. 金砖国家”是一个区域一体化经济组织
C. 中国将随着国力的增强可为世界做出更大的贡献
D. 国际竞争日益激烈，使世界越来越动荡不安","下一个问题是关于中国的历史。
2014年7月15日，金砖国家领导人第六次会晤在巴西福塔莱萨举行。五国领导人围绕“实现包容性增长的可持续解决方案”主题，就当前世界经济形势、国际政治安全问题交换意见，达成广泛共识，取得重要成果。下面对于“金砖国家”理解正确的是
A. 巴西、印度、中国是多极化中的重要一极
B. 金砖国家”是一个区域一体化经济组织
C. 中国将随着国力的增强可为世界做出更大的贡献
D. 国际竞争日益激烈，使世界越来越动荡不安","The next question is about China's history.
On July 15, 2014, the sixth BRICS summit was held in Fortaleza, Brazil. The leaders of the five countries exchanged views on the current world economic situation and international political security issues around the theme of ""sustainable solutions for inclusive growth"", reached broad consensus and achieved important results. The following is the correct understanding of ""BRICS""
A. Brazil, India and China are important poles in multipolarization
B. BRICS is a regional integrated economic organization
C. China will make greater contributions to the world as its national strength increases
D. The increasingly fierce international competition makes the world more and more turbulent"
615,“共和建设之初，所以艰难不易现实，往往复反专制或帝制之理由，乃因社会之惰力，阻碍新法使不易行，非共和本身之罪也。其阻力最强者，莫如守旧之武人，及学者。”陈独秀这段论述表明他认为辛亥革命后出现帝制复辟现象主要是由于,康有为等守旧保皇党人的支持推动,近代中国存在复辟帝制的社会基础,辛亥革命并未真正确立民主共和制,广大人民群众没有真正理解民主制,B,"A. 康有为等守旧保皇党人的支持推动
B. 近代中国存在复辟帝制的社会基础
C. 辛亥革命并未真正确立民主共和制
D. 广大人民群众没有真正理解民主制","下一个问题是关于中国的历史。
“共和建设之初，所以艰难不易现实，往往复反专制或帝制之理由，乃因社会之惰力，阻碍新法使不易行，非共和本身之罪也。其阻力最强者，莫如守旧之武人，及学者。”陈独秀这段论述表明他认为辛亥革命后出现帝制复辟现象主要是由于
A. 康有为等守旧保皇党人的支持推动
B. 近代中国存在复辟帝制的社会基础
C. 辛亥革命并未真正确立民主共和制
D. 广大人民群众没有真正理解民主制","The next question is about China's history.
""At the beginning of the construction of the republic, the reason why it was difficult and difficult to realize, and often reverted to autocracy or monarchy, was because of the inertia of society, which hindered the implementation of new laws, not the fault of the republic itself. The strongest resistance came from conservative military men and scholars."" Chen Duxiu's statement shows that he believed that the restoration of the monarchy after the Revolution of 1911 was mainly due to
A. Kang Youwei and other conservative monarchists' support and promotion
B. There was a social foundation for the restoration of the monarchy in modern China
C. The Revolution of 1911 did not truly establish a democratic republic
D. The broad masses of the people did not truly understand democracy"
616,战国秦汉时期，北方一直是全国的经济重心，但是到了魏晋南北朝时期，中原经济区独占鳌头的局面不复存在了，原本落后的江南经济区获得了显著发展，使长期以来的南北经济发展不平衡性与悬殊性缩小了。这说明魏晋南北朝时期,中原经济区的优势地位不复存在,江南经济发展水平迅速超过北,江南经济开发的新格局初步形,全国的经济重心已经转移到南方,C,"A. 中原经济区的优势地位不复存在
B. 江南经济发展水平迅速超过北
C. 江南经济开发的新格局初步形
D. 全国的经济重心已经转移到南方","下一个问题是关于中国的历史。
战国秦汉时期，北方一直是全国的经济重心，但是到了魏晋南北朝时期，中原经济区独占鳌头的局面不复存在了，原本落后的江南经济区获得了显著发展，使长期以来的南北经济发展不平衡性与悬殊性缩小了。这说明魏晋南北朝时期
A. 中原经济区的优势地位不复存在
B. 江南经济发展水平迅速超过北
C. 江南经济开发的新格局初步形
D. 全国的经济重心已经转移到南方","The next question is about China's history.
During the Warring States, Qin and Han Dynasties, the north had always been the economic center of the country. However, during the Wei, Jin, Southern and Northern Dynasties, the situation in which the Central Plains economic zone dominated the market no longer existed. The originally backward Jiangnan economic zone achieved remarkable development, which narrowed the long-standing imbalance and disparity in economic development between the north and the south. This shows that during the Wei, Jin, Southern and Northern Dynasties
A. The dominant position of the Central Plains economic zone no longer existed
B. The economic development level of Jiangnan quickly surpassed that of the north
C. A new pattern of economic development in Jiangnan was initially formed
D. The economic center of the country has shifted to the south"
617,唐代之前，荆楚民间存在一种祈求丰收的“牵钩之戏”，至唐代称作“拔河”，广为流传。唐玄宗《观拔河俗戏》诗云：“壮徒恒贾勇，拔拒抵长河。欲练英雄志，须明胜负多……预期年岁稔，先此乐时和。”据此可知，在唐代,阳刚与力量受到推崇,耕战结合观念深入人心,江南文化成为主流,诗歌以描写宫廷生活为主,A,"A. 阳刚与力量受到推崇
B. 耕战结合观念深入人心
C. 江南文化成为主流
D. 诗歌以描写宫廷生活为主","下一个问题是关于中国的历史。
唐代之前，荆楚民间存在一种祈求丰收的“牵钩之戏”，至唐代称作“拔河”，广为流传。唐玄宗《观拔河俗戏》诗云：“壮徒恒贾勇，拔拒抵长河。欲练英雄志，须明胜负多……预期年岁稔，先此乐时和。”据此可知，在唐代
A. 阳刚与力量受到推崇
B. 耕战结合观念深入人心
C. 江南文化成为主流
D. 诗歌以描写宫廷生活为主","The next question is about China's history.
Before the Tang Dynasty, there was a ""hooking game"" in Jingchu to pray for a good harvest. In the Tang Dynasty, it was called ""tug of war"" and became widely spread. Tang Xuanzong's poem ""Watching the Tug of War"" says: ""The strong men are always brave, pulling the hooks against the long river. If you want to practice heroic spirit, you must know that there are many wins and losses... Anticipate a good year, and enjoy the peace of time first."" Based on this, we can know that in the Tang Dynasty
A. masculinity and strength were respected
B. The concept of combining farming and fighting was deeply rooted in the hearts of the people
C. Jiangnan culture became the mainstream
D. Poetry mainly describes court life"
618,1981年中共中央27号文件指出，经济特区的“特”主要在于实行国家规定的特殊经济政策和特殊经济管理体制，它主要包括：a较大的经济管理权限；b独立的管理体制；c社会主义经济领导下的多种经济成分并存；d市场调节为主,abd,acd,bcd,abc,B,"A. abd
B. acd
C. bcd
D. abc","下一个问题是关于中国的历史。
1981年中共中央27号文件指出，经济特区的“特”主要在于实行国家规定的特殊经济政策和特殊经济管理体制，它主要包括：a较大的经济管理权限；b独立的管理体制；c社会主义经济领导下的多种经济成分并存；d市场调节为主
A. abd
B. acd
C. bcd
D. abc","The next question is about China's history.
Document No. 27 of the CPC Central Committee in 1981 pointed out that the “special” of special economic zones lies mainly in the implementation of special economic policies and special economic management systems stipulated by the state, which mainly include: a. greater economic management authority; b. independent management system; c. coexistence of multiple economic elements under the leadership of socialist economy; d. market regulation as the main method
A. abd
B. acd
C. bcd
D. abc"
619,17世纪来华传教士曾将《论语》《大学》等译为拉丁文在欧洲出版，19世纪中期传教士理雅各又将多部儒家经典译成英文，在西方引起轰动。这表明,儒家思想推动了西方政治革命,儒家思想被西方学者普遍接受,中国传统文化在西方引起关注,中西文化交流限于传教士之间,C,"A. 儒家思想推动了西方政治革命
B. 儒家思想被西方学者普遍接受
C. 中国传统文化在西方引起关注
D. 中西文化交流限于传教士之间","下一个问题是关于中国的历史。
17世纪来华传教士曾将《论语》《大学》等译为拉丁文在欧洲出版，19世纪中期传教士理雅各又将多部儒家经典译成英文，在西方引起轰动。这表明
A. 儒家思想推动了西方政治革命
B. 儒家思想被西方学者普遍接受
C. 中国传统文化在西方引起关注
D. 中西文化交流限于传教士之间","The next question is about China's history.
In the 17th century, missionaries who came to China translated ""The Analects"" and ""The Great Learning"" into Latin and published them in Europe. In the mid-19th century, missionary James Legge translated many Confucian classics into English, which caused a sensation in the West. This shows that
A. Confucianism promoted the Western political revolution
B. Confucianism was generally accepted by Western scholars
C. Chinese traditional culture attracted attention in the West
D. Cultural exchanges between China and the West were limited to missionaries"
620,1984年1月，中国汽车的第一个中外合资企业——北京吉普汽车有限公司诞生。次年，中德合资轿车生产企业——上海大众汽车有限公司成立。中国汽车工业很快就进入了第一轮的合资高潮。这些合资汽车企业的出现反映了中国,市场经济体系形成新,独立工业体系形成,经济改革不断深化,改革开放拉开了序幕,C,"A. 市场经济体系形成新
B. 独立工业体系形成
C. 经济改革不断深化
D. 改革开放拉开了序幕","下一个问题是关于中国的历史。
1984年1月，中国汽车的第一个中外合资企业——北京吉普汽车有限公司诞生。次年，中德合资轿车生产企业——上海大众汽车有限公司成立。中国汽车工业很快就进入了第一轮的合资高潮。这些合资汽车企业的出现反映了中国
A. 市场经济体系形成新
B. 独立工业体系形成
C. 经济改革不断深化
D. 改革开放拉开了序幕","The next question is about China's history.
In January 1984, the first Sino-foreign joint venture in China's automobile industry, Beijing Jeep Automobile Co., Ltd., was established. The following year, the Sino-German joint venture car manufacturer, Shanghai Volkswagen Automotive Co., Ltd., was established. China's automobile industry soon entered the first round of joint venture climax. The emergence of these joint venture automobile companies reflects China's
A. The formation of a new market economic system
B. The formation of an independent industrial system
C. The deepening of economic reform
D. The beginning of reform and opening up"
621,1979—1981年，中国减少粮食播种面积5000万亩，有计划地扩大了经济作物的种植面积，在有条件的地方还开始逐步退耕还林还收，鼓励农村在经济合理原则下举办社队企业。这些政策,健全了市场经济体制,加快了私营企业发展,推动了农村经济结构的调整,完善了家庭联产承包责任制,C,"A. 健全了市场经济体制
B. 加快了私营企业发展
C. 推动了农村经济结构的调整
D. 完善了家庭联产承包责任制","下一个问题是关于中国的历史。
1979—1981年，中国减少粮食播种面积5000万亩，有计划地扩大了经济作物的种植面积，在有条件的地方还开始逐步退耕还林还收，鼓励农村在经济合理原则下举办社队企业。这些政策
A. 健全了市场经济体制
B. 加快了私营企业发展
C. 推动了农村经济结构的调整
D. 完善了家庭联产承包责任制","The next question is about China's history.
From 1979 to 1981, China reduced grain planting area by 50 million mu, expanded cash crop planting area in a planned manner, and began to gradually return farmland to forest and harvest in places with conditions, encouraging rural communities to set up enterprises under the principle of economic rationality. These policies
A. Improved the market economy system
B. Accelerated the development of private enterprises
C. Promoted the adjustment of rural economic structure
D. Improved the household contract responsibility system"
622,有学者认为，中国的瓷器(china)深受世界人民喜爱，所以，中国被称为China。更有学者指出，China是“秦”的音变(Qin→Chin－a)。解决这个问题的关键是,利用计算机等先进科技手段，进行广泛调查，得出科学结论,调查中外著名历史学家意见，用民主方式解决这一学术问题,在考古学上取得突破，找到有说服力的证据,弄清最早用China称呼中国者先获悉了“秦”还是“瓷”的信息,D,"A. 利用计算机等先进科技手段，进行广泛调查，得出科学结论
B. 调查中外著名历史学家意见，用民主方式解决这一学术问题
C. 在考古学上取得突破，找到有说服力的证据
D. 弄清最早用China称呼中国者先获悉了“秦”还是“瓷”的信息","下一个问题是关于中国的历史。
有学者认为，中国的瓷器(china)深受世界人民喜爱，所以，中国被称为China。更有学者指出，China是“秦”的音变(Qin→Chin－a)。解决这个问题的关键是
A. 利用计算机等先进科技手段，进行广泛调查，得出科学结论
B. 调查中外著名历史学家意见，用民主方式解决这一学术问题
C. 在考古学上取得突破，找到有说服力的证据
D. 弄清最早用China称呼中国者先获悉了“秦”还是“瓷”的信息","The next question is about China's history.
Some scholars believe that Chinese porcelain (china) is loved by people all over the world, so China is called China. Some scholars also pointed out that China is the sound change of ""Qin"" (Qin→Chin-a). The key to solving this problem is
A. Use advanced scientific and technological means such as computers to conduct extensive investigations and draw scientific conclusions
B. Investigate the opinions of famous Chinese and foreign historians and solve this academic problem in a democratic way
C. Make a breakthrough in archaeology and find convincing evidence
D. Find out whether the first person who called China ""China"" first learned about ""Qin"" or ""porcelain"""
623,唐代某诏令批评当时存在“恣行吞并，莫惧章程”和“口分永业（国家授予的田地），违法卖买”的现象。这表明当时,“市”突破空间限制,井田制瓦解,均田制受到破坏,分封制恢复,C,"A. “市”突破空间限制
B. 井田制瓦解
C. 均田制受到破坏
D. 分封制恢复","下一个问题是关于中国的历史。
唐代某诏令批评当时存在“恣行吞并，莫惧章程”和“口分永业（国家授予的田地），违法卖买”的现象。这表明当时
A. “市”突破空间限制
B. 井田制瓦解
C. 均田制受到破坏
D. 分封制恢复","The next question is about China's history.
A certain imperial edict in the Tang Dynasty criticized the phenomenon of ""arbitrary annexation without fear of regulations"" and ""illegal sale and purchase of land granted by the state"". This shows that at that time
A. ""Market"" broke through the spatial limit
B. The well-field system collapsed
C. The equal-field system was destroyed
D. The feudal system was restored"
624,1919年7月，进步报刊《每周评论》提出：“真正的解放，不是央求人家网开一面……是要靠自己的努力，把他打破，从黑暗的牢狱中，打出一道光明来。同一时期的《南开日刊》宣称：“只要有干涉政治的决心，不怕政府不顺从民意。”这表明当时,广大民众开始拥有决定国家政策的权力,知识阶层具有参与政府管理的意识,进步知识分子对社会变革方式有了新认识,与克思主义在中国得到广泛深入的传播,C,"A. 广大民众开始拥有决定国家政策的权力
B. 知识阶层具有参与政府管理的意识
C. 进步知识分子对社会变革方式有了新认识
D. 与克思主义在中国得到广泛深入的传播","下一个问题是关于中国的历史。
1919年7月，进步报刊《每周评论》提出：“真正的解放，不是央求人家网开一面……是要靠自己的努力，把他打破，从黑暗的牢狱中，打出一道光明来。同一时期的《南开日刊》宣称：“只要有干涉政治的决心，不怕政府不顺从民意。”这表明当时
A. 广大民众开始拥有决定国家政策的权力
B. 知识阶层具有参与政府管理的意识
C. 进步知识分子对社会变革方式有了新认识
D. 与克思主义在中国得到广泛深入的传播","The next question is about China's history.
In July 1919, the progressive newspaper ""Weekly Review"" proposed: ""True liberation is not to beg others for leniency... It is to rely on one's own efforts to break it and create a ray of light from the dark prison. The ""Nankai Daily"" of the same period declared: ""As long as there is a determination to interfere in politics, there is no need to worry about the government not obeying public opinion."" This shows that at that time
A. The general public began to have the power to decide national policies
B. The intellectual class had the awareness of participating in government management
C. Progressive intellectuals had a new understanding of the way of social change
D. Marxism was widely and deeply spread in China"
625,19世纪70年代初，生丝、茶叶合计占中国贸易出口总值的近90％，1900年降至38％左右，20世纪初年中国已失去主要丝茶输出国的地位。导致这种现象的主要原因是,中国小农经济的瓦解,中国丝茶竞争力减弱,请政府的重农抑商政策,中国产业结构的变化,B,"A. 中国小农经济的瓦解
B. 中国丝茶竞争力减弱
C. 请政府的重农抑商政策
D. 中国产业结构的变化","下一个问题是关于中国的历史。
19世纪70年代初，生丝、茶叶合计占中国贸易出口总值的近90％，1900年降至38％左右，20世纪初年中国已失去主要丝茶输出国的地位。导致这种现象的主要原因是
A. 中国小农经济的瓦解
B. 中国丝茶竞争力减弱
C. 请政府的重农抑商政策
D. 中国产业结构的变化","The next question is about China's history.
In the early 1870s, raw silk and tea together accounted for nearly 90% of China's total trade exports, which dropped to about 38% in 1900. In the early 20th century, China had lost its status as a major silk and tea exporter. The main reasons for this phenomenon are:
A. The collapse of China's small peasant economy
B. The weakening competitiveness of China's silk and tea
C. The government's policy of emphasizing agriculture and suppressing commerce
D. Changes in China's industrial structure"
626,“这些哲人（指启蒙思想家）受被牛顿证实的万有引力定律的影响很大，相信存在着不仅控制物质世界、而且控制人类社会的自然法则。”该论述反映了科学,改变了人类的宗教信仰,影响了人类的思想观念,提升了人类的物质生活,摆脱了宗教神学的束缚,B,"A. 改变了人类的宗教信仰
B. 影响了人类的思想观念
C. 提升了人类的物质生活
D. 摆脱了宗教神学的束缚","下一个问题是关于中国的历史。
“这些哲人（指启蒙思想家）受被牛顿证实的万有引力定律的影响很大，相信存在着不仅控制物质世界、而且控制人类社会的自然法则。”该论述反映了科学
A. 改变了人类的宗教信仰
B. 影响了人类的思想观念
C. 提升了人类的物质生活
D. 摆脱了宗教神学的束缚","The next question is about China's history.
""These philosophers (referring to Enlightenment thinkers) were greatly influenced by the law of universal gravitation confirmed by Newton, and believed that there were natural laws that governed not only the material world but also human society."" This statement reflects that science
A. changed human religious beliefs
B. influenced human ideas
C. improved human material life
D. got rid of the shackles of religious theology"
627,唐太宗对南朝后期竞相模仿萧子云书法的风气表示不屑，认为其“仅得成书，无丈夫之气”，只有王羲之的书法才“尽善尽美”，于是连西州（今吐鲁番）幼童习字的范本都是王羲之书帖。王羲之在中国书法史地位的确立，是因为,皇帝好恶决定社会对艺术的评判,王羲之的艺术成就不可超越,朝代更替影响艺术评判标准,艺术水平与时代选择的共同作用,D,"A. 皇帝好恶决定社会对艺术的评判
B. 王羲之的艺术成就不可超越
C. 朝代更替影响艺术评判标准
D. 艺术水平与时代选择的共同作用","下一个问题是关于中国的历史。
唐太宗对南朝后期竞相模仿萧子云书法的风气表示不屑，认为其“仅得成书，无丈夫之气”，只有王羲之的书法才“尽善尽美”，于是连西州（今吐鲁番）幼童习字的范本都是王羲之书帖。王羲之在中国书法史地位的确立，是因为
A. 皇帝好恶决定社会对艺术的评判
B. 王羲之的艺术成就不可超越
C. 朝代更替影响艺术评判标准
D. 艺术水平与时代选择的共同作用","The next question is about China's history.
Emperor Taizong of Tang Dynasty expressed disdain for the trend of imitating Xiao Ziyun's calligraphy in the late Southern Dynasties, believing that it was ""only a book without a manly spirit"", and only Wang Xizhi's calligraphy was ""perfect"", so even the model for children in Xizhou (now Turpan) to learn calligraphy was Wang Xizhi's calligraphy. Wang Xizhi's status in the history of Chinese calligraphy was established because
A. The emperor's likes and dislikes determined the society's judgment of art
B. Wang Xizhi's artistic achievements cannot be surpassed
C. The change of dynasties affected the standard of artistic judgment
D. The joint effect of artistic level and the choice of the times"
628,北京大学教授袁刚说：“思想市场指的是思想有自由表达的环境。”在我国历史上曾出现过“思想市场”的时期有：a春秋战国时代；b秦汉时期；c明清时期；d民国初年五四时期,cd,ab,bc,ad,D,"A. cd
B. ab
C. bc
D. ad","下一个问题是关于中国的历史。
北京大学教授袁刚说：“思想市场指的是思想有自由表达的环境。”在我国历史上曾出现过“思想市场”的时期有：a春秋战国时代；b秦汉时期；c明清时期；d民国初年五四时期
A. cd
B. ab
C. bc
D. ad","The next question is about China's history.
Yuan Gang, a professor at Peking University, said: ""The thought market refers to an environment where thoughts can be expressed freely."" In the history of our country, the periods when the ""thought market"" appeared were: a. Spring and Autumn Period and Warring States Period; b. Qin and Han Dynasty; c. Ming and Qing Dynasty; d. May Fourth Period in the early years of the Republic of China
A. cd
B. ab
C. bc
D. ad"
629,《秦律》细密严苛，实行“轻罪重罚”；古罗马《民法大全》规定：“……不得基于怀疑而惩罚任何人。……与其判处无罪之人，不如容许罪犯逃脱惩罚。”这表明二,立法的目的一致,立法理念不同,都是维护封建王朝的工具,都违背了公平公开公正的原则,B,"A. 立法的目的一致
B. 立法理念不同
C. 都是维护封建王朝的工具
D. 都违背了公平公开公正的原则","下一个问题是关于中国的历史。
《秦律》细密严苛，实行“轻罪重罚”；古罗马《民法大全》规定：“……不得基于怀疑而惩罚任何人。……与其判处无罪之人，不如容许罪犯逃脱惩罚。”这表明二
A. 立法的目的一致
B. 立法理念不同
C. 都是维护封建王朝的工具
D. 都违背了公平公开公正的原则","The next question is about China's history.
The Qin Law is detailed and strict, and implements ""heavy punishment for minor crimes""; the ancient Roman ""Corpus Civilis"" stipulates: ""... No one shall be punished on suspicion. ... It is better to allow a criminal to escape punishment than to sentence an innocent person."" This shows that the two
A. The purpose of legislation is the same
B. The legislative concept is different
C. Both are tools to maintain the feudal dynasty
D. Both violate the principle of fairness, openness and justice"
630,在二战后非殖民化的浪潮中，亚非拉地区出现了一批新兴的民族国家。中国共产党认为这是对新中国“有利的局势”。基于此判断，新中国,倡导和平共处五项原则,提出“另起炉灶”方针,坚持“打扫干净屋子再请客”方针,放弃“一边倒”政策,A,"A. 倡导和平共处五项原则
B. 提出“另起炉灶”方针
C. 坚持“打扫干净屋子再请客”方针
D. 放弃“一边倒”政策","下一个问题是关于中国的历史。
在二战后非殖民化的浪潮中，亚非拉地区出现了一批新兴的民族国家。中国共产党认为这是对新中国“有利的局势”。基于此判断，新中国
A. 倡导和平共处五项原则
B. 提出“另起炉灶”方针
C. 坚持“打扫干净屋子再请客”方针
D. 放弃“一边倒”政策","The next question is about China's history.
In the wave of decolonization after World War II, a group of emerging nation-states emerged in Asia, Africa and Latin America. The Communist Party of China believed that this was a ""favorable situation"" for the new China. Based on this judgment, the new China
A. advocated the Five Principles of Peaceful Coexistence
B. proposed the policy of ""starting anew""
C. adhered to the policy of ""cleaning up the house before inviting guests""
D. abandoned the policy of ""leaning to one side"""
631,“中华民国之主权，属于国民全体。”《中华民国临时约法》这一内容从根本上颠覆了下面哪种观念,天下之治乱，不在一姓之兴亡，而在万民之忧乐,水能载舟，亦能覆舟,得民心者得天下，失民心者失天下,普天之下，莫非王土；率土之滨，莫非王臣,D,"A. 天下之治乱，不在一姓之兴亡，而在万民之忧乐
B. 水能载舟，亦能覆舟
C. 得民心者得天下，失民心者失天下
D. 普天之下，莫非王土；率土之滨，莫非王臣","下一个问题是关于中国的历史。
“中华民国之主权，属于国民全体。”《中华民国临时约法》这一内容从根本上颠覆了下面哪种观念
A. 天下之治乱，不在一姓之兴亡，而在万民之忧乐
B. 水能载舟，亦能覆舟
C. 得民心者得天下，失民心者失天下
D. 普天之下，莫非王土；率土之滨，莫非王臣","The next question is about China's history.
""The sovereignty of the Republic of China belongs to all citizens."" This content of the Provisional Constitution of the Republic of China fundamentally subverts which of the following concepts
A. The order and chaos of the world do not depend on the rise and fall of one family, but on the happiness and sorrow of all people
B. Water can carry a boat, but it can also overturn it
C. He who wins the hearts of the people wins the world, and he who loses the hearts of the people loses the world
D. All under heaven is the king's land; all the people are the king's subjects"
632,《纽约时报》某驻华记者在回忆录中述及“广州聘请苏联顾问”“武汉群众集会庆祝胜利”“上海的英、美、日租界忙着增兵助防”“攻克南京”“北京周边战事连连”等。这些情形出现于,五四运动时期,国民革命时期,辛亥革命时期,全面抗战时期,B,"A. 五四运动时期
B. 国民革命时期
C. 辛亥革命时期
D. 全面抗战时期","下一个问题是关于中国的历史。
《纽约时报》某驻华记者在回忆录中述及“广州聘请苏联顾问”“武汉群众集会庆祝胜利”“上海的英、美、日租界忙着增兵助防”“攻克南京”“北京周边战事连连”等。这些情形出现于
A. 五四运动时期
B. 国民革命时期
C. 辛亥革命时期
D. 全面抗战时期","The next question is about China's history.
A New York Times correspondent in China mentioned in his memoirs that ""Guangzhou hired Soviet advisers"", ""Wuhan masses held a rally to celebrate victory"", ""British, American and Japanese concessions in Shanghai were busy increasing troops to help defend"", ""Nanjing was captured"", and ""war broke out around Beijing"". These situations occurred during
A. The May Fourth Movement
B. The National Revolution
C. The Xinhai Revolution
D. The All-out War of Resistance"
633,一个历史事实可以由若干事件构成，事件又可以由若干小事件构成，由此可以排出一系列事件的等级或层次。下列选项符合上述说法的是,罗斯福新政——《全国工业复兴法》——《社会保险法>>,科学社会主义诞生——十月革命——社会主义思潮,凡尔赛—华盛顿体系——华盛顿会议——《四国条约>>,第二次世界大战——德国突袭波兰——德国投降,C,"A. 罗斯福新政——《全国工业复兴法》——《社会保险法>>
B. 科学社会主义诞生——十月革命——社会主义思潮
C. 凡尔赛—华盛顿体系——华盛顿会议——《四国条约>>
D. 第二次世界大战——德国突袭波兰——德国投降","下一个问题是关于中国的历史。
一个历史事实可以由若干事件构成，事件又可以由若干小事件构成，由此可以排出一系列事件的等级或层次。下列选项符合上述说法的是
A. 罗斯福新政——《全国工业复兴法》——《社会保险法>>
B. 科学社会主义诞生——十月革命——社会主义思潮
C. 凡尔赛—华盛顿体系——华盛顿会议——《四国条约>>
D. 第二次世界大战——德国突袭波兰——德国投降","The next question is about China's history.
A historical fact can be composed of several events, and an event can be composed of several small events, which can be used to rank a series of events. The following options are consistent with the above statement
A. Roosevelt's New Deal - ""National Industrial Recovery Act"" - ""Social Insurance Act>>
B. The birth of scientific socialism - October Revolution - socialist thought
C. Versailles-Washington system - Washington Conference - ""Four-Power Treaty>>
D. World War II - Germany raided Poland - Germany surrendered"
634,中国古代某一时期，朝廷与地方矛盾尖锐。某节度使派人到中书省办事，因其态度恶劣，遭宰相武元衡呵斥。不久，武元衡在靖安坊的东门被该节度使派人刺杀。此事发生在,唐长安,元大都,宋汴梁,汉长安,A,"A. 唐长安
B. 元大都
C. 宋汴梁
D. 汉长安","下一个问题是关于中国的历史。
中国古代某一时期，朝廷与地方矛盾尖锐。某节度使派人到中书省办事，因其态度恶劣，遭宰相武元衡呵斥。不久，武元衡在靖安坊的东门被该节度使派人刺杀。此事发生在
A. 唐长安
B. 元大都
C. 宋汴梁
D. 汉长安","The next question is about China's history.
At a certain period in ancient China, the court and the local government had sharp conflicts. A certain Jiedushi sent someone to the Zhongshu Province to do business. Because of his bad attitude, he was scolded by the prime minister Wu Yuanheng. Soon, Wu Yuanheng was assassinated by the Jiedushi at the east gate of Jing'anfang. This happened in
A. Tang Chang'an
B. Yuan Dadu
C. Song Bianliang
D. Han Chang'an"
635,“教民亲爱，莫善于孝；教民礼顺，莫善于悌；移风易俗，莫善于乐；安上治民，莫善于礼。”这一思想产生的制度渊源是,察举制,郡县制,宗法制,禅让制,C,"A. 察举制
B. 郡县制
C. 宗法制
D. 禅让制","下一个问题是关于中国的历史。
“教民亲爱，莫善于孝；教民礼顺，莫善于悌；移风易俗，莫善于乐；安上治民，莫善于礼。”这一思想产生的制度渊源是
A. 察举制
B. 郡县制
C. 宗法制
D. 禅让制","The next question is about China's history.
""To teach people to love each other, nothing is better than filial piety; to teach people to be polite, nothing is better than brotherly love; to change customs and habits, nothing is better than music; to stabilize the country and govern the people, nothing is better than courtesy."" The institutional source of this idea is 
A. Recommendation system
B. County system
C. Patriarchal system
D. Abdication system"
636,“在广州，外人也是不自由的，夏秋两季是买卖季，他）这表明清政府,严格限制对外交往,重视维护外商利益,加强沿海军事防御,禁止外国商人来华,A,"A. 严格限制对外交往
B. 重视维护外商利益
C. 加强沿海军事防御
D. 禁止外国商人来华","下一个问题是关于中国的历史。
“在广州，外人也是不自由的，夏秋两季是买卖季，他）这表明清政府
A. 严格限制对外交往
B. 重视维护外商利益
C. 加强沿海军事防御
D. 禁止外国商人来华","The next question is about China's history.
""In Guangzhou, foreigners are not free either. Summer and autumn are the seasons for buying and selling. This shows that the Qing government
A. strictly restricted foreign exchanges
B. attached importance to safeguarding the interests of foreign merchants
C. strengthened coastal military defense
D. prohibited foreign merchants from coming to China"
637,1903年，张之洞等拟《奏定学堂章程》，其中规定禁止使用“团体”“膨胀”“舞台”“影响”“组织”“运动”“报告”“观念”等新名称，其根本目的在于,维护传统的意识形态,反对向西方学习,抵制维新思想的传播,保证民族语言的纯洁性,A,"A. 维护传统的意识形态
B. 反对向西方学习
C. 抵制维新思想的传播
D. 保证民族语言的纯洁性","下一个问题是关于中国的历史。
1903年，张之洞等拟《奏定学堂章程》，其中规定禁止使用“团体”“膨胀”“舞台”“影响”“组织”“运动”“报告”“观念”等新名称，其根本目的在于
A. 维护传统的意识形态
B. 反对向西方学习
C. 抵制维新思想的传播
D. 保证民族语言的纯洁性","The next question is about China's history.
In 1903, Zhang Zhidong and others drafted the ""School Regulations"", which prohibited the use of new names such as ""group"", ""expansion"", ""stage"", ""influence"", ""organization"", ""movement"", ""report"", and ""concept"". Its fundamental purpose was to 
A. maintain traditional ideology
B. oppose learning from the West
C. resist the spread of reformist ideas
D. ensure the purity of the national language"
638,下列选项中体现“中体西用”思想的是,吾人承孟荀传统之后，更兼收并蓄西方两派学说，不必借甲以排乙，或借乙以排甲,形而上者中国也，以道胜；形而下者西人也，以器胜,吾人倘以新输入之欧化为是，则不得不以旧有之孔教为非,所谓造成新文化，融合东西两大文明之奇功，或可企致,B,"A. 吾人承孟荀传统之后，更兼收并蓄西方两派学说，不必借甲以排乙，或借乙以排甲
B. 形而上者中国也，以道胜；形而下者西人也，以器胜
C. 吾人倘以新输入之欧化为是，则不得不以旧有之孔教为非
D. 所谓造成新文化，融合东西两大文明之奇功，或可企致","下一个问题是关于中国的历史。
下列选项中体现“中体西用”思想的是
A. 吾人承孟荀传统之后，更兼收并蓄西方两派学说，不必借甲以排乙，或借乙以排甲
B. 形而上者中国也，以道胜；形而下者西人也，以器胜
C. 吾人倘以新输入之欧化为是，则不得不以旧有之孔教为非
D. 所谓造成新文化，融合东西两大文明之奇功，或可企致","The next question is about China's history.
Which of the following options reflects the idea of ""Chinese learning for substance and Western learning for practical use""?
A. After inheriting the tradition of Mencius and Xunzi, we have also absorbed both Western theories. We do not need to use A to exclude B, or use B to exclude A.
B. The metaphysical is Chinese, and it excels in Taoism; the physical is Western, and it excels in tools.
C. If we regard the newly imported Europeanization as right, we have to regard the old Confucianism as wrong.
D. The so-called creation of a new culture and the great achievement of integrating the two great civilizations of the East and the West may be achieved."
639,王家范、谢天佑先生曾经精辟地指出：“小农经济一锄、一镰（或者再加上一犁，不是家家都有畜力，那就用人力拉犁）、一个主要劳力加上一些辅助劳力，一旦和土地结合，就可以到处组织起简单再生产。”对这段话最正确的理解是,小农经济非常脆弱,小农经济只需要一些简单的劳动工具,小农经济具有稳定性,小农经济具有顽强的生命力,D,"A. 小农经济非常脆弱
B. 小农经济只需要一些简单的劳动工具
C. 小农经济具有稳定性
D. 小农经济具有顽强的生命力","下一个问题是关于中国的历史。
王家范、谢天佑先生曾经精辟地指出：“小农经济一锄、一镰（或者再加上一犁，不是家家都有畜力，那就用人力拉犁）、一个主要劳力加上一些辅助劳力，一旦和土地结合，就可以到处组织起简单再生产。”对这段话最正确的理解是
A. 小农经济非常脆弱
B. 小农经济只需要一些简单的劳动工具
C. 小农经济具有稳定性
D. 小农经济具有顽强的生命力","The next question is about China's history.
Mr. Wang Jiafan and Mr. Xie Tianyou once pointed out brilliantly: ""A small peasant economy can organize simple reproduction everywhere with a hoe, a sickle (or a plow, if not every family has animal power, then use human power to pull the plow), a main laborer and some auxiliary laborers, once combined with the land."" The most correct understanding of this passage is
A. The small peasant economy is very fragile
B. The small peasant economy only needs some simple labor tools
C. The small peasant economy is stable
D. The small peasant economy has tenacious vitality"
640,南宋的乾道年间，岳麓书院达到鼎盛时期。书院的指导思想是反对科举利禄之学、培养传道济民的人才。在教学方面，提出“循序渐进”，“学思并进”、“慎思审择”等原则，由此可知,该书院的理念倾向朱熹的理学,该书院的宗旨有与朝廷对抗的内容,该书院的教学方法完全独创,该书院受陆九渊的影响最大,A,"A. 该书院的理念倾向朱熹的理学
B. 该书院的宗旨有与朝廷对抗的内容
C. 该书院的教学方法完全独创
D. 该书院受陆九渊的影响最大","下一个问题是关于中国的历史。
南宋的乾道年间，岳麓书院达到鼎盛时期。书院的指导思想是反对科举利禄之学、培养传道济民的人才。在教学方面，提出“循序渐进”，“学思并进”、“慎思审择”等原则，由此可知
A. 该书院的理念倾向朱熹的理学
B. 该书院的宗旨有与朝廷对抗的内容
C. 该书院的教学方法完全独创
D. 该书院受陆九渊的影响最大","The next question is about China's history.
During the Qiandao period of the Southern Song Dynasty, Yuelu Academy reached its peak. The guiding ideology of the academy was to oppose the study of imperial examinations and cultivate talents who could preach and benefit the people. In terms of teaching, it proposed the principles of ""gradual progress"", ""learning and thinking at the same time"", and ""careful thinking and selection"". From this, we can know that
A. The philosophy of the academy tends to Zhu Xi's Neo-Confucianism
B. The purpose of the academy includes content to confront the court
C. The teaching method of the academy is completely original
D. The academy was most influenced by Lu Jiuyuan"
641,明末思想家李贽是一位狂狷之士:他剃光头发留着长须，“儒帽裹僧头”，穿着亦僧亦儒的怪异服装;他讲学传道，却收女弟子。由此可见，李贽,力图冲破封建传统的束缚,致力于儒学和佛教的融合,渴望得到超然物外的自由,认可明代妇女地位的变化,A,"A. 力图冲破封建传统的束缚
B. 致力于儒学和佛教的融合
C. 渴望得到超然物外的自由
D. 认可明代妇女地位的变化","下一个问题是关于中国的历史。
明末思想家李贽是一位狂狷之士:他剃光头发留着长须，“儒帽裹僧头”，穿着亦僧亦儒的怪异服装;他讲学传道，却收女弟子。由此可见，李贽
A. 力图冲破封建传统的束缚
B. 致力于儒学和佛教的融合
C. 渴望得到超然物外的自由
D. 认可明代妇女地位的变化","The next question is about China's history.
Li Zhi, a thinker in the late Ming Dynasty, was an eccentric person: he shaved his head and grew a long beard, and wore a strange outfit that made him look like a monk and a Confucian. He taught and preached, but accepted female disciples. It can be seen that Li Zhi
A. tried to break through the shackles of feudal tradition
B. was committed to the integration of Confucianism and Buddhism
C. longed for freedom from the world
D. recognized the changes in the status of women in the Ming Dynasty"
642,战国时期各诸侯国对于官吏的任用，一般都以俸禄制度代替过去的食邑制度。俸禄制度的实行在当时的主要作用是,有利于国家选拔人才,推动了商品经济发展,肯定了郡县制进步性,促进了分封制的瓦解,D,"A. 有利于国家选拔人才
B. 推动了商品经济发展
C. 肯定了郡县制进步性
D. 促进了分封制的瓦解","下一个问题是关于中国的历史。
战国时期各诸侯国对于官吏的任用，一般都以俸禄制度代替过去的食邑制度。俸禄制度的实行在当时的主要作用是
A. 有利于国家选拔人才
B. 推动了商品经济发展
C. 肯定了郡县制进步性
D. 促进了分封制的瓦解","The next question is about China's history.
During the Warring States Period, the various vassal states generally replaced the previous fief system with a salary system for the appointment of officials. The main role of the implementation of the salary system at that time was
A. It was conducive to the country's selection of talents
B. It promoted the development of the commodity economy
C. It affirmed the progressiveness of the county system
D. It promoted the disintegration of the feudal system"
643,1987年，台湾民众发起返乡运动，印发《我们已沉默了四十年》的传单30万份。传单写道：“难道我们没有父母？而我们的父母是生是死不得而知，我们只要求：‘生’则让我们回去奉上一杯茶；‘死’则让我们回去献上一炷香。”这一潮流促成了,“和平统一”口号的提出,两岸隔绝状态的打破,海峡两岸“三通”的开展,“九二共识”的达成,B,"A. “和平统一”口号的提出
B. 两岸隔绝状态的打破
C. 海峡两岸“三通”的开展
D. “九二共识”的达成","下一个问题是关于中国的历史。
1987年，台湾民众发起返乡运动，印发《我们已沉默了四十年》的传单30万份。传单写道：“难道我们没有父母？而我们的父母是生是死不得而知，我们只要求：‘生’则让我们回去奉上一杯茶；‘死’则让我们回去献上一炷香。”这一潮流促成了
A. “和平统一”口号的提出
B. 两岸隔绝状态的打破
C. 海峡两岸“三通”的开展
D. “九二共识”的达成","The next question is about China's history.
In 1987, Taiwanese people launched a campaign to return home, printing and distributing 300,000 leaflets titled ""We Have Been Silent for Forty Years."" The leaflet reads: ""Don't we have parents? We don't know whether our parents are alive or dead, we only ask: if they are alive, let us go back and offer them a cup of tea; if they are dead, let us go back and offer them a stick of incense."" This trend led to
A. the slogan of ""peaceful reunification""
B. the breaking of the isolation between the two sides of the Taiwan Strait
C. the development of the ""three links"" across the Taiwan Strait
D. the achievement of the ""1992 Consensus"""
644,“在濯濯的北方山岭，在桑麻茂密的长江原野，在华南的稻田和多雨的山岭中，整个民族武装起来，已有着统一的指挥了”。它描绘的是,各解放区连成一片，全国解放指日可待,中华民族团结御侮，抗日卫国,工农兵联合，打倒列强除军阀,打土豪分田地，井冈星火成燎原之势,B,"A. 各解放区连成一片，全国解放指日可待
B. 中华民族团结御侮，抗日卫国
C. 工农兵联合，打倒列强除军阀
D. 打土豪分田地，井冈星火成燎原之势","下一个问题是关于中国的历史。
“在濯濯的北方山岭，在桑麻茂密的长江原野，在华南的稻田和多雨的山岭中，整个民族武装起来，已有着统一的指挥了”。它描绘的是
A. 各解放区连成一片，全国解放指日可待
B. 中华民族团结御侮，抗日卫国
C. 工农兵联合，打倒列强除军阀
D. 打土豪分田地，井冈星火成燎原之势","The next question is about China's history.
""In the clean northern mountains, in the lush Yangtze River plains, in the rice fields and rainy mountains of South China, the entire nation is armed and has a unified command."" It depicts
A. The various liberated areas are connected, and national liberation is just around the corner
B. The Chinese nation unites to resist aggression and defend the country against Japan
C. Workers, peasants and soldiers unite to overthrow the powers and eliminate warlords
D. Fight the local tyrants and divide the land, and the spark of Jinggangshan has become a prairie fire"
645,光绪《大清会典》载:“谕军机大臣行者，既述，则封寄焉。凡有旨存记者，皆书于册而藏之，届时则提奏。议大政，谳(审)大狱，得旨则与。材料说明军机处,地处内廷，专管军务,参与政务，秉旨办事,专理刑狱，职能单,设有官衙，机构完,B,"A. 地处内廷，专管军务
B. 参与政务，秉旨办事
C. 专理刑狱，职能单
D. 设有官衙，机构完","下一个问题是关于中国的历史。
光绪《大清会典》载:“谕军机大臣行者，既述，则封寄焉。凡有旨存记者，皆书于册而藏之，届时则提奏。议大政，谳(审)大狱，得旨则与。材料说明军机处
A. 地处内廷，专管军务
B. 参与政务，秉旨办事
C. 专理刑狱，职能单
D. 设有官衙，机构完","The next question is about China's history.
Guangxu's ""Da Qing Hui Dian"" states: ""The military ministers are instructed to carry out the mission, and after they have finished writing, they are sealed and sent here. All the imperial edicts are recorded in the book and stored, and they are reported when the time comes. They discuss major policies and judge major cases, and they will follow the imperial edict. Material description Military Affairs Office
A. Located in the inner court, specializing in military affairs
B. Participating in government affairs and doing things according to the imperial edict
C. Specializing in criminal justice, with a single function
D. Has an official office, and a complete organization"
646,1942年，中共中央规定：“一切尚未实行减租的地区，其租额照抗战前租额减低百分之二十五”“在游击区及敌占点线附近，可比二五减租还少一点，只减二成、一成五或一成。”这一规定旨在,削弱国民党在敌后的势力,打击封建地主经济,纠正王明“左”倾路线,加强各阶层的抗日大联台,D,"A. 削弱国民党在敌后的势力
B. 打击封建地主经济
C. 纠正王明“左”倾路线
D. 加强各阶层的抗日大联台","下一个问题是关于中国的历史。
1942年，中共中央规定：“一切尚未实行减租的地区，其租额照抗战前租额减低百分之二十五”“在游击区及敌占点线附近，可比二五减租还少一点，只减二成、一成五或一成。”这一规定旨在
A. 削弱国民党在敌后的势力
B. 打击封建地主经济
C. 纠正王明“左”倾路线
D. 加强各阶层的抗日大联台","The next question is about China's history.
In 1942, the CPC Central Committee stipulated that ""in all areas where rent reduction has not yet been implemented, the rent shall be reduced by 25% of the pre-war rent"" and ""in guerrilla areas and near enemy-occupied areas, the rent reduction may be slightly less than the 25% reduction, only 20%, 15% or 10%."" This regulation aims to
A. weaken the power of the Kuomintang behind enemy lines
B. strike at the feudal landlord economy
C. correct Wang Ming's ""left"" line
D. strengthen the anti-Japanese alliance of all classes"
647,19世纪中期以后，中国市场上的洋货日益增多，火柴、洋布等用品“虽穷乡僻壤，求之于市，必有所供”。这种状况表明,民众生活与世界市场联系日趋密切,中国市场由被动开放转为主动开放,商品经济基本取代自然经济,中国关税主权开始丧失,A,"A. 民众生活与世界市场联系日趋密切
B. 中国市场由被动开放转为主动开放
C. 商品经济基本取代自然经济
D. 中国关税主权开始丧失","下一个问题是关于中国的历史。
19世纪中期以后，中国市场上的洋货日益增多，火柴、洋布等用品“虽穷乡僻壤，求之于市，必有所供”。这种状况表明
A. 民众生活与世界市场联系日趋密切
B. 中国市场由被动开放转为主动开放
C. 商品经济基本取代自然经济
D. 中国关税主权开始丧失","The next question is about China's history.
After the mid-19th century, foreign goods became increasingly available in the Chinese market. Even in remote areas, matches, foreign cloth and other items were available in the market. This situation shows that
A. People's lives are becoming increasingly connected with the world market
B. China's market has shifted from passive opening to active opening
C. Commodity economy has basically replaced natural economy
D. China's tariff sovereignty has begun to be lost"
648,19世纪中期以后，中国市场上的洋货日益增多，火柴、洋布等日用品，“虽穷乡僻壤，求之于市，必有所供。”这种状况表明,中国关税主权开始丧失,中国市场由被动开放转为主动开放,商品经济基本取代自然经济,日常生活与世界市场联系日趋密切,D,"A. 中国关税主权开始丧失
B. 中国市场由被动开放转为主动开放
C. 商品经济基本取代自然经济
D. 日常生活与世界市场联系日趋密切","下一个问题是关于中国的历史。
19世纪中期以后，中国市场上的洋货日益增多，火柴、洋布等日用品，“虽穷乡僻壤，求之于市，必有所供。”这种状况表明
A. 中国关税主权开始丧失
B. 中国市场由被动开放转为主动开放
C. 商品经济基本取代自然经济
D. 日常生活与世界市场联系日趋密切","The next question is about China's history.
After the mid-19th century, foreign goods became increasingly available in the Chinese market. Daily necessities such as matches and foreign cloth were available in the market even in remote areas. This situation shows that
A. China began to lose its tariff sovereignty
B. China's market shifted from passive opening to active opening
C. Commodity economy basically replaced natural economy
D. Daily life became increasingly closely connected with the world market"
649,费孝通认为：正因为被礼治惯了，所以在乡土社会里，一说起讼师，大家会联想到挑拨是非之类的恶行。(辛亥革命后)讼师改称律师，打官司改称起诉，包揽是非改称法律顾问——这套名词的改变代表了社会性质的改变。这里所说的“社会性质的改变”是指,从旧民主主义社会到新民主主义社会,从宗法社会到官僚社会,从农业社会到工业社会,从人治社会到法治社会,D,"A. 从旧民主主义社会到新民主主义社会
B. 从宗法社会到官僚社会
C. 从农业社会到工业社会
D. 从人治社会到法治社会","下一个问题是关于中国的历史。
费孝通认为：正因为被礼治惯了，所以在乡土社会里，一说起讼师，大家会联想到挑拨是非之类的恶行。(辛亥革命后)讼师改称律师，打官司改称起诉，包揽是非改称法律顾问——这套名词的改变代表了社会性质的改变。这里所说的“社会性质的改变”是指
A. 从旧民主主义社会到新民主主义社会
B. 从宗法社会到官僚社会
C. 从农业社会到工业社会
D. 从人治社会到法治社会","The next question is about China's history.
Fei Xiaotong believes that: because people are used to being governed by rituals, in rural society, when people talk about lawyers, they will think of evil deeds such as stirring up trouble. (After the Revolution of 1911) lawyers were renamed lawyers, lawsuits were renamed prosecutions, and the name of the lawyer who took charge of right and wrong was renamed legal consultants. This change in terms represents a change in the nature of society. The ""change in the nature of society"" mentioned here refers to
A. From the old democratic society to the new democratic society
B. From the patriarchal society to the bureaucratic society
C. From the agricultural society to the industrial society
D. From the society ruled by man to the society ruled by law"
650,“从宋代起，棉花开始成为一种重要纺织原料……到了元代，丝、麻、棉鼎足而三，明代以后，棉花的重要性超过麻。”出现这些变化的前提条件是,棉花成为经济作物,政府的大力推广,棉纺织技术的改进,商品经济的发展,C,"A. 棉花成为经济作物
B. 政府的大力推广
C. 棉纺织技术的改进
D. 商品经济的发展","下一个问题是关于中国的历史。
“从宋代起，棉花开始成为一种重要纺织原料……到了元代，丝、麻、棉鼎足而三，明代以后，棉花的重要性超过麻。”出现这些变化的前提条件是
A. 棉花成为经济作物
B. 政府的大力推广
C. 棉纺织技术的改进
D. 商品经济的发展","The next question is about China's history.
""Since the Song Dynasty, cotton has become an important textile raw material... In the Yuan Dynasty, silk, linen and cotton became the three major textiles. After the Ming Dynasty, cotton became more important than linen."" The prerequisites for these changes are: 
A. Cotton became an economic crop 
B. The government's vigorous promotion 
C. The improvement of cotton textile technology 
D. The development of commodity economy"
651,公元前5世纪剧作家阿里斯托芬提到，雅典政府有时让行使警察职能的公共奴隶，用染成红色的绳子驱使公民去参加大会。若有人因此在衣服上留下红色痕迹，他将被处以罚款。这反映出当时的雅典,公民大会形同虚设,参政是公民的义务,民众失去政治热情,参政丧失民众信任,B,"A. 公民大会形同虚设
B. 参政是公民的义务
C. 民众失去政治热情
D. 参政丧失民众信任","下一个问题是关于中国的历史。
公元前5世纪剧作家阿里斯托芬提到，雅典政府有时让行使警察职能的公共奴隶，用染成红色的绳子驱使公民去参加大会。若有人因此在衣服上留下红色痕迹，他将被处以罚款。这反映出当时的雅典
A. 公民大会形同虚设
B. 参政是公民的义务
C. 民众失去政治热情
D. 参政丧失民众信任","The next question is about China's history.
Aristophanes, a playwright in the 5th century BC, mentioned that the Athenian government sometimes used public slaves who performed police functions to drive citizens to attend the assembly with red ropes. If someone left red marks on his clothes, he would be fined. This reflects that Athens at that time
A. The Citizen Assembly was in name only
B. Participation in politics was a citizen's obligation
C. The public lost their political enthusiasm
D. Participation in politics lost the public's trust"
652,中国古代书法在发展过程中形成了多种书体，属于国家强力推行的是,隶书,行书,楷书,小篆,D,"A. 隶书
B. 行书
C. 楷书
D. 小篆","下一个问题是关于中国的历史。
中国古代书法在发展过程中形成了多种书体，属于国家强力推行的是
A. 隶书
B. 行书
C. 楷书
D. 小篆","The next question is about China's history.
Ancient Chinese calligraphy has developed into many different scripts during its development. The one that is strongly promoted by the state is
A. Lishu
B. Xingshu
C. Kaishu
D. Xiaozhuan"
653,“史实”“史论”“史识”是构成史学的三大要素。史实即历史事实；史论即对历史事件和历史人物的评论；史识即是以科学的史观作指导，分析大量的史实，然后得出科学的结论。下列对郡县制的叙述属于“史识”的是,郡县制开中国单一制国家组织结构先河，影响深远,郡守和县令、县长都由皇帝直接任命,郡县制是中央对地方政权进行有效控制的制度,它分郡县两级，一郡之内又分若干县,A,"A. 郡县制开中国单一制国家组织结构先河，影响深远
B. 郡守和县令、县长都由皇帝直接任命
C. 郡县制是中央对地方政权进行有效控制的制度
D. 它分郡县两级，一郡之内又分若干县","下一个问题是关于中国的历史。
“史实”“史论”“史识”是构成史学的三大要素。史实即历史事实；史论即对历史事件和历史人物的评论；史识即是以科学的史观作指导，分析大量的史实，然后得出科学的结论。下列对郡县制的叙述属于“史识”的是
A. 郡县制开中国单一制国家组织结构先河，影响深远
B. 郡守和县令、县长都由皇帝直接任命
C. 郡县制是中央对地方政权进行有效控制的制度
D. 它分郡县两级，一郡之内又分若干县","The next question is about China's history.
""Historical facts"", ""historical theories"" and ""historical knowledge"" are the three major elements of historiography. Historical facts are historical facts; historical theories are comments on historical events and historical figures; historical knowledge is to analyze a large number of historical facts under the guidance of a scientific historical perspective, and then draw scientific conclusions. The following descriptions of the county system belong to ""historical knowledge""
A. The county system pioneered the organizational structure of a unitary state in China and had a far-reaching impact
B. The county governors, county magistrates and county heads were all directly appointed by the emperor
C. The county system is a system in which the central government effectively controls local governments
D. It is divided into two levels: counties and prefectures, and a county is divided into several counties"
654,1965年，中国大陆与西方国家的贸易额在进出口中所占的比重，由1937年的17.9%上升到52.8%，这种变化的外交背景是，我国,推行了全方位的外交政策,调整了与苏联的外交政策,打破了欧美对华经济制裁,实现了与西方国家的正常化,B,"A. 推行了全方位的外交政策
B. 调整了与苏联的外交政策
C. 打破了欧美对华经济制裁
D. 实现了与西方国家的正常化","下一个问题是关于中国的历史。
1965年，中国大陆与西方国家的贸易额在进出口中所占的比重，由1937年的17.9%上升到52.8%，这种变化的外交背景是，我国
A. 推行了全方位的外交政策
B. 调整了与苏联的外交政策
C. 打破了欧美对华经济制裁
D. 实现了与西方国家的正常化","The next question is about China's history.
In 1965, the proportion of trade volume between mainland China and Western countries in imports and exports increased from 17.9% in 1937 to 52.8%. The diplomatic background of this change was that my country
A. implemented a comprehensive foreign policy
B. adjusted its foreign policy with the Soviet Union
C. broke the economic sanctions imposed by Europe and the United States on China
D. achieved normalization with Western countries"
655,“革命，革命，剪掉辫子反朝廷；独立，独立，中国岂是鞑子的！”这首歌谣反映了当时,革命的主要目的是移风易俗,民族区域自治思想深入人心,民族主义思想已影响到民众,反对帝国主义成为思想主流,C,"A. 革命的主要目的是移风易俗
B. 民族区域自治思想深入人心
C. 民族主义思想已影响到民众
D. 反对帝国主义成为思想主流","下一个问题是关于中国的历史。
“革命，革命，剪掉辫子反朝廷；独立，独立，中国岂是鞑子的！”这首歌谣反映了当时
A. 革命的主要目的是移风易俗
B. 民族区域自治思想深入人心
C. 民族主义思想已影响到民众
D. 反对帝国主义成为思想主流","The next question is about China's history.
""Revolution, revolution, cut off the braids and fight against the imperial court; independence, independence, how can China belong to the Tartars!"" This ballad reflects the times
A. The main purpose of the revolution was to change customs
B. The idea of regional ethnic autonomy was deeply rooted in the hearts of the people
C. Nationalism had influenced the people
D. Opposition to imperialism became the mainstream of thought"
656,被称为中国历史上“开天辟地的大事变”，从此“中国革命的面貌焕然一新”的重要事件是,辛亥革命胜利,中华人民共和国成立,中国共产党诞生,五四运动爆发,C,"A. 辛亥革命胜利
B. 中华人民共和国成立
C. 中国共产党诞生
D. 五四运动爆发","下一个问题是关于中国的历史。
被称为中国历史上“开天辟地的大事变”，从此“中国革命的面貌焕然一新”的重要事件是
A. 辛亥革命胜利
B. 中华人民共和国成立
C. 中国共产党诞生
D. 五四运动爆发","The next question is about China's history.
The important event that is called ""the great event that changed the world"" in Chinese history and ""changed the face of Chinese revolution"" is
A. The victory of the Xinhai Revolution
B. The founding of the People's Republic of China
C. The birth of the Communist Party of China
D. The outbreak of the May Fourth Movement"
657,周代分封制下，各封国贵族按“周礼”行事，学说统一的“雅言”，促进了各地文化的整合。周代的“雅言”最早应起源于现在的,陕西,河南,山东,河北,A,"A. 陕西
B. 河南
C. 山东
D. 河北","下一个问题是关于中国的历史。
周代分封制下，各封国贵族按“周礼”行事，学说统一的“雅言”，促进了各地文化的整合。周代的“雅言”最早应起源于现在的
A. 陕西
B. 河南
C. 山东
D. 河北","The next question is about China's history.
Under the feudal system of the Zhou Dynasty, the nobles of each feudal state acted according to the ""Zhou Li"" and taught a unified ""Ya Yan"", which promoted the integration of local cultures. The ""Ya Yan"" of the Zhou Dynasty should have originated in the present
A. Shaanxi
B. Henan
C. Shandong
D. Hebei"
658,抗战胜利后，国民政治将日伪纺织企业合并，成立了国有的中纺公司。政治高层解释称，商民在抗战之后，对于所接收之敌伪纱厂，“即便有人承购，事实上仍需由政府予以维持，等于仍由政府自行拨款接办，国库并不因出售纱厂而有大量之收入”。这反映了此时期,国家实行对轻纺工业的统治,政府在经济中主导地位加强,政府视图缓解名族工业困境,民族资本主义工业开始衰落,B,"A. 国家实行对轻纺工业的统治
B. 政府在经济中主导地位加强
C. 政府视图缓解名族工业困境
D. 民族资本主义工业开始衰落","下一个问题是关于中国的历史。
抗战胜利后，国民政治将日伪纺织企业合并，成立了国有的中纺公司。政治高层解释称，商民在抗战之后，对于所接收之敌伪纱厂，“即便有人承购，事实上仍需由政府予以维持，等于仍由政府自行拨款接办，国库并不因出售纱厂而有大量之收入”。这反映了此时期
A. 国家实行对轻纺工业的统治
B. 政府在经济中主导地位加强
C. 政府视图缓解名族工业困境
D. 民族资本主义工业开始衰落","The next question is about China's history.
After the victory of the Anti-Japanese War, the National Government merged the Japanese puppet textile enterprises and established the state-owned China Textile Corporation. The political leaders explained that after the Anti-Japanese War, the merchants and civilians took over the enemy puppet spinning mills, ""even if someone purchased them, they still had to be maintained by the government, which was equivalent to the government still funded the takeover, and the national treasury did not have a large amount of income from the sale of the spinning mills."" This reflects that during this period
A. The state implemented rule over the light textile industry
B. The government's dominant position in the economy was strengthened
C. The government tried to alleviate the plight of national industries
D. The national capitalist industry began to decline"
659,1900—1901年间，上海地区“言爱国者”，多积极讨论光绪皇帝之存废问题，“尚不知革命为何物”。这一现象反映当时,革命派尚未开展救亡活动,上海的社会风气相对保守,废除帝制成为社会的共识,改良仍然是社会主流思潮,D,"A. 革命派尚未开展救亡活动
B. 上海的社会风气相对保守
C. 废除帝制成为社会的共识
D. 改良仍然是社会主流思潮","下一个问题是关于中国的历史。
1900—1901年间，上海地区“言爱国者”，多积极讨论光绪皇帝之存废问题，“尚不知革命为何物”。这一现象反映当时
A. 革命派尚未开展救亡活动
B. 上海的社会风气相对保守
C. 废除帝制成为社会的共识
D. 改良仍然是社会主流思潮","The next question is about China's history.
Between 1900 and 1901, many ""patriots"" in Shanghai actively discussed the issue of whether to keep or abolish Emperor Guangxu, but ""did not know what revolution was"". This phenomenon reflects that at that time
A. the revolutionaries had not yet started national salvation activities
B. the social atmosphere in Shanghai was relatively conservative
C. abolishing the monarchy became a social consensus
D. reform was still the mainstream social thought"
660,1979年7月，中国通过了《中外合资经营企业法》，80年代相继颁布《涉外经济合同法》《外资企业法》和《中外合作经营企业法》等。这些文件的发布,巩固了社会主义公有制经济,表明中国已经融入世界经济体系,增强了政府对外开放政策的可信度,主要是为了发展市场经济,C,"A. 巩固了社会主义公有制经济
B. 表明中国已经融入世界经济体系
C. 增强了政府对外开放政策的可信度
D. 主要是为了发展市场经济","下一个问题是关于中国的历史。
1979年7月，中国通过了《中外合资经营企业法》，80年代相继颁布《涉外经济合同法》《外资企业法》和《中外合作经营企业法》等。这些文件的发布
A. 巩固了社会主义公有制经济
B. 表明中国已经融入世界经济体系
C. 增强了政府对外开放政策的可信度
D. 主要是为了发展市场经济","The next question is about China's history.
In July 1979, China passed the Sino-Foreign Joint Venture Law, and in the 1980s, it promulgated the Foreign Economic Contract Law, the Foreign Investment Enterprise Law, and the Sino-Foreign Cooperative Joint Venture Law. The release of these documents
A. consolidated the socialist public ownership economy
B. showed that China has been integrated into the world economic system
C. enhanced the credibility of the government's opening-up policy
D. was mainly for the development of the market economy"
661,两汉实行州郡推荐，朝廷考试任用的察举制；经魏晋九品中正制，至隋唐演变为自由投考，差额录用的科举制，科举制更有利于,提升社会文化水平,鉴别官员道德水平,排除世家子弟入仕,选拔最优秀的官吏,A,"A. 提升社会文化水平
B. 鉴别官员道德水平
C. 排除世家子弟入仕
D. 选拔最优秀的官吏","下一个问题是关于中国的历史。
两汉实行州郡推荐，朝廷考试任用的察举制；经魏晋九品中正制，至隋唐演变为自由投考，差额录用的科举制，科举制更有利于
A. 提升社会文化水平
B. 鉴别官员道德水平
C. 排除世家子弟入仕
D. 选拔最优秀的官吏","The next question is about China's history.
The Han Dynasty implemented the system of recommendation by prefectures and counties and the imperial court's examination and appointment; after the Wei and Jin Dynasties, the nine-rank system evolved into the free application and quota recruitment system in the Sui and Tang Dynasties. The imperial examination system is more conducive to 
A. Improving the social and cultural level
B. Identifying the moral level of officials
C. Excluding children of aristocratic families from entering the government
D. Selecting the best officials"
662,2016年4月，习近平在安徽考察时指出：“当年贴着身家性命干的事，变成中国改革的一声惊雷，成为中国改革的标志。”期中“贴着身家性命干的事”指,人民公社化运动,土地改革运动,经济特区的建立,家庭联产承包责任制,D,"A. 人民公社化运动
B. 土地改革运动
C. 经济特区的建立
D. 家庭联产承包责任制","下一个问题是关于中国的历史。
2016年4月，习近平在安徽考察时指出：“当年贴着身家性命干的事，变成中国改革的一声惊雷，成为中国改革的标志。”期中“贴着身家性命干的事”指
A. 人民公社化运动
B. 土地改革运动
C. 经济特区的建立
D. 家庭联产承包责任制","The next question is about China's history.
In April 2016, Xi Jinping pointed out during his inspection in Anhui: ""What I did at the risk of my life became a thunderclap and a symbol of China's reform."" The ""what I did at the risk of my life"" refers to
A. People's Commune Movement
B. Land Reform Movement
C. Establishment of Special Economic Zones
D. Household Contract Responsibility System"
663,1912年4月22日《申报》刊载《西装叹》：“更有西装新少年，短衣窄袖娇自怜。足踏黄革履，鼻架金丝边。自诩开通世莫敌，爱皮西地口头禅。醉心争购舶来品，金钱浪掷轻利权。”这表明,西方生活方式已成为都市主流,国人对西方文化认识过于肤浅,大众传媒理性看待社会时尚,着西装已成为当时普遍现象,C,"A. 西方生活方式已成为都市主流
B. 国人对西方文化认识过于肤浅
C. 大众传媒理性看待社会时尚
D. 着西装已成为当时普遍现象","下一个问题是关于中国的历史。
1912年4月22日《申报》刊载《西装叹》：“更有西装新少年，短衣窄袖娇自怜。足踏黄革履，鼻架金丝边。自诩开通世莫敌，爱皮西地口头禅。醉心争购舶来品，金钱浪掷轻利权。”这表明
A. 西方生活方式已成为都市主流
B. 国人对西方文化认识过于肤浅
C. 大众传媒理性看待社会时尚
D. 着西装已成为当时普遍现象","The next question is about China's history.
On April 22, 1912, Shenbao published ""Lament on Western Wear"": ""There are also new young men wearing western wear, with short coats and narrow sleeves, and they are self-pitying. They wear yellow leather shoes and wear gold-rimmed nose bridges. They claim to be the most open-minded in the world, and they love Western things. They are obsessed with buying imported goods, and they waste money and ignore rights and interests."" This shows that
A. Western lifestyle has become the mainstream in cities
B. Chinese people's understanding of Western culture is too superficial
C. Mass media look at social fashion rationally
D. Wearing western wear has become a common phenomenon at that time"
664,据《左传》记载：鲁僖公五年春季的正月，“公既视朔，遂登观台以望而书，礼也。”据此判断下列说法正确的是,中国古代天文学带有政治性,天文观测场所始建于春秋时期,春秋时期有了专门的天文官,鲁国的天文学取得了重大成就,A,"A. 中国古代天文学带有政治性
B. 天文观测场所始建于春秋时期
C. 春秋时期有了专门的天文官
D. 鲁国的天文学取得了重大成就","下一个问题是关于中国的历史。
据《左传》记载：鲁僖公五年春季的正月，“公既视朔，遂登观台以望而书，礼也。”据此判断下列说法正确的是
A. 中国古代天文学带有政治性
B. 天文观测场所始建于春秋时期
C. 春秋时期有了专门的天文官
D. 鲁国的天文学取得了重大成就","The next question is about China's history.
According to the Zuo Zhuan, in the first month of the fifth year of Duke Xi of Lu, ""after observing the new moon, the Duke climbed the observation platform to observe and record the day, as a ritual."" Based on this, which of the following statements is correct?
A. Ancient Chinese astronomy was political
B. Astronomical observation sites were first built in the Spring and Autumn Period
C. There were special astronomical officials in the Spring and Autumn Period
D. Lu's astronomy achieved great success"
665,李清川等在《汉武帝朝丞相群体研究》一文中指出：“武帝（指汉武帝）朝的丞相群体不同于高祖时的功臣丞相，又不类于昭宣后的学术丞相，武帝朝丞相是汉代丞相的转折。”这里的“转折”是指,设立三公九卿制度限制丞相,设立刺史监督丞相和地方官,把学术丞相转变为武官丞相,设立“中朝”“外朝”制度,D,"A. 设立三公九卿制度限制丞相
B. 设立刺史监督丞相和地方官
C. 把学术丞相转变为武官丞相
D. 设立“中朝”“外朝”制度","下一个问题是关于中国的历史。
李清川等在《汉武帝朝丞相群体研究》一文中指出：“武帝（指汉武帝）朝的丞相群体不同于高祖时的功臣丞相，又不类于昭宣后的学术丞相，武帝朝丞相是汉代丞相的转折。”这里的“转折”是指
A. 设立三公九卿制度限制丞相
B. 设立刺史监督丞相和地方官
C. 把学术丞相转变为武官丞相
D. 设立“中朝”“外朝”制度","The next question is about China's history.
Li Qingchuan et al. pointed out in the article ""A Study on the Prime Minister Group in the Han Wu Emperor's Reign"": ""The Prime Minister Group in the Wu Emperor's reign was different from the meritorious prime ministers in the Gaozu period, and was also different from the academic prime ministers after Zhaoxuan. The prime ministers in the Wu Emperor's reign were a turning point in the Han Dynasty."" The ""turning point"" here refers to
A. The establishment of the Three Dukes and Nine Ministers system to restrict the prime minister
B. The establishment of the Inspector General to supervise the prime minister and local officials
C. The transformation of the academic prime minister into a military prime minister
D. The establishment of the ""Inner Court"" and ""Outer Court"" system"
666,近代某歌词中写到：“五龄女子吞声哭，哭向床前问慈母。母亲爱儿自孩提，如何缚儿如缚鸡。儿足骨折儿心碎，昼不能行夜不寐。”此歌词意在,废止缠足,提倡裹足,推行断发,婚姻自主,A,"A. 废止缠足
B. 提倡裹足
C. 推行断发
D. 婚姻自主","下一个问题是关于中国的历史。
近代某歌词中写到：“五龄女子吞声哭，哭向床前问慈母。母亲爱儿自孩提，如何缚儿如缚鸡。儿足骨折儿心碎，昼不能行夜不寐。”此歌词意在
A. 废止缠足
B. 提倡裹足
C. 推行断发
D. 婚姻自主","The next question is about China's history.
A modern song lyric says: ""A five-year-old girl cried silently, and asked her loving mother by her bedside. The mother loved her since she was a child, why did she tie her child up like a chicken? The child's foot was broken and her heart was broken, she couldn't walk during the day and couldn't sleep at night."" The lyrics are intended to
A. abolish foot binding
B. promote foot binding
C. promote hair cutting
D. marriage autonomy"
667,近代某不平等条约中包含惩办“首祸诸臣”、禁止华北科举考试5年、禁止中国人成立或加入任何“与诸国仇敌之会”等内容。据此判断，该不平等条约是,《南京条约》,《北京条约》,《天津条约》,《辛丑条约》,D,"A. 《南京条约》
B. 《北京条约》
C. 《天津条约》
D. 《辛丑条约》","下一个问题是关于中国的历史。
近代某不平等条约中包含惩办“首祸诸臣”、禁止华北科举考试5年、禁止中国人成立或加入任何“与诸国仇敌之会”等内容。据此判断，该不平等条约是
A. 《南京条约》
B. 《北京条约》
C. 《天津条约》
D. 《辛丑条约》","The next question is about China's history.
In modern times, an unequal treaty included the punishment of ""ministers who were the main culprits"", the prohibition of the imperial examination in North China for 5 years, and the prohibition of Chinese from establishing or joining any ""meetings with enemies of other countries"". Based on this, the unequal treaty is
A. ""Nanjing Treaty""
B. ""Beijing Treaty""
C. ""Tianjin Treaty""
D. ""Xin Chou Treaty"""
668,《南京条约》是中国近代被迫签订的第一个不平等条约；巴黎和会上，中国代表团拒绝在合约上签字；1943年1月，中国分别与美英两国签署新约，取消美、英在华治外法权及《辛丑条约》所给予它们的一切权利。从这些变化中可以看出,中国外交逐渐自强,中国摆脱帝国主义压,中国近代主权丧,中国逐步成为世界强,A,"A. 中国外交逐渐自强
B. 中国摆脱帝国主义压
C. 中国近代主权丧
D. 中国逐步成为世界强","下一个问题是关于中国的历史。
《南京条约》是中国近代被迫签订的第一个不平等条约；巴黎和会上，中国代表团拒绝在合约上签字；1943年1月，中国分别与美英两国签署新约，取消美、英在华治外法权及《辛丑条约》所给予它们的一切权利。从这些变化中可以看出
A. 中国外交逐渐自强
B. 中国摆脱帝国主义压
C. 中国近代主权丧
D. 中国逐步成为世界强","The next question is about China's history.
The Treaty of Nanjing was the first unequal treaty China was forced to sign in modern times; at the Paris Peace Conference, the Chinese delegation refused to sign the contract; in January 1943, China signed new treaties with the United States and Britain, respectively, abolishing the extraterritoriality of the United States and Britain in China and all the rights granted to them by the Boxer Protocol. From these changes, we can see that
A. China's diplomacy is gradually becoming stronger
B. China is free from imperialist oppression
C. China's sovereignty is lost in modern times
D. China is gradually becoming a world power"
669,诗歌创作往往受到时代思想的影响。“半亩方塘一鉴开，天光云影共徘徊；问渠那得清如许，为有源头活水来”，这首说理诗最有可能受哪种思想影响？,孔孟思想,宋明理学,两汉经学,黄老学说,B,"A. 孔孟思想
B. 宋明理学
C. 两汉经学
D. 黄老学说","下一个问题是关于中国的历史。
诗歌创作往往受到时代思想的影响。“半亩方塘一鉴开，天光云影共徘徊；问渠那得清如许，为有源头活水来”，这首说理诗最有可能受哪种思想影响？
A. 孔孟思想
B. 宋明理学
C. 两汉经学
D. 黄老学说","The next question is about China's history.
Poetry creation is often influenced by the thoughts of the times. ""A half-acre square pond is open, and the light of the sky and the shadows of the clouds wander together; I ask how the water can be so clear, because it has a source of living water."" This poem is most likely influenced by which thought?
A. Confucius and Mencius's thoughts
B. Song and Ming Neo-Confucianism
C. Han Dynasty Confucianism
D. Huang-Lao School of Thought"
670,诗词歌赋既是历代文人墨客咏怀、记游、言志的文学表现形式，也往往蕴含着丰富的社会历史内容。下列文句，与商业经济无直接关联的是,“岢峨大舶皎云日，贾客千家万家室”（《广州歌》）,“贝锦斐成，濯色江波”（《蜀都赋》）,“经游（营）天下遍，却到长安城”（《估客乐》）,“九市开场，货别隧分”（《西都赋》）,B,"A. “岢峨大舶皎云日，贾客千家万家室”（《广州歌》）
B. “贝锦斐成，濯色江波”（《蜀都赋》）
C. “经游（营）天下遍，却到长安城”（《估客乐》）
D. “九市开场，货别隧分”（《西都赋》）","下一个问题是关于中国的历史。
诗词歌赋既是历代文人墨客咏怀、记游、言志的文学表现形式，也往往蕴含着丰富的社会历史内容。下列文句，与商业经济无直接关联的是
A. “岢峨大舶皎云日，贾客千家万家室”（《广州歌》）
B. “贝锦斐成，濯色江波”（《蜀都赋》）
C. “经游（营）天下遍，却到长安城”（《估客乐》）
D. “九市开场，货别隧分”（《西都赋》）","The next question is about China's history.
Poetry and songs are not only literary forms of expression for the literati of all ages to express their feelings, travels and aspirations, but also often contain rich social and historical content. Which of the following sentences is not directly related to the commercial economy?
A. ""The big ship is shining like the clouds and the sun, and there are thousands of merchants in the houses"" (""Guangzhou Song"")
B. ""The pearls and brocades are washed by the river waves"" (""Shudu Fu"")
C. ""After traveling all over the world, I finally arrived at Chang'an City"" (""Gu Ke Le"")
D. ""Nine markets are open, and goods are divided into tunnels"" (""Xidu Fu"")"
