index,id,paragraph,question,choices,answer,options,ko,en
521,PSAT_17_1,,"다음은 한국사회의 법에 대한 문제이다.
헌법재판소에 대한 설명으로 옳은 것은?","['A. 법관의 자격을 가진 자만이 헌법재판소의 재판관으로 임명될 수 있다.', 'B. 헌법재판소 재판관은 탄핵에 의해서만 파면될 수 있다.', 'C. 헌법재판소 재판관의 임기는 6년으로 하며, 정년은 65세로 한다.', 'D. 정당해산의 결정을 하기 위해서는 평의에 참가한 재판관 3분의 2 이상의 찬성이 필요하다.']",A,"A. 법관의 자격을 가진 자만이 헌법재판소의 재판관으로 임명될 수 있다.
B. 헌법재판소 재판관은 탄핵에 의해서만 파면될 수 있다.
C. 헌법재판소 재판관의 임기는 6년으로 하며, 정년은 65세로 한다.
D. 정당해산의 결정을 하기 위해서는 평의에 참가한 재판관 3분의 2 이상의 찬성이 필요하다.
","다음은 한국사회의 법에 대한 문제이다.
헌법재판소에 대한 설명으로 옳은 것은?
A. 법관의 자격을 가진 자만이 헌법재판소의 재판관으로 임명될 수 있다.
B. 헌법재판소 재판관은 탄핵에 의해서만 파면될 수 있다.
C. 헌법재판소 재판관의 임기는 6년으로 하며, 정년은 65세로 한다.
D. 정당해산의 결정을 하기 위해서는 평의에 참가한 재판관 3분의 2 이상의 찬성이 필요하다.
","Next is the issue of law in Korean society.
Which of the following is correct about the Constitutional Court?
A. Only those who have the qualifications to be judges can be appointed as judges of the Constitutional Court.
B. Justices of the Constitutional Court can be removed only by impeachment.
C. The term of office of judges of the Constitutional Court is six years, and the retirement age is 65.
D. In order to make a decision to dissolve a political party, the approval of more than two-thirds of the judges participating in the deliberation is required.
"
522,PSAT_17_2,,"다음은 한국사회의 법에 대한 문제이다.
법치주의에 대한 설명으로 옳지 않은 것은? (다툼이 있는 경우 헌법재판소 결정에 의함)","['A. 현행 헌법상 법치주의를 선언하고 있는 명문의 규정은 없으나, 법치주의는 헌법의 기본원리로 인정된다.', 'B. 법치주의는 행정작용에 국회가 제정한 형식적 법률의 근거가 요청된다는 법률유보를 그 핵심적 내용의 하나로 한다.', 'C. 법치주의로부터 도출되는 신뢰보호의 원칙상 모든 법규범은 현재와 장래에 한하여 효력을 가지기 때문에 시혜적 소급입법은 금지된다.', 'D. 범죄행위의 무게 및 그 범행자의 책임에 상응하는 정당한 비례성을 감안하여, 기본권의 제한은 필요한 최소한에 그쳐야 한다는 것은 헌법상 법치국가의 원리에서 나온다.']",C,"A. 현행 헌법상 법치주의를 선언하고 있는 명문의 규정은 없으나, 법치주의는 헌법의 기본원리로 인정된다.
B. 법치주의는 행정작용에 국회가 제정한 형식적 법률의 근거가 요청된다는 법률유보를 그 핵심적 내용의 하나로 한다.
C. 법치주의로부터 도출되는 신뢰보호의 원칙상 모든 법규범은 현재와 장래에 한하여 효력을 가지기 때문에 시혜적 소급입법은 금지된다.
D. 범죄행위의 무게 및 그 범행자의 책임에 상응하는 정당한 비례성을 감안하여, 기본권의 제한은 필요한 최소한에 그쳐야 한다는 것은 헌법상 법치국가의 원리에서 나온다.
","다음은 한국사회의 법에 대한 문제이다.
법치주의에 대한 설명으로 옳지 않은 것은? (다툼이 있는 경우 헌법재판소 결정에 의함)
A. 현행 헌법상 법치주의를 선언하고 있는 명문의 규정은 없으나, 법치주의는 헌법의 기본원리로 인정된다.
B. 법치주의는 행정작용에 국회가 제정한 형식적 법률의 근거가 요청된다는 법률유보를 그 핵심적 내용의 하나로 한다.
C. 법치주의로부터 도출되는 신뢰보호의 원칙상 모든 법규범은 현재와 장래에 한하여 효력을 가지기 때문에 시혜적 소급입법은 금지된다.
D. 범죄행위의 무게 및 그 범행자의 책임에 상응하는 정당한 비례성을 감안하여, 기본권의 제한은 필요한 최소한에 그쳐야 한다는 것은 헌법상 법치국가의 원리에서 나온다.
","Next is the issue of law in Korean society.
Which of the following is not an accurate explanation of the rule of law? (If there is a dispute, it will be decided by the Constitutional Court)
A. Although there is no explicit provision declaring the rule of law in the current Constitution, the rule of law is recognized as a basic principle of the Constitution.
B. One of the core contents of the rule of law is the legal reservation that administrative actions require the basis of formal laws enacted by the National Assembly.
C. According to the principle of trust protection derived from the rule of law, all legal norms are effective only in the present and the future, so beneficial retroactive legislation is prohibited.
D. Considering the gravity of the criminal act and the just proportionality corresponding to the responsibility of the offender, it follows from the constitutional principle of the rule of law that restrictions on fundamental rights should be limited to the minimum necessary.
"
523,PSAT_17_3,,"다음은 한국사회의 법에 대한 문제이다.
지방자치제도에 대한 설명으로 옳지 않은 것은?","['A. 지방자치단체의 장의 선임방법 기타 지방자치단체의 조직과 운영에 관한 사항은 법률로 정하나, 지방의회의 조직ㆍ권한ㆍ의원선거에 관한 사항은 조례로 정한다.', 'B. 헌법재판소 결정에 의하면 지방자치제도는 제도적 보장의 하나로서, 그 제도의 본질적 내용을 침해하지 않는 범위 안에서 입법자에게 입법형성의 자유가 폭 넓게 인정된다.', 'C. 지방자치법상의 지방자치단체 외에 특정한 목적을 수행하기 위하여 필요하면 따로 특별지방자치단체를 설치할 수 있다.', 'D. 지방자치단체는 주민의 복리에 관한 사무를 처리하고 재산을 관리하며, 법령의 범위 안에서 자치에 관한 규정을 제정할 수 있다.']",A,"A. 지방자치단체의 장의 선임방법 기타 지방자치단체의 조직과 운영에 관한 사항은 법률로 정하나, 지방의회의 조직ㆍ권한ㆍ의원선거에 관한 사항은 조례로 정한다.
B. 헌법재판소 결정에 의하면 지방자치제도는 제도적 보장의 하나로서, 그 제도의 본질적 내용을 침해하지 않는 범위 안에서 입법자에게 입법형성의 자유가 폭 넓게 인정된다.
C. 지방자치법상의 지방자치단체 외에 특정한 목적을 수행하기 위하여 필요하면 따로 특별지방자치단체를 설치할 수 있다.
D. 지방자치단체는 주민의 복리에 관한 사무를 처리하고 재산을 관리하며, 법령의 범위 안에서 자치에 관한 규정을 제정할 수 있다.
","다음은 한국사회의 법에 대한 문제이다.
지방자치제도에 대한 설명으로 옳지 않은 것은?
A. 지방자치단체의 장의 선임방법 기타 지방자치단체의 조직과 운영에 관한 사항은 법률로 정하나, 지방의회의 조직ㆍ권한ㆍ의원선거에 관한 사항은 조례로 정한다.
B. 헌법재판소 결정에 의하면 지방자치제도는 제도적 보장의 하나로서, 그 제도의 본질적 내용을 침해하지 않는 범위 안에서 입법자에게 입법형성의 자유가 폭 넓게 인정된다.
C. 지방자치법상의 지방자치단체 외에 특정한 목적을 수행하기 위하여 필요하면 따로 특별지방자치단체를 설치할 수 있다.
D. 지방자치단체는 주민의 복리에 관한 사무를 처리하고 재산을 관리하며, 법령의 범위 안에서 자치에 관한 규정을 제정할 수 있다.
","Next is the issue of law in Korean society.
Which of the following is not an accurate explanation of the local autonomy system?
A. The method of electing the head of a local government and other matters related to the organization and operation of a local government are determined by law, but matters related to the organization, authority, and election of members of the local council are determined by ordinance.
B. According to the decision of the Constitutional Court, the local autonomy system is one of the institutional guarantees, and the freedom of legislators to form legislation is broadly recognized to the extent that it does not infringe on the essential contents of the system.
C. In addition to local governments under the Local Autonomy Act, special local governments may be established separately if necessary to carry out specific purposes.
D. Local governments handle affairs related to the welfare of residents, manage property, and can enact regulations on self-government within the scope of laws.
"
524,PSAT_17_4,,"다음은 한국사회의 법에 대한 문제이다.
헌법전문에 대한 설명으로 옳지 않은 것은?","['A. 제헌헌법부터 존재하던 헌법전문은 1972년 제7차 헌법개정에서 최초로 개정이 이루어졌다.', 'B. 헌법재판소는 헌법전문에 기재된 3 1정신은 헌법이나 법률 해석의 기준으로 작용하지만, 그에 기하여 곧바로 국민의 개별적 기본권성을 도출해낼 수는 없다고 본다.', 'C. 헌법재판소 결정에 의하면 헌법전문은 헌법규범의 일부로서 헌법으로서의 규범적 효력을 나타내기 때문에 구체적으로는 헌법소송에서의 재판규범이 된다.', 'D. 현행 헌법의 전문에는 헌법의 성립유래만이 아니라, 헌법의 기본이념과 가치도 제시되어 있다.']",A,"A. 제헌헌법부터 존재하던 헌법전문은 1972년 제7차 헌법개정에서 최초로 개정이 이루어졌다.
B. 헌법재판소는 헌법전문에 기재된 3 1정신은 헌법이나 법률 해석의 기준으로 작용하지만, 그에 기하여 곧바로 국민의 개별적 기본권성을 도출해낼 수는 없다고 본다.
C. 헌법재판소 결정에 의하면 헌법전문은 헌법규범의 일부로서 헌법으로서의 규범적 효력을 나타내기 때문에 구체적으로는 헌법소송에서의 재판규범이 된다.
D. 현행 헌법의 전문에는 헌법의 성립유래만이 아니라, 헌법의 기본이념과 가치도 제시되어 있다.
","다음은 한국사회의 법에 대한 문제이다.
헌법전문에 대한 설명으로 옳지 않은 것은?
A. 제헌헌법부터 존재하던 헌법전문은 1972년 제7차 헌법개정에서 최초로 개정이 이루어졌다.
B. 헌법재판소는 헌법전문에 기재된 3 1정신은 헌법이나 법률 해석의 기준으로 작용하지만, 그에 기하여 곧바로 국민의 개별적 기본권성을 도출해낼 수는 없다고 본다.
C. 헌법재판소 결정에 의하면 헌법전문은 헌법규범의 일부로서 헌법으로서의 규범적 효력을 나타내기 때문에 구체적으로는 헌법소송에서의 재판규범이 된다.
D. 현행 헌법의 전문에는 헌법의 성립유래만이 아니라, 헌법의 기본이념과 가치도 제시되어 있다.
","Next is the issue of law in Korean society.
Which of the following is incorrect regarding the preamble to the Constitution?
A. The preamble to the Constitution, which existed since the Constitution, was first revised in the 7th Constitutional Amendment in 1972.
B. The Constitutional Court believes that although the spirit of Article 31 stated in the Preamble to the Constitution serves as a standard for interpreting the Constitution or laws, individual fundamental rights of citizens cannot be directly derived based on it.
C. According to the decision of the Constitutional Court, the preamble to the Constitution is a part of the constitutional norms and has normative effect as the Constitution, so it specifically becomes a trial norm in constitutional litigation.
D. The preamble to the current Constitution presents not only the origins of the Constitution, but also the basic principles and values ​​of the Constitution.
"
525,PSAT_17_5,,"다음은 한국사회의 법에 대한 문제이다.
헌법상 경제조항에 대한 설명으로 옳지 않은 것은?","['A. 국가는 경제의 민주화를 위하여 경제에 관한 규제와 조정을 할 수 있다.', 'B. 국가는 농지에 관하여 경자유전의 원칙이 달성될 수 있도록 노력하여야 하며, 농지의 임대차는 금지된다.', 'C. 국가는 건전한 소비행위를 계도하고 생산품의 품질향상을 촉구하기 위한 소비자보호운동을 법률이 정하는 바에 의하여 보장한다.', 'D. 국방상 또는 국민경제상 긴절한 필요로 인하여 법률이 정하는 경우에는 사영기업을 국유 또는 공유로 이전할 수 있다.']",B,"A. 국가는 경제의 민주화를 위하여 경제에 관한 규제와 조정을 할 수 있다.
B. 국가는 농지에 관하여 경자유전의 원칙이 달성될 수 있도록 노력하여야 하며, 농지의 임대차는 금지된다.
C. 국가는 건전한 소비행위를 계도하고 생산품의 품질향상을 촉구하기 위한 소비자보호운동을 법률이 정하는 바에 의하여 보장한다.
D. 국방상 또는 국민경제상 긴절한 필요로 인하여 법률이 정하는 경우에는 사영기업을 국유 또는 공유로 이전할 수 있다.
","다음은 한국사회의 법에 대한 문제이다.
헌법상 경제조항에 대한 설명으로 옳지 않은 것은?
A. 국가는 경제의 민주화를 위하여 경제에 관한 규제와 조정을 할 수 있다.
B. 국가는 농지에 관하여 경자유전의 원칙이 달성될 수 있도록 노력하여야 하며, 농지의 임대차는 금지된다.
C. 국가는 건전한 소비행위를 계도하고 생산품의 품질향상을 촉구하기 위한 소비자보호운동을 법률이 정하는 바에 의하여 보장한다.
D. 국방상 또는 국민경제상 긴절한 필요로 인하여 법률이 정하는 경우에는 사영기업을 국유 또는 공유로 이전할 수 있다.
","Next is the issue of law in Korean society.
Which of the following is incorrect regarding the economic provisions of the Constitution?
A. The state can regulate and adjust the economy to democratize the economy.
B. The state must strive to achieve the principle of agricultural land ownership with respect to farmland, and leasing farmland is prohibited.
C. The state guarantees consumer protection campaigns to encourage healthy consumption behavior and improve the quality of products as prescribed by law.
D. In cases prescribed by law due to urgent needs for national defense or the national economy, private enterprises may be transferred to state ownership or public ownership.
"
526,PSAT_17_6,,"다음은 한국사회의 법에 대한 문제이다.
대통령의 국가긴급권에 대한 설명으로 옳은 것은?","[""A. 헌법상 대통령의 계엄선포권은 '국가의 안위에 관계되는 중대한 교전상태'를 발동요건으로 한다."", 'B. 헌법상 대통령이 발한 긴급명령에 대하여 국회의 승인을 얻지 못한 경우 그 명령은 소급하여 효력을 상실한다.', ""C. 헌법상 대통령의 긴급재정경제처분 및 명령권은 '국회의 집회가 불가능한 때'에 한하여 발할 수 있다."", 'D. 헌법상 비상계엄이 선포된 때에는 법률이 정하는 바에 의하여 영장제도, 언론ㆍ출판ㆍ집회ㆍ결사의 자유, 정부나 법원의 권한에 관하여 특별한 조치를 할 수 있다.']",D,"A. 헌법상 대통령의 계엄선포권은 '국가의 안위에 관계되는 중대한 교전상태'를 발동요건으로 한다.
B. 헌법상 대통령이 발한 긴급명령에 대하여 국회의 승인을 얻지 못한 경우 그 명령은 소급하여 효력을 상실한다.
C. 헌법상 대통령의 긴급재정경제처분 및 명령권은 '국회의 집회가 불가능한 때'에 한하여 발할 수 있다.
D. 헌법상 비상계엄이 선포된 때에는 법률이 정하는 바에 의하여 영장제도, 언론ㆍ출판ㆍ집회ㆍ결사의 자유, 정부나 법원의 권한에 관하여 특별한 조치를 할 수 있다.
","다음은 한국사회의 법에 대한 문제이다.
대통령의 국가긴급권에 대한 설명으로 옳은 것은?
A. 헌법상 대통령의 계엄선포권은 '국가의 안위에 관계되는 중대한 교전상태'를 발동요건으로 한다.
B. 헌법상 대통령이 발한 긴급명령에 대하여 국회의 승인을 얻지 못한 경우 그 명령은 소급하여 효력을 상실한다.
C. 헌법상 대통령의 긴급재정경제처분 및 명령권은 '국회의 집회가 불가능한 때'에 한하여 발할 수 있다.
D. 헌법상 비상계엄이 선포된 때에는 법률이 정하는 바에 의하여 영장제도, 언론ㆍ출판ㆍ집회ㆍ결사의 자유, 정부나 법원의 권한에 관하여 특별한 조치를 할 수 있다.
","Next is the issue of law in Korean society.
Which of the following is correct regarding the president's national emergency powers?
A. Under the Constitution, the president's right to declare martial law is conditioned on a 'serious state of hostilities related to the security of the nation.'
B. Under the Constitution, if the approval of the National Assembly is not obtained for an emergency order issued by the President, the order loses effect retroactively.
C. Under the Constitution, the President's emergency financial and economic measures and command authority can be issued only when 'the National Assembly is not able to hold a meeting.'
D. When martial law is declared under the Constitution, special measures may be taken with regard to the warrant system, freedom of speech, publication, assembly, and association, and the authority of the government or courts in accordance with the provisions of the law.
"
527,PSAT_17_7,,"다음은 한국사회의 법에 대한 문제이다.
사법권에 대한 설명으로 옳지 않은 것은?","['A. 군사법원의 상고심은 대법원에서 관할한다.', 'B. 법률ㆍ명령ㆍ규칙이 헌법이나 법률에 위반되는 여부가 재판의 전제가 된 경우에는 대법원은 이를 최종적으로 심사할 권한을 가진다.', 'C. 국회는 국회의원의 자격심사ㆍ징계ㆍ제명을 할 수 있으며, 이러한 처분에 대하여는 법원에 제소할 수 없다.', 'D. 재판의 전심절차로서 행정심판을 할 수 있으며 행정심판의 절차는 법률로 정하되, 사법절차가 준용되어야 한다.']",B,"A. 군사법원의 상고심은 대법원에서 관할한다.
B. 법률ㆍ명령ㆍ규칙이 헌법이나 법률에 위반되는 여부가 재판의 전제가 된 경우에는 대법원은 이를 최종적으로 심사할 권한을 가진다.
C. 국회는 국회의원의 자격심사ㆍ징계ㆍ제명을 할 수 있으며, 이러한 처분에 대하여는 법원에 제소할 수 없다.
D. 재판의 전심절차로서 행정심판을 할 수 있으며 행정심판의 절차는 법률로 정하되, 사법절차가 준용되어야 한다.
","다음은 한국사회의 법에 대한 문제이다.
사법권에 대한 설명으로 옳지 않은 것은?
A. 군사법원의 상고심은 대법원에서 관할한다.
B. 법률ㆍ명령ㆍ규칙이 헌법이나 법률에 위반되는 여부가 재판의 전제가 된 경우에는 대법원은 이를 최종적으로 심사할 권한을 가진다.
C. 국회는 국회의원의 자격심사ㆍ징계ㆍ제명을 할 수 있으며, 이러한 처분에 대하여는 법원에 제소할 수 없다.
D. 재판의 전심절차로서 행정심판을 할 수 있으며 행정심판의 절차는 법률로 정하되, 사법절차가 준용되어야 한다.
","Next is the issue of law in Korean society.
Which of the following is not an accurate statement about judicial power?
A. The Supreme Court has jurisdiction over appeals from military courts.
B. If the premise of the trial is whether a law, order, or rule violates the Constitution or laws, the Supreme Court has the authority to make the final review.
C. The National Assembly can review the qualifications, discipline, and expel members of the National Assembly, and these actions cannot be brought to court.
D. Administrative adjudication can be conducted as a pre-trial procedure, and the administrative adjudication procedure is determined by law, but judicial procedures must be applied.
"
528,PSAT_17_8,,"다음은 한국사회의 법에 대한 문제이다.
선거관리위원회에 대한 설명으로 옳지 않은 것은?","['A. 선거운동은 각급 선거관리위원회의 관리 하에 법률이 정하는 범위 안에서 하며, 선거에 관한 경비는 법률이 정하는 경우를 제외하고는 정당 또는 후보자에게 부담시킬 수 없다.', 'B. 중앙선거관리위원회 위원은 정당에 가입하거나 정치에 관여할 수 없으며, 탄핵 또는 금고이상의 형의 선고에 의하지 아니하고는 파면되지 아니한다.', 'C. 각급 선거관리위원회는 선거인명부의 작성 등 선거사무와 국민투표사무에 관하여 관계행정기관에 필요한 지시를 할 수 있으며, 이러한 지시를 받은 당해 행정기관은 이에 응하여야 한다.', 'D. 중앙선거관리위원회는 대통령이 임명하는 3인, 국회에서 선출하는 3인과 대법원장이 지명하는 3인의 위원으로 구성되며, 위원의 임기는 6년이고, 위원장은 위원 중에서 대통령이 지명한다.']",D,"A. 선거운동은 각급 선거관리위원회의 관리 하에 법률이 정하는 범위 안에서 하며, 선거에 관한 경비는 법률이 정하는 경우를 제외하고는 정당 또는 후보자에게 부담시킬 수 없다.
B. 중앙선거관리위원회 위원은 정당에 가입하거나 정치에 관여할 수 없으며, 탄핵 또는 금고이상의 형의 선고에 의하지 아니하고는 파면되지 아니한다.
C. 각급 선거관리위원회는 선거인명부의 작성 등 선거사무와 국민투표사무에 관하여 관계행정기관에 필요한 지시를 할 수 있으며, 이러한 지시를 받은 당해 행정기관은 이에 응하여야 한다.
D. 중앙선거관리위원회는 대통령이 임명하는 3인, 국회에서 선출하는 3인과 대법원장이 지명하는 3인의 위원으로 구성되며, 위원의 임기는 6년이고, 위원장은 위원 중에서 대통령이 지명한다.
","다음은 한국사회의 법에 대한 문제이다.
선거관리위원회에 대한 설명으로 옳지 않은 것은?
A. 선거운동은 각급 선거관리위원회의 관리 하에 법률이 정하는 범위 안에서 하며, 선거에 관한 경비는 법률이 정하는 경우를 제외하고는 정당 또는 후보자에게 부담시킬 수 없다.
B. 중앙선거관리위원회 위원은 정당에 가입하거나 정치에 관여할 수 없으며, 탄핵 또는 금고이상의 형의 선고에 의하지 아니하고는 파면되지 아니한다.
C. 각급 선거관리위원회는 선거인명부의 작성 등 선거사무와 국민투표사무에 관하여 관계행정기관에 필요한 지시를 할 수 있으며, 이러한 지시를 받은 당해 행정기관은 이에 응하여야 한다.
D. 중앙선거관리위원회는 대통령이 임명하는 3인, 국회에서 선출하는 3인과 대법원장이 지명하는 3인의 위원으로 구성되며, 위원의 임기는 6년이고, 위원장은 위원 중에서 대통령이 지명한다.
","Next is the issue of law in Korean society.
Which of the following is not correct regarding the Election Commission?
A. Election campaigns are conducted within the scope prescribed by law under the management of election commissions at each level, and election expenses cannot be borne by political parties or candidates except in cases prescribed by law.
B. Members of the National Election Commission cannot join a political party or engage in politics, and cannot be dismissed except by impeachment or a sentence of imprisonment or heavier punishment.
C. Election commissions at each level may give necessary instructions to relevant administrative agencies regarding election affairs and referendum affairs, including the preparation of voter lists, and the relevant administrative agencies that have received such instructions must comply with them.
D. The National Election Commission is composed of three members appointed by the President, three elected by the National Assembly, and three members appointed by the Chief Justice of the Supreme Court. The term of office of the members is six years, and the chairman is appointed by the President from among the members.
"
529,PSAT_17_9,,"다음은 한국사회의 법에 대한 문제이다.
국회의 의사원칙에 대한 설명으로 옳지 않은 것은?","['A. 국회의 회의는 공개한다. 다만, 출석의원 4분의 1 이상의 찬성이 있거나 의장이 국가의 안전보장을 위하여 필요하다고 인정할 때에는 공개하지 아니할 수 있다.', 'B. 국회는 헌법 또는 법률에 특별한 규정이 없는 한 재적의원 과반수의 출석과 출석의원 과반수의 찬성으로 의결한다. 가부동수인 때에는 부결된 것으로 본다.', 'C. 국회에 제출된 법률안은 회기 중에 의결되지 못한 이유로 폐기되지 아니한다. 다만, 국회의원의 임기가 만료된 때에는 그러하지 아니하다.', 'D. 법률안에 대한 대통령의 재의의 요구가 있을 때에는 국회는 재의에 붙이고, 재적의원 과반수의 출석과 출석의원 3분의 2 이상의 찬성으로 전과 같은 의결을 하면 그 법률안은 법률로서 확정된다.']",A,"A. 국회의 회의는 공개한다. 다만, 출석의원 4분의 1 이상의 찬성이 있거나 의장이 국가의 안전보장을 위하여 필요하다고 인정할 때에는 공개하지 아니할 수 있다.
B. 국회는 헌법 또는 법률에 특별한 규정이 없는 한 재적의원 과반수의 출석과 출석의원 과반수의 찬성으로 의결한다. 가부동수인 때에는 부결된 것으로 본다.
C. 국회에 제출된 법률안은 회기 중에 의결되지 못한 이유로 폐기되지 아니한다. 다만, 국회의원의 임기가 만료된 때에는 그러하지 아니하다.
D. 법률안에 대한 대통령의 재의의 요구가 있을 때에는 국회는 재의에 붙이고, 재적의원 과반수의 출석과 출석의원 3분의 2 이상의 찬성으로 전과 같은 의결을 하면 그 법률안은 법률로서 확정된다.
","다음은 한국사회의 법에 대한 문제이다.
국회의 의사원칙에 대한 설명으로 옳지 않은 것은?
A. 국회의 회의는 공개한다. 다만, 출석의원 4분의 1 이상의 찬성이 있거나 의장이 국가의 안전보장을 위하여 필요하다고 인정할 때에는 공개하지 아니할 수 있다.
B. 국회는 헌법 또는 법률에 특별한 규정이 없는 한 재적의원 과반수의 출석과 출석의원 과반수의 찬성으로 의결한다. 가부동수인 때에는 부결된 것으로 본다.
C. 국회에 제출된 법률안은 회기 중에 의결되지 못한 이유로 폐기되지 아니한다. 다만, 국회의원의 임기가 만료된 때에는 그러하지 아니하다.
D. 법률안에 대한 대통령의 재의의 요구가 있을 때에는 국회는 재의에 붙이고, 재적의원 과반수의 출석과 출석의원 3분의 2 이상의 찬성으로 전과 같은 의결을 하면 그 법률안은 법률로서 확정된다.
","The following is a problem regarding the law of Korean society.
Which of the following is not a correct explanation of the National Assembly's principles of deliberation?
A. The National Assembly's meetings are open to the public. However, they may not be open to the public if more than one-fourth of the members present consent or if the Speaker deems it necessary for national security.
B. Unless otherwise provided for in the Constitution or laws, the National Assembly shall make decisions with the attendance of a majority of the members and the consent of a majority of the members present. If the votes are tied, it shall be considered rejected.
C. A bill submitted to the National Assembly shall not be discarded for not being passed during the session. However, this shall not apply if the term of office of a member of the National Assembly has expired.
D. When the President requests reconsideration of a bill, the National Assembly shall reconsiderate it, and if the same resolution is made with the attendance of a majority of the members present and the consent of more than two-thirds of the members present, the bill shall be confirmed as law."
530,PSAT_17_10,,"다음은 한국사회의 법에 대한 문제이다.
표현의 자유에 대한 설명으로 옳지 않은 것은? (다툼이 있는 경우 헌법재판소 결정에 의함)","[""A. '특정의료기관이나 특정의료인의 기능ㆍ진료방법'에 관한 광고를 금지하는 것은 표현의 자유를 침해한다."", 'B. 기초의회의원선거 후보자로 하여금 특정 정당으로부터의 지지 또는 추천 받음을 표방할 수 없도록 한 것은 정치적 표현의 자유를 침해한다.', 'C. 음란표현은 형사상 처벌대상이므로 언론ㆍ출판의 자유의 보호영역에 해당되지 않는다.', 'D. 민사소송법상의 가처분조항에 방영금지가처분을 포함시켜 가처분에 의한 방영금지를 허용하는 것은 헌법상 사전검열금지원칙에 위배되지 않는다.']",C,"A. '특정의료기관이나 특정의료인의 기능ㆍ진료방법'에 관한 광고를 금지하는 것은 표현의 자유를 침해한다.
B. 기초의회의원선거 후보자로 하여금 특정 정당으로부터의 지지 또는 추천 받음을 표방할 수 없도록 한 것은 정치적 표현의 자유를 침해한다.
C. 음란표현은 형사상 처벌대상이므로 언론ㆍ출판의 자유의 보호영역에 해당되지 않는다.
D. 민사소송법상의 가처분조항에 방영금지가처분을 포함시켜 가처분에 의한 방영금지를 허용하는 것은 헌법상 사전검열금지원칙에 위배되지 않는다.
","다음은 한국사회의 법에 대한 문제이다.
표현의 자유에 대한 설명으로 옳지 않은 것은? (다툼이 있는 경우 헌법재판소 결정에 의함)
A. '특정의료기관이나 특정의료인의 기능ㆍ진료방법'에 관한 광고를 금지하는 것은 표현의 자유를 침해한다.
B. 기초의회의원선거 후보자로 하여금 특정 정당으로부터의 지지 또는 추천 받음을 표방할 수 없도록 한 것은 정치적 표현의 자유를 침해한다.
C. 음란표현은 형사상 처벌대상이므로 언론ㆍ출판의 자유의 보호영역에 해당되지 않는다.
D. 민사소송법상의 가처분조항에 방영금지가처분을 포함시켜 가처분에 의한 방영금지를 허용하는 것은 헌법상 사전검열금지원칙에 위배되지 않는다.
","Next is the issue of law in Korean society.
Which of the following is not correct regarding freedom of expression? (If there is a dispute, it will be decided by the Constitutional Court)
A. Prohibiting advertisements regarding ‘the functions and treatment methods of specific medical institutions or specific medical personnel’ infringes on freedom of expression.
B. Prohibiting candidates for basic assembly elections from claiming support or recommendation from a specific political party violates freedom of political expression.
C. Since obscene expressions are subject to criminal punishment, they do not fall under the protection of freedom of speech and the press.
D. Allowing a ban on broadcasting through a provisional disposition by including a provisional disposition to ban broadcasting in the provisional disposition provisions of the Civil Procedure Act does not violate the principle of prohibiting prior censorship under the Constitution.
"
531,PSAT_17_11,,"다음은 한국사회의 법에 대한 문제이다.
법관에 대한 설명으로 옳은 것은?","['A. 법관은 징계처분에 의하지 아니하고는 파면되지 아니한다.', 'B. 대법관의 임기는 6년이고, 연임할 수 없다.', 'C. 대법원장은 대법원장추천회의의 추천을 거쳐 대통령이 임명한다.', 'D. 대법원장과 대법관이 아닌 법관의 임기는 10년으로 하며, 법률이 정하는 바에 의하여 연임할 수 있다.']",D,"A. 법관은 징계처분에 의하지 아니하고는 파면되지 아니한다.
B. 대법관의 임기는 6년이고, 연임할 수 없다.
C. 대법원장은 대법원장추천회의의 추천을 거쳐 대통령이 임명한다.
D. 대법원장과 대법관이 아닌 법관의 임기는 10년으로 하며, 법률이 정하는 바에 의하여 연임할 수 있다.
","다음은 한국사회의 법에 대한 문제이다.
법관에 대한 설명으로 옳은 것은?
A. 법관은 징계처분에 의하지 아니하고는 파면되지 아니한다.
B. 대법관의 임기는 6년이고, 연임할 수 없다.
C. 대법원장은 대법원장추천회의의 추천을 거쳐 대통령이 임명한다.
D. 대법원장과 대법관이 아닌 법관의 임기는 10년으로 하며, 법률이 정하는 바에 의하여 연임할 수 있다.
","Next is the issue of law in Korean society.
Which of the following is correct regarding judges?
A. Judges cannot be dismissed except through disciplinary action.
B. The term of office of Supreme Court justices is six years, and they cannot be reappointed.
C. The Chief Justice of the Supreme Court is appointed by the President following the recommendation of the Chief Justice Recommendation Council.
D. The term of office of the Chief Justice of the Supreme Court and judges other than Supreme Court Justices shall be 10 years, and they may be reappointed as prescribed by law.
"
532,PSAT_17_12,,"다음은 한국사회의 법에 대한 문제이다.
대통령의 자문에 응하기 위한 헌법상의 필수적 자문기관에 해당하는 것은?","['A. 국가원로자문회의', 'B. 민주평화통일자문회의', 'C. 국가안전보장회의', 'D. 국민경제자문회의']",C,"A. 국가원로자문회의
B. 민주평화통일자문회의
C. 국가안전보장회의
D. 국민경제자문회의
","다음은 한국사회의 법에 대한 문제이다.
대통령의 자문에 응하기 위한 헌법상의 필수적 자문기관에 해당하는 것은?
A. 국가원로자문회의
B. 민주평화통일자문회의
C. 국가안전보장회의
D. 국민경제자문회의
","Next is the issue of law in Korean society.
Which of the following is an essential advisory body under the Constitution to respond to the President's advice?
A. National Senior Advisory Council
B. Democratic and Peaceful Unification Advisory Council
C. National Security Council
D. National Economic Advisory Council
"
533,PSAT_17_13,,"다음은 한국사회의 법에 대한 문제이다.
국무회의에 대한 설명으로 옳지 않은 것은?","['A. 국무회의는 정부의 권한에 속하는 중요한 정책을 심의하며, 대통령ㆍ국무총리와 15인 이상 30인 이하의 국무위원으로 구성된다.', 'B. 헌법재판소는 국무회의의 의결은 국가기관의 내부적 의사결정행위에 불과하여 그 자체로 국민에 대하여 직접적인 법률효과를 발생시키는 행위가 아니라고 본다.', 'C. 국정처리상황의 평가ㆍ분석 및 정부에 제출 또는 회부된 정부의 정책에 관계되는 청원의 심사는 헌법상 국무회의의 필수적 심의사항이다.', 'D. 국무총리는 대통령을 보좌하는 최상위의 지위에서 국무회의의 의장으로서 이를 주재한다.']",D,"A. 국무회의는 정부의 권한에 속하는 중요한 정책을 심의하며, 대통령ㆍ국무총리와 15인 이상 30인 이하의 국무위원으로 구성된다.
B. 헌법재판소는 국무회의의 의결은 국가기관의 내부적 의사결정행위에 불과하여 그 자체로 국민에 대하여 직접적인 법률효과를 발생시키는 행위가 아니라고 본다.
C. 국정처리상황의 평가ㆍ분석 및 정부에 제출 또는 회부된 정부의 정책에 관계되는 청원의 심사는 헌법상 국무회의의 필수적 심의사항이다.
D. 국무총리는 대통령을 보좌하는 최상위의 지위에서 국무회의의 의장으로서 이를 주재한다.
","다음은 한국사회의 법에 대한 문제이다.
국무회의에 대한 설명으로 옳지 않은 것은?
A. 국무회의는 정부의 권한에 속하는 중요한 정책을 심의하며, 대통령ㆍ국무총리와 15인 이상 30인 이하의 국무위원으로 구성된다.
B. 헌법재판소는 국무회의의 의결은 국가기관의 내부적 의사결정행위에 불과하여 그 자체로 국민에 대하여 직접적인 법률효과를 발생시키는 행위가 아니라고 본다.
C. 국정처리상황의 평가ㆍ분석 및 정부에 제출 또는 회부된 정부의 정책에 관계되는 청원의 심사는 헌법상 국무회의의 필수적 심의사항이다.
D. 국무총리는 대통령을 보좌하는 최상위의 지위에서 국무회의의 의장으로서 이를 주재한다.
","Next is the issue of law in Korean society.
Which of the following is incorrect regarding the Cabinet meeting?
A. The State Council deliberates on important policies within the authority of the government and is composed of the President, Prime Minister, and 15 to 30 State Council members.
B. The Constitutional Court believes that the resolution of the State Council is merely an internal decision-making act of a state agency and does not in itself have a direct legal effect on the people.
C. Evaluation and analysis of the status of state affairs and review of petitions related to the government's policies submitted or referred to the government are essential matters for deliberation by the State Council under the Constitution.
D. The Prime Minister holds the highest position assisting the President and presides over the Cabinet meeting as chairman.
"
534,PSAT_17_14,,"다음은 한국사회의 법에 대한 문제이다.
기본권의 주체에 대한 설명으로 옳지 않은 것은? (다툼이 있는 경우 헌법재판소 결정에 의함)","['A. 아동과 청소년의 인격권은 성인과 마찬가지로 인간의 존엄성 및 행복추구권을 보장하는 헌법 제10조에 의하여 보호된다.', 'B. 착상 전 초기배아의 경우 인간으로의 성장가능성을 기대할 수 있으므로 기본권 주체성이 인정된다.', ""C. 인간의 존엄과 가치 및 행복추구권은 '인간의 권리'로서 외국인도 그 주체가 될 수 있다."", 'D. 법인인 방송사업자의 의사에 반한 사과행위를 강제하는 것은 방송사업자의 인격권을 제한한다.']",B,"A. 아동과 청소년의 인격권은 성인과 마찬가지로 인간의 존엄성 및 행복추구권을 보장하는 헌법 제10조에 의하여 보호된다.
B. 착상 전 초기배아의 경우 인간으로의 성장가능성을 기대할 수 있으므로 기본권 주체성이 인정된다.
C. 인간의 존엄과 가치 및 행복추구권은 '인간의 권리'로서 외국인도 그 주체가 될 수 있다.
D. 법인인 방송사업자의 의사에 반한 사과행위를 강제하는 것은 방송사업자의 인격권을 제한한다.
","다음은 한국사회의 법에 대한 문제이다.
기본권의 주체에 대한 설명으로 옳지 않은 것은? (다툼이 있는 경우 헌법재판소 결정에 의함)
A. 아동과 청소년의 인격권은 성인과 마찬가지로 인간의 존엄성 및 행복추구권을 보장하는 헌법 제10조에 의하여 보호된다.
B. 착상 전 초기배아의 경우 인간으로의 성장가능성을 기대할 수 있으므로 기본권 주체성이 인정된다.
C. 인간의 존엄과 가치 및 행복추구권은 '인간의 권리'로서 외국인도 그 주체가 될 수 있다.
D. 법인인 방송사업자의 의사에 반한 사과행위를 강제하는 것은 방송사업자의 인격권을 제한한다.
","Next is the issue of law in Korean society.
Which of the following is incorrect regarding the subject of basic rights? (If there is a dispute, it will be decided by the Constitutional Court)
A. The personality rights of children and adolescents, like those of adults, are protected by Article 10 of the Constitution, which guarantees human dignity and the right to pursue happiness.
B. In the case of an early embryo before implantation, the possibility of growth into a human being can be expected, so the basic rights of subjectivity are recognized.
C. Human dignity, value, and the right to pursue happiness are ‘human rights’ and foreigners can also become subjects of them.
D. Forcing a corporation to apologize against the will of a broadcasting business operator limits the personality rights of the broadcasting business operator.
"
535,PSAT_17_15,,"다음은 한국사회의 법에 대한 문제이다.
헌법상 법률제정 절차에 대한 설명으로 옳지 않은 것은?","['A. 국회에서 의결된 법률안은 정부에 이송되어 15일 이내에 대통령이 공포한다.', 'B. 법률안에 이의가 있을 때에는 대통령은 법률안이 정부로 이송된 후 15일 이내에 이의서를 붙여 국회로 환부하고 그 재의를 요구할 수 있다.', 'C. 대통령은 법률안의 일부에 대하여 또는 법률안을 수정하여 재의를 요구할 수 없다.', 'D. 국회에서 확정된 법률이 정부에 이송된 후 5일 이내에 대통령이 공포하지 아니할 때에는 국무총리가 이를 공포한다.']",D,"A. 국회에서 의결된 법률안은 정부에 이송되어 15일 이내에 대통령이 공포한다.
B. 법률안에 이의가 있을 때에는 대통령은 법률안이 정부로 이송된 후 15일 이내에 이의서를 붙여 국회로 환부하고 그 재의를 요구할 수 있다.
C. 대통령은 법률안의 일부에 대하여 또는 법률안을 수정하여 재의를 요구할 수 없다.
D. 국회에서 확정된 법률이 정부에 이송된 후 5일 이내에 대통령이 공포하지 아니할 때에는 국무총리가 이를 공포한다.
","다음은 한국사회의 법에 대한 문제이다.
헌법상 법률제정 절차에 대한 설명으로 옳지 않은 것은?
A. 국회에서 의결된 법률안은 정부에 이송되어 15일 이내에 대통령이 공포한다.
B. 법률안에 이의가 있을 때에는 대통령은 법률안이 정부로 이송된 후 15일 이내에 이의서를 붙여 국회로 환부하고 그 재의를 요구할 수 있다.
C. 대통령은 법률안의 일부에 대하여 또는 법률안을 수정하여 재의를 요구할 수 없다.
D. 국회에서 확정된 법률이 정부에 이송된 후 5일 이내에 대통령이 공포하지 아니할 때에는 국무총리가 이를 공포한다.
","Next is the issue of law in Korean society.
Which of the following is incorrect regarding the constitutional law enactment procedure?
A. The bill passed by the National Assembly is transferred to the government and promulgated by the President within 15 days.
B. If there is an objection to the bill, the President may return it to the National Assembly with a written objection within 15 days after the bill is transferred to the government and request reconsideration.
C. The President cannot request reconsideration of part of a bill or by modifying the bill.
D. If the President does not promulgate the law confirmed by the National Assembly within 5 days after it is transferred to the government, the Prime Minister shall promulgate it.
"
536,PSAT_17_16,,"다음은 한국사회의 법에 대한 문제이다.
헌법상 국회의 특별정족수에 대한 설명으로 옳지 않은 것은?","['A. 헌법재판소 재판관에 대한 탄핵소추는 국회재적의원 3분의 1 이상의 발의와 재적의원 과반수의 찬성이 있어야 한다.', 'B. 국무총리 해임건의는 국회재적의원 과반수의 발의와 재적의원 3분의 2 이상의 찬성이 있어야 한다.', 'C. 국회의원을 제명하려면 국회재적의원 3분의 2 이상의 찬성이 있어야 한다.', 'D. 헌법개정안에 대한 국회의 의결은 재적의원 3분의 2 이상의 찬성을 얻어야 한다.']",B,"A. 헌법재판소 재판관에 대한 탄핵소추는 국회재적의원 3분의 1 이상의 발의와 재적의원 과반수의 찬성이 있어야 한다.
B. 국무총리 해임건의는 국회재적의원 과반수의 발의와 재적의원 3분의 2 이상의 찬성이 있어야 한다.
C. 국회의원을 제명하려면 국회재적의원 3분의 2 이상의 찬성이 있어야 한다.
D. 헌법개정안에 대한 국회의 의결은 재적의원 3분의 2 이상의 찬성을 얻어야 한다.
","다음은 한국사회의 법에 대한 문제이다.
헌법상 국회의 특별정족수에 대한 설명으로 옳지 않은 것은?
A. 헌법재판소 재판관에 대한 탄핵소추는 국회재적의원 3분의 1 이상의 발의와 재적의원 과반수의 찬성이 있어야 한다.
B. 국무총리 해임건의는 국회재적의원 과반수의 발의와 재적의원 3분의 2 이상의 찬성이 있어야 한다.
C. 국회의원을 제명하려면 국회재적의원 3분의 2 이상의 찬성이 있어야 한다.
D. 헌법개정안에 대한 국회의 의결은 재적의원 3분의 2 이상의 찬성을 얻어야 한다.
","Next is the issue of law in Korean society.
Which of the following is incorrect regarding the special quorum of the National Assembly under the Constitution?
A. Impeachment of a judge of the Constitutional Court must be initiated by more than one-third of the members of the National Assembly and approved by a majority of the members of the National Assembly.
B. A proposal to dismiss the Prime Minister must be proposed by a majority of the members of the National Assembly and approved by more than two-thirds of the members of the National Assembly.
C. To expel a member of the National Assembly, the approval of more than two-thirds of the members of the National Assembly must be obtained.
D. The National Assembly's resolution on a constitutional amendment must obtain the approval of more than two-thirds of the registered members.
"
537,PSAT_17_17,,"다음은 한국사회의 법에 대한 문제이다.
집회의 자유에 대한 설명으로 옳지 않은 것은? (다툼이 있는 경우 헌법재판소 결정에 의함)","['A. 집회의 자유는 개인의 인격발현의 요소이자 민주주의를 구성하는 요소라는 이중적 헌법적 기능을 가지고 있다.', 'B. 집회의 자유는 개인이 집회에 참가하는 것을 방해하거나 또는 집회에 참가할 것을 강요하는 국가행위를 금지한다.', 'C. 집회의 금지와 해산은 원칙적으로 공공의 안녕질서에 대한 직접적인 위협이 명백하게 존재하는 경우에 한하여 허용될 수 있다.', 'D. 외교기관 인근에서의 집회가 일반적으로 다른 장소와 비교할 때 중요한 보호법익과의 충돌상황을 야기할 수 있다거나, 이로써 법익에 대한 침해로 이어질 개연성이 높다고는 할 수 없다.']",D,"A. 집회의 자유는 개인의 인격발현의 요소이자 민주주의를 구성하는 요소라는 이중적 헌법적 기능을 가지고 있다.
B. 집회의 자유는 개인이 집회에 참가하는 것을 방해하거나 또는 집회에 참가할 것을 강요하는 국가행위를 금지한다.
C. 집회의 금지와 해산은 원칙적으로 공공의 안녕질서에 대한 직접적인 위협이 명백하게 존재하는 경우에 한하여 허용될 수 있다.
D. 외교기관 인근에서의 집회가 일반적으로 다른 장소와 비교할 때 중요한 보호법익과의 충돌상황을 야기할 수 있다거나, 이로써 법익에 대한 침해로 이어질 개연성이 높다고는 할 수 없다.
","다음은 한국사회의 법에 대한 문제이다.
집회의 자유에 대한 설명으로 옳지 않은 것은? (다툼이 있는 경우 헌법재판소 결정에 의함)
A. 집회의 자유는 개인의 인격발현의 요소이자 민주주의를 구성하는 요소라는 이중적 헌법적 기능을 가지고 있다.
B. 집회의 자유는 개인이 집회에 참가하는 것을 방해하거나 또는 집회에 참가할 것을 강요하는 국가행위를 금지한다.
C. 집회의 금지와 해산은 원칙적으로 공공의 안녕질서에 대한 직접적인 위협이 명백하게 존재하는 경우에 한하여 허용될 수 있다.
D. 외교기관 인근에서의 집회가 일반적으로 다른 장소와 비교할 때 중요한 보호법익과의 충돌상황을 야기할 수 있다거나, 이로써 법익에 대한 침해로 이어질 개연성이 높다고는 할 수 없다.
","Next is the issue of law in Korean society.
Which of the following is incorrect regarding freedom of assembly? (If there is a dispute, it will be decided by the Constitutional Court)
A. Freedom of assembly has a dual constitutional function: it is an element of individual character development and a constitutive element of democracy.
B. Freedom of assembly prohibits state action that prevents individuals from participating in assemblies or forces them to participate.
C. In principle, prohibition and dispersal of assemblies may be permitted only in cases where a direct threat to public peace and order clearly exists.
D. Compared to other places, it cannot be said that a gathering near a diplomatic institution is generally likely to cause a conflict with important protected legal interests or that it is highly likely to lead to infringement on legal interests.
"
538,PSAT_17_18,,"다음은 한국사회의 법에 대한 문제이다.
헌법개정에 대한 설명으로 옳지 않은 것은?","['A. 헌법개정은 국회재적의원 과반수 또는 대통령의 발의로 제안된다.', 'B. 국회는 헌법개정안이 공고된 날로부터 30일 이내에 의결하여야 한다.', 'C. 헌법개정안은 국회가 의결한 후 30일 이내에 국민투표에 붙여 국회의원선거권자 과반수의 투표와 투표자 과반수의 찬성을 얻어야 한다.', 'D. 제안된 헌법개정안은 대통령이 20일 이상의 기간 이를 공고하여야 한다.']",B,"A. 헌법개정은 국회재적의원 과반수 또는 대통령의 발의로 제안된다.
B. 국회는 헌법개정안이 공고된 날로부터 30일 이내에 의결하여야 한다.
C. 헌법개정안은 국회가 의결한 후 30일 이내에 국민투표에 붙여 국회의원선거권자 과반수의 투표와 투표자 과반수의 찬성을 얻어야 한다.
D. 제안된 헌법개정안은 대통령이 20일 이상의 기간 이를 공고하여야 한다.
","다음은 한국사회의 법에 대한 문제이다.
헌법개정에 대한 설명으로 옳지 않은 것은?
A. 헌법개정은 국회재적의원 과반수 또는 대통령의 발의로 제안된다.
B. 국회는 헌법개정안이 공고된 날로부터 30일 이내에 의결하여야 한다.
C. 헌법개정안은 국회가 의결한 후 30일 이내에 국민투표에 붙여 국회의원선거권자 과반수의 투표와 투표자 과반수의 찬성을 얻어야 한다.
D. 제안된 헌법개정안은 대통령이 20일 이상의 기간 이를 공고하여야 한다.
","Next is the issue of law in Korean society.
Which of the following is incorrect regarding the constitutional amendment?
A. Constitutional amendments are proposed by a majority of the members of the National Assembly or by the President.
B. The National Assembly must pass a resolution on the constitutional amendment within 30 days from the date it is announced.
C. The constitutional amendment must be submitted to a national referendum within 30 days after resolution by the National Assembly and must receive the votes of a majority of eligible voters and the approval of a majority of voters.
D. The President must announce a proposed constitutional amendment for a period of at least 20 days.
"
539,PSAT_17_19,,"다음은 한국사회의 법에 대한 문제이다.
대통령에 대한 설명으로 옳지 않은 것은?","['A. 대통령의 국법상 행위는 문서로써 하며, 이 문서에는 국무총리와 관계 국무위원이 부서한다. 다만, 군사에 관한 것은 예외로 한다.', 'B. 대통령은 내란 또는 외환의 죄를 범한 경우를 제외하고는 재직 중 형사상의 소추를 받지 아니한다.', 'C. 대통령은 법률이 정하는 바에 의하여 사면ㆍ감형 또는 복권을 명할 수 있으며, 일반사면을 명하려면 국회의 동의를 얻어야 한다.', 'D. 대통령 선거에 있어서 최고득표자가 2인 이상인 때에는 국회의 재적의원 과반수가 출석한 공개회의에서 다수표를 얻은 자를 당선자로 한다.']",A,"A. 대통령의 국법상 행위는 문서로써 하며, 이 문서에는 국무총리와 관계 국무위원이 부서한다. 다만, 군사에 관한 것은 예외로 한다.
B. 대통령은 내란 또는 외환의 죄를 범한 경우를 제외하고는 재직 중 형사상의 소추를 받지 아니한다.
C. 대통령은 법률이 정하는 바에 의하여 사면ㆍ감형 또는 복권을 명할 수 있으며, 일반사면을 명하려면 국회의 동의를 얻어야 한다.
D. 대통령 선거에 있어서 최고득표자가 2인 이상인 때에는 국회의 재적의원 과반수가 출석한 공개회의에서 다수표를 얻은 자를 당선자로 한다.
","다음은 한국사회의 법에 대한 문제이다.
대통령에 대한 설명으로 옳지 않은 것은?
A. 대통령의 국법상 행위는 문서로써 하며, 이 문서에는 국무총리와 관계 국무위원이 부서한다. 다만, 군사에 관한 것은 예외로 한다.
B. 대통령은 내란 또는 외환의 죄를 범한 경우를 제외하고는 재직 중 형사상의 소추를 받지 아니한다.
C. 대통령은 법률이 정하는 바에 의하여 사면ㆍ감형 또는 복권을 명할 수 있으며, 일반사면을 명하려면 국회의 동의를 얻어야 한다.
D. 대통령 선거에 있어서 최고득표자가 2인 이상인 때에는 국회의 재적의원 과반수가 출석한 공개회의에서 다수표를 얻은 자를 당선자로 한다.
","Next is the issue of law in Korean society.
Which of the following is not an accurate description of the president?
A. The President's actions under national law are done in writing, and this document is countersigned by the Prime Minister and the relevant State Council members. However, military matters are an exception.
B. The President shall not be subject to criminal prosecution while in office, except in cases of insurrection or foreign exchange.
C. The President may order pardon, commutation, or reinstatement in accordance with the provisions of law, and must obtain the consent of the National Assembly to order a general pardon.
D. In a presidential election, when there are two or more people receiving the highest number of votes, the person who receives the majority of votes at a public meeting attended by a majority of the registered members of the National Assembly is declared elected.
"
540,PSAT_17_20,,"다음은 한국사회의 법에 대한 문제이다.
현행 헌법에 대한 설명으로 옳지 않은 것은?","['A. 정당 조항과 헌법재판소 조항을 처음으로 규정하면서 정당해산을 헌법재판소의 결정에 따르게 하였다.', 'B. 전문, 본10개장 130개조, 부칙 6개조로 구성되어 있으며, 제9차 헌법개정으로 탄생하였다.', 'C. 헌법전문에서 대한민국임시정부의 법통과 불의에 항거한 4/19민주이념의 계승 및 조국의 민주개혁의 사명을 명시하였다.', 'D. 대통령직선제로 변경하면서 5년 단임제를 채택하였고, 대통령의 국회해산권은 폐지하였다.']",A,"A. 정당 조항과 헌법재판소 조항을 처음으로 규정하면서 정당해산을 헌법재판소의 결정에 따르게 하였다.
B. 전문, 본10개장 130개조, 부칙 6개조로 구성되어 있으며, 제9차 헌법개정으로 탄생하였다.
C. 헌법전문에서 대한민국임시정부의 법통과 불의에 항거한 4/19민주이념의 계승 및 조국의 민주개혁의 사명을 명시하였다.
D. 대통령직선제로 변경하면서 5년 단임제를 채택하였고, 대통령의 국회해산권은 폐지하였다.
","다음은 한국사회의 법에 대한 문제이다.
현행 헌법에 대한 설명으로 옳지 않은 것은?
A. 정당 조항과 헌법재판소 조항을 처음으로 규정하면서 정당해산을 헌법재판소의 결정에 따르게 하였다.
B. 전문, 본10개장 130개조, 부칙 6개조로 구성되어 있으며, 제9차 헌법개정으로 탄생하였다.
C. 헌법전문에서 대한민국임시정부의 법통과 불의에 항거한 4/19민주이념의 계승 및 조국의 민주개혁의 사명을 명시하였다.
D. 대통령직선제로 변경하면서 5년 단임제를 채택하였고, 대통령의 국회해산권은 폐지하였다.
","Next is the issue of law in Korean society.
Which of the following is incorrect regarding the current Constitution?
A. Provisions for political parties and the Constitutional Court were stipulated for the first time, making the dissolution of political parties subject to the decision of the Constitutional Court.
B. It consists of the preamble, 10 main chapters, 130 articles, and 6 supplementary provisions, and was created through the 9th constitutional amendment.
C. The preamble to the Constitution clearly states the passage of the law by the Provisional Government of the Republic of Korea, the inheritance of the 4/19 democratic ideology that protested against injustice, and the mission of democratic reform in the country.
D. When changing to a direct presidential election system, a single five-year term system was adopted, and the president's right to dissolve the National Assembly was abolished.
"
541,PSAT_17_21,,"다음은 한국사회의 법에 대한 문제이다.
참정권에 대한 설명으로 옳지 않은 것은? (다툼이 있는 경우 헌법재판소 결정에 의함)","['A. 민주국가에서의 국민주권의 원리는 무엇보다도 대의기관의 선출을 의미하는 선거와 일정사항에 대한 국민의 직접적 결단을 의미하는 국민투표에 의하여 실현된다.', 'B. 지방자치단체의 장 선거권 역시 국회의원ㆍ대통령ㆍ지방의회의원 선거권과 마찬가지로 헌법에 의해 보호되는 기본권으로 인정하여야 한다.', 'C. 부재자투표시간을 오전 10시부터 오후 4시까지로 정하고 있는 법률규정은 투표함관리의 효율성과 안정성을 위해 필요하므로 헌법에 합치된다.', 'D. 집행유예자와 수형자 모두를 구체적인 범죄의 종류나 내용 및 불법성의 정도 등과 관계없이 일률적으로 선거권을 제한하는 것은 헌법에 위배된다.']",C,"A. 민주국가에서의 국민주권의 원리는 무엇보다도 대의기관의 선출을 의미하는 선거와 일정사항에 대한 국민의 직접적 결단을 의미하는 국민투표에 의하여 실현된다.
B. 지방자치단체의 장 선거권 역시 국회의원ㆍ대통령ㆍ지방의회의원 선거권과 마찬가지로 헌법에 의해 보호되는 기본권으로 인정하여야 한다.
C. 부재자투표시간을 오전 10시부터 오후 4시까지로 정하고 있는 법률규정은 투표함관리의 효율성과 안정성을 위해 필요하므로 헌법에 합치된다.
D. 집행유예자와 수형자 모두를 구체적인 범죄의 종류나 내용 및 불법성의 정도 등과 관계없이 일률적으로 선거권을 제한하는 것은 헌법에 위배된다.
","다음은 한국사회의 법에 대한 문제이다.
참정권에 대한 설명으로 옳지 않은 것은? (다툼이 있는 경우 헌법재판소 결정에 의함)
A. 민주국가에서의 국민주권의 원리는 무엇보다도 대의기관의 선출을 의미하는 선거와 일정사항에 대한 국민의 직접적 결단을 의미하는 국민투표에 의하여 실현된다.
B. 지방자치단체의 장 선거권 역시 국회의원ㆍ대통령ㆍ지방의회의원 선거권과 마찬가지로 헌법에 의해 보호되는 기본권으로 인정하여야 한다.
C. 부재자투표시간을 오전 10시부터 오후 4시까지로 정하고 있는 법률규정은 투표함관리의 효율성과 안정성을 위해 필요하므로 헌법에 합치된다.
D. 집행유예자와 수형자 모두를 구체적인 범죄의 종류나 내용 및 불법성의 정도 등과 관계없이 일률적으로 선거권을 제한하는 것은 헌법에 위배된다.
","Next is the issue of law in Korean society.
Which of the following is not an accurate statement about suffrage? (If there is a dispute, it will be decided by the Constitutional Court)
A. The principle of popular sovereignty in a democratic country is realized, above all, by elections, which mean the election of representative bodies, and referendums, which mean the people's direct decision on certain matters.
B. The right to vote for heads of local governments must also be recognized as a basic right protected by the Constitution, just like the right to vote for members of the National Assembly, the President, and local council members.
C. The legal provisions that set absentee voting hours from 10 a.m. to 4 p.m. are necessary for the efficiency and stability of ballot box management and are therefore consistent with the Constitution.
D. It is unconstitutional to uniformly restrict the voting rights of both probationers and prisoners, regardless of the type or content of the specific crime or the degree of illegality.
"
542,PSAT_17_22,,"다음은 한국사회의 법에 대한 문제이다.
기본권 제한에 대한 설명으로 옳지 않은 것은?","[""A. 헌법재판소에 따르면 정당의 설립 및 가입을 금지하는 법률조항은 이를 정당화하는 사유의 중대성에 있어서 적어도 '민주적 기본질서에 대한 위반'에 버금가는 것이어야 한다."", 'B. 재산권을 보장하면서 공용수용ㆍ공용사용ㆍ공용제한의 방식으로 재산권을 제한하는 경우에는 공공필요라는 목적이 있어야 한다.', 'C. 법률에 의해 일반적으로 기본권을 제한하는 경우에는 국가안전보장ㆍ질서유지 또는 공공복리라는 목적이 있어야 한다.', 'D. 법률이 정하는 주요방위산업체에 종사하는 근로자의 단체교섭권은 법률이 정하는 바에 의하여 이를 제한하거나 인정하지 아니할 수 있다.']",D,"A. 헌법재판소에 따르면 정당의 설립 및 가입을 금지하는 법률조항은 이를 정당화하는 사유의 중대성에 있어서 적어도 '민주적 기본질서에 대한 위반'에 버금가는 것이어야 한다.
B. 재산권을 보장하면서 공용수용ㆍ공용사용ㆍ공용제한의 방식으로 재산권을 제한하는 경우에는 공공필요라는 목적이 있어야 한다.
C. 법률에 의해 일반적으로 기본권을 제한하는 경우에는 국가안전보장ㆍ질서유지 또는 공공복리라는 목적이 있어야 한다.
D. 법률이 정하는 주요방위산업체에 종사하는 근로자의 단체교섭권은 법률이 정하는 바에 의하여 이를 제한하거나 인정하지 아니할 수 있다.
","다음은 한국사회의 법에 대한 문제이다.
기본권 제한에 대한 설명으로 옳지 않은 것은?
A. 헌법재판소에 따르면 정당의 설립 및 가입을 금지하는 법률조항은 이를 정당화하는 사유의 중대성에 있어서 적어도 '민주적 기본질서에 대한 위반'에 버금가는 것이어야 한다.
B. 재산권을 보장하면서 공용수용ㆍ공용사용ㆍ공용제한의 방식으로 재산권을 제한하는 경우에는 공공필요라는 목적이 있어야 한다.
C. 법률에 의해 일반적으로 기본권을 제한하는 경우에는 국가안전보장ㆍ질서유지 또는 공공복리라는 목적이 있어야 한다.
D. 법률이 정하는 주요방위산업체에 종사하는 근로자의 단체교섭권은 법률이 정하는 바에 의하여 이를 제한하거나 인정하지 아니할 수 있다.
","Next is the issue of law in Korean society.
Which of the following is not an accurate statement regarding restrictions on basic rights?
A. According to the Constitutional Court, the legal provisions prohibiting the establishment and membership of political parties must be at least as serious as a 'violation of the basic democratic order' in terms of the gravity of the reasons justifying it.
B. In cases where property rights are restricted through public expropriation, public use, or public use restrictions while guaranteeing property rights, there must be a purpose of public necessity.
C. In cases where basic rights are generally restricted by law, there must be a purpose of ensuring national security, maintaining order, or public welfare.
D. The right to collective bargaining of workers engaged in major defense industries as prescribed by law may be restricted or not recognized as prescribed by law.
"
543,PSAT_17_23,,"다음은 한국사회의 법에 대한 문제이다.
절차적 기본권에 대한 설명으로 옳지 않은 것은? (다툼이 있는 경우 헌법재판소 결정에 의함)","['A. 규정은 재판청구권을 침해하여 위헌이다.', 'B. 기피신청에 대한 재판을 그 신청을 받은 법관의 소속 법원 합의부에서 하도록 한 민사소송법 규정은 공정한 재판을 받을 권리를 침해하지 않는다.', 'C. 재심사유를 알고도 주장하지 아니한 때에는 재심의 소를 제기할 수 없도록 규정한 민사소송법 규정은 재판청구권을 침해하지 않는다.', 'D. 무죄판결이 확정된 형사피고인에게 국선변호인의 보수에 준하여 변호사 보수를 보상하여 주도록 규정한 형사소송법 규정은 재판청구권을 침해하지 않는다.']",A,"A. 규정은 재판청구권을 침해하여 위헌이다.
B. 기피신청에 대한 재판을 그 신청을 받은 법관의 소속 법원 합의부에서 하도록 한 민사소송법 규정은 공정한 재판을 받을 권리를 침해하지 않는다.
C. 재심사유를 알고도 주장하지 아니한 때에는 재심의 소를 제기할 수 없도록 규정한 민사소송법 규정은 재판청구권을 침해하지 않는다.
D. 무죄판결이 확정된 형사피고인에게 국선변호인의 보수에 준하여 변호사 보수를 보상하여 주도록 규정한 형사소송법 규정은 재판청구권을 침해하지 않는다.
","다음은 한국사회의 법에 대한 문제이다.
절차적 기본권에 대한 설명으로 옳지 않은 것은? (다툼이 있는 경우 헌법재판소 결정에 의함)
A. 규정은 재판청구권을 침해하여 위헌이다.
B. 기피신청에 대한 재판을 그 신청을 받은 법관의 소속 법원 합의부에서 하도록 한 민사소송법 규정은 공정한 재판을 받을 권리를 침해하지 않는다.
C. 재심사유를 알고도 주장하지 아니한 때에는 재심의 소를 제기할 수 없도록 규정한 민사소송법 규정은 재판청구권을 침해하지 않는다.
D. 무죄판결이 확정된 형사피고인에게 국선변호인의 보수에 준하여 변호사 보수를 보상하여 주도록 규정한 형사소송법 규정은 재판청구권을 침해하지 않는다.
","Next is the issue of law in Korean society.
Which of the following is incorrect regarding basic procedural rights? (If there is a dispute, it will be decided by the Constitutional Court)
A. The regulations are unconstitutional because they violate the right to a trial.
B. The provisions of the Civil Procedure Act that require a trial on a request for recusal to be made by the collegial division of the court to which the judge who received the request does not infringe the right to a fair trial.
C. The provisions of the Civil Procedure Act, which stipulates that a suit for retrial cannot be filed when the grounds for retrial are known but not asserted, do not infringe on the right to request a trial.
D. The provisions of the Criminal Procedure Act, which stipulates that criminal defendants who have been found not guilty be compensated with attorney's fees in accordance with the public defender's fees, do not infringe on the right to seek trial.
"
544,PSAT_17_24,,"다음은 한국사회의 법에 대한 문제이다.
근로3권에 대한 설명으로 옳지 않은 것은? (다툼이 있는 경우 헌법재판소 결정에 의함)","['A. 노동조합을 설립할 때에 행정관청에 설립신고서를 제출하도록 하고 그 요건을 충족하지 못하는 경우 설립신고서를 반려하도록 규정하고 있는 노동조합법 규정은 노동조합법상 요구되는 요건만 충족하면 노동조합의 설립이 자유롭다는 점에서 헌법에서 금지하는 결사에 대한 허가제에 해당하지 않는다.', 'B. 근로자가 노동조합을 결성하지 아니할 자유나 노동조합에 가입을 강제당하지 아니할 자유는 단결권의 내용에 포섭되는 것이 아니라, 일반적 행동자유권 또는 결사의 자유에서 그 근거를 찾을 수 있다.', 'C. 교원의 노동조합 설립 및 운영 등에 관한 법률의 적용을 받는 교원의 범위를 초ㆍ중등학교에 재직 중인 교원으로 한정하고 있는 것은 전국교직원노동조합 및 해직 교원들의 단결권을 침해하지 아니한다.', 'D. 노동조합이 당해 사업장에 종사하는 근로자의 3분의 2 이상을 대표하고 있을 때에는 근로자가 그 노동조합의 조합원이 될 것을 고용조건으로 하는 단체협약의 체결을 부당노동행위의 예외로 하는 법률규정은, 노동조합의 적극적 단결권이 근로자 개인의 단결하지 않을 자유보다 중시된다고 할 수 없고 노동조합에게 위와 같은 조직강제권을 부여하는 것은 근로자의 단결하지 아니할 자유의 본질적인 내용을 침해하는 것이므로 근로자의 단결권을 보장한 헌법에 위반된다.']",D,"A. 노동조합을 설립할 때에 행정관청에 설립신고서를 제출하도록 하고 그 요건을 충족하지 못하는 경우 설립신고서를 반려하도록 규정하고 있는 노동조합법 규정은 노동조합법상 요구되는 요건만 충족하면 노동조합의 설립이 자유롭다는 점에서 헌법에서 금지하는 결사에 대한 허가제에 해당하지 않는다.
B. 근로자가 노동조합을 결성하지 아니할 자유나 노동조합에 가입을 강제당하지 아니할 자유는 단결권의 내용에 포섭되는 것이 아니라, 일반적 행동자유권 또는 결사의 자유에서 그 근거를 찾을 수 있다.
C. 교원의 노동조합 설립 및 운영 등에 관한 법률의 적용을 받는 교원의 범위를 초ㆍ중등학교에 재직 중인 교원으로 한정하고 있는 것은 전국교직원노동조합 및 해직 교원들의 단결권을 침해하지 아니한다.
D. 노동조합이 당해 사업장에 종사하는 근로자의 3분의 2 이상을 대표하고 있을 때에는 근로자가 그 노동조합의 조합원이 될 것을 고용조건으로 하는 단체협약의 체결을 부당노동행위의 예외로 하는 법률규정은, 노동조합의 적극적 단결권이 근로자 개인의 단결하지 않을 자유보다 중시된다고 할 수 없고 노동조합에게 위와 같은 조직강제권을 부여하는 것은 근로자의 단결하지 아니할 자유의 본질적인 내용을 침해하는 것이므로 근로자의 단결권을 보장한 헌법에 위반된다.
","다음은 한국사회의 법에 대한 문제이다.
근로3권에 대한 설명으로 옳지 않은 것은? (다툼이 있는 경우 헌법재판소 결정에 의함)
A. 노동조합을 설립할 때에 행정관청에 설립신고서를 제출하도록 하고 그 요건을 충족하지 못하는 경우 설립신고서를 반려하도록 규정하고 있는 노동조합법 규정은 노동조합법상 요구되는 요건만 충족하면 노동조합의 설립이 자유롭다는 점에서 헌법에서 금지하는 결사에 대한 허가제에 해당하지 않는다.
B. 근로자가 노동조합을 결성하지 아니할 자유나 노동조합에 가입을 강제당하지 아니할 자유는 단결권의 내용에 포섭되는 것이 아니라, 일반적 행동자유권 또는 결사의 자유에서 그 근거를 찾을 수 있다.
C. 교원의 노동조합 설립 및 운영 등에 관한 법률의 적용을 받는 교원의 범위를 초ㆍ중등학교에 재직 중인 교원으로 한정하고 있는 것은 전국교직원노동조합 및 해직 교원들의 단결권을 침해하지 아니한다.
D. 노동조합이 당해 사업장에 종사하는 근로자의 3분의 2 이상을 대표하고 있을 때에는 근로자가 그 노동조합의 조합원이 될 것을 고용조건으로 하는 단체협약의 체결을 부당노동행위의 예외로 하는 법률규정은, 노동조합의 적극적 단결권이 근로자 개인의 단결하지 않을 자유보다 중시된다고 할 수 없고 노동조합에게 위와 같은 조직강제권을 부여하는 것은 근로자의 단결하지 아니할 자유의 본질적인 내용을 침해하는 것이므로 근로자의 단결권을 보장한 헌법에 위반된다.
","Next is the issue of law in Korean society.
Which of the following is incorrect regarding the three working rights? (If there is a dispute, it will be decided by the Constitutional Court)
A. The provisions of the Trade Union Act stipulate that when establishing a labor union, a report of establishment must be submitted to the administrative office and that the report of establishment be rejected if the requirements are not met. The establishment of a labor union is allowed as long as the requirements of the Trade Union Act are met. Because it is free, it does not fall under the permit system for association prohibited by the Constitution.
B. The freedom of workers not to form a labor union or be forced to join a labor union is not included in the content of the right to organize, but can be found in the general right to freedom of action or freedom of association.
C. Limiting the scope of teachers subject to the Act on the Establishment and Management of Teachers' Labor Union to teachers working in elementary and middle schools does not infringe on the right to organize of the National Teachers' Union and dismissed teachers.
D. When a labor union represents more than two-thirds of the workers at the workplace, a legal provision that makes it an exception to unfair labor practices to conclude a collective agreement that stipulates that workers become members of the labor union as a condition of employment. However, it cannot be said that the labor union's right to actively organize is more important than the individual worker's freedom not to organize, and granting the labor union the above right to compel organization violates the essential content of workers' freedom not to organize, so workers' right to organize is guaranteed. It violates the Constitution.
"
545,PSAT_17_25,,"다음은 한국사회의 법에 대한 문제이다.
신체의 자유에 대한 설명으로 옳지 않은 것은? (다툼이 있는 경우 헌법재판소 결정에 의함)","['A. 성폭력범죄를 저지른 성도착증 환자로서 재범의 위험성이 인정되는 19세 이상의 사람에 대해 법원이 15년의 범위에서 치료명령을 선고할 수 있도록 한 법률규정은, 장기형이 선고되는 경우 치료명령의 선고시점과 집행시점 사이에 상당한 시간적 간극이 있어 집행시점에서 발생할 수 있는 불필요한 치료와 관련한 부분에 대해서는 침해의 최소성과 법익균형성이 인정되지 않기 때문에 피치료자의 신체의 자유를 침해한다.', 'B. 강제퇴거명령을 받은 사람을 즉시 대한민국 밖으로 송환할 수 없으면 송환할 수 있을 때까지 보호시설에 보호할 수 있도록 하는 법률규정은, 보호의 상한을 설정하지 않아 장기 혹은 무기한의 구금을 가능하게 하므로 과잉금지원칙에 위배되어 신체의 자유를 침해한다.', 'C. 금치의 징벌을 받은 수용자에 대해 금치기간 중 실외운동을 원칙적으로 제한하고 예외적으로 실외운동을 허용하는 경우에도 실외운동의 기회가 부여되어야 하는 최저기준을 명시하지 않고 있는 규정은, 실외운동은 구금되어 있는 수용자의 신체적ㆍ정신적 건강을 유지하기 위한 최소한의 기본적 요청이고, 수용자의 건강 유지는 교정교화와 건전한 사회복귀라는 형 집행의 근본적 목표를 달성하는 데 필수적이므로 침해의 최소성 원칙에 위배되어 신체의 자유를 침해한다.', 'D. 관광진흥개발기금 관리ㆍ운용업무에 종사토록 하기 위해 문화체육관광부장관에 의해 채용된 민간 전문가에 대해 형법상 뇌물죄의 적용에 있어서 공무원으로 의제하는 법률규정은, 민간 전문가를 모든 영역에서 공무원으로 의제하는 것이 아니라 직무의 불가매수성을 담보한다는 요청에 의해 금품수수행위 등 직무 관련 비리행위를 엄격히 처벌하기 위해 뇌물죄의 적용에 대하여만 공무원으로 의제하고 있으므로 과잉금지원칙에 위배되어 신체의 자유를 침해한다고 볼 수 없다.']",B,"A. 성폭력범죄를 저지른 성도착증 환자로서 재범의 위험성이 인정되는 19세 이상의 사람에 대해 법원이 15년의 범위에서 치료명령을 선고할 수 있도록 한 법률규정은, 장기형이 선고되는 경우 치료명령의 선고시점과 집행시점 사이에 상당한 시간적 간극이 있어 집행시점에서 발생할 수 있는 불필요한 치료와 관련한 부분에 대해서는 침해의 최소성과 법익균형성이 인정되지 않기 때문에 피치료자의 신체의 자유를 침해한다.
B. 강제퇴거명령을 받은 사람을 즉시 대한민국 밖으로 송환할 수 없으면 송환할 수 있을 때까지 보호시설에 보호할 수 있도록 하는 법률규정은, 보호의 상한을 설정하지 않아 장기 혹은 무기한의 구금을 가능하게 하므로 과잉금지원칙에 위배되어 신체의 자유를 침해한다.
C. 금치의 징벌을 받은 수용자에 대해 금치기간 중 실외운동을 원칙적으로 제한하고 예외적으로 실외운동을 허용하는 경우에도 실외운동의 기회가 부여되어야 하는 최저기준을 명시하지 않고 있는 규정은, 실외운동은 구금되어 있는 수용자의 신체적ㆍ정신적 건강을 유지하기 위한 최소한의 기본적 요청이고, 수용자의 건강 유지는 교정교화와 건전한 사회복귀라는 형 집행의 근본적 목표를 달성하는 데 필수적이므로 침해의 최소성 원칙에 위배되어 신체의 자유를 침해한다.
D. 관광진흥개발기금 관리ㆍ운용업무에 종사토록 하기 위해 문화체육관광부장관에 의해 채용된 민간 전문가에 대해 형법상 뇌물죄의 적용에 있어서 공무원으로 의제하는 법률규정은, 민간 전문가를 모든 영역에서 공무원으로 의제하는 것이 아니라 직무의 불가매수성을 담보한다는 요청에 의해 금품수수행위 등 직무 관련 비리행위를 엄격히 처벌하기 위해 뇌물죄의 적용에 대하여만 공무원으로 의제하고 있으므로 과잉금지원칙에 위배되어 신체의 자유를 침해한다고 볼 수 없다.
","다음은 한국사회의 법에 대한 문제이다.
신체의 자유에 대한 설명으로 옳지 않은 것은? (다툼이 있는 경우 헌법재판소 결정에 의함)
A. 성폭력범죄를 저지른 성도착증 환자로서 재범의 위험성이 인정되는 19세 이상의 사람에 대해 법원이 15년의 범위에서 치료명령을 선고할 수 있도록 한 법률규정은, 장기형이 선고되는 경우 치료명령의 선고시점과 집행시점 사이에 상당한 시간적 간극이 있어 집행시점에서 발생할 수 있는 불필요한 치료와 관련한 부분에 대해서는 침해의 최소성과 법익균형성이 인정되지 않기 때문에 피치료자의 신체의 자유를 침해한다.
B. 강제퇴거명령을 받은 사람을 즉시 대한민국 밖으로 송환할 수 없으면 송환할 수 있을 때까지 보호시설에 보호할 수 있도록 하는 법률규정은, 보호의 상한을 설정하지 않아 장기 혹은 무기한의 구금을 가능하게 하므로 과잉금지원칙에 위배되어 신체의 자유를 침해한다.
C. 금치의 징벌을 받은 수용자에 대해 금치기간 중 실외운동을 원칙적으로 제한하고 예외적으로 실외운동을 허용하는 경우에도 실외운동의 기회가 부여되어야 하는 최저기준을 명시하지 않고 있는 규정은, 실외운동은 구금되어 있는 수용자의 신체적ㆍ정신적 건강을 유지하기 위한 최소한의 기본적 요청이고, 수용자의 건강 유지는 교정교화와 건전한 사회복귀라는 형 집행의 근본적 목표를 달성하는 데 필수적이므로 침해의 최소성 원칙에 위배되어 신체의 자유를 침해한다.
D. 관광진흥개발기금 관리ㆍ운용업무에 종사토록 하기 위해 문화체육관광부장관에 의해 채용된 민간 전문가에 대해 형법상 뇌물죄의 적용에 있어서 공무원으로 의제하는 법률규정은, 민간 전문가를 모든 영역에서 공무원으로 의제하는 것이 아니라 직무의 불가매수성을 담보한다는 요청에 의해 금품수수행위 등 직무 관련 비리행위를 엄격히 처벌하기 위해 뇌물죄의 적용에 대하여만 공무원으로 의제하고 있으므로 과잉금지원칙에 위배되어 신체의 자유를 침해한다고 볼 수 없다.
","Next is the issue of law in Korean society.
Which of the following is not correct regarding physical freedom? (If there is a dispute, it will be decided by the Constitutional Court)
A. The legal provision that allows the court to issue a treatment order within the range of 15 years for a person over 19 years of age who is a paraphilic patient who has committed a sexual crime and is recognized as being at risk of reoffending is when a treatment order is issued when a long-term sentence is sentenced. Since there is a significant time gap between the time of execution and the time of execution, the minimum infringement and balance of legal interests are not recognized for parts related to unnecessary treatment that may occur at the time of execution, which infringes on the physical freedom of the person being treated.
B. If a person who has received a deportation order cannot be immediately repatriated out of the Republic of Korea, the legal provision allows for the person to be protected in a protective facility until repatriation is possible, as it does not set an upper limit on protection, making long-term or indefinite detention possible. It violates the principle of prohibition of excess and infringes on physical freedom.
C. Even if outdoor exercise is in principle restricted during the period of confinement for inmates who have been punished by confinement, and outdoor exercise is permitted as an exception, the regulations do not specify the minimum standard by which opportunities for outdoor exercise must be provided, and outdoor exercise is prohibited. It is a basic minimum request to maintain the physical and mental health of prisoners in detention, and maintenance of the prisoners' health is essential to achieve the fundamental goal of execution, which is correction and rehabilitation and healthy return to society, so it violates the principle of minimum infringement. Infringes on physical freedom.
D. The legal provisions that treat private experts hired by the Minister of Culture, Sports and Tourism as public officials in the application of bribery under the Criminal Act to engage in the management and operation of the Tourism Promotion and Development Fund mean that private experts are considered public officials in all areas. In order to strictly punish job-related corruption, such as accepting bribes, at the request of guaranteeing the unbuyability of the job, only the application of bribery is being raised as a public official, which violates the principle of prohibition of excessive It cannot be considered an infringement.
"
546,PSAT_18_1,,"다음은 한국사회의 법에 대한 문제이다.
조약과 일반적으로 승인된 국제법규에 대한 설명으로 옳지 않은 것은? (다툼이 있는 경우 판례에 의함)","['A. 전 세계적으로 양심적 병역거부권의 보장에 관한 국제관습법이 형성되었다고 할 수 없어 양심적 병역거부가 일반적으로 승인된 국제법규로서 우리나라에 수용될 수는 없다.', 'B. 법률적 효력을 갖는 조약은 헌법재판소의 위헌법률심판의 대상이 될 수 있다.', 'C. 주권의 제약에 관한 조약은 체결할 수 없다.', 'D. 조약안은 국무회의의 심의를 거쳐야 한다.']",C,"A. 전 세계적으로 양심적 병역거부권의 보장에 관한 국제관습법이 형성되었다고 할 수 없어 양심적 병역거부가 일반적으로 승인된 국제법규로서 우리나라에 수용될 수는 없다.
B. 법률적 효력을 갖는 조약은 헌법재판소의 위헌법률심판의 대상이 될 수 있다.
C. 주권의 제약에 관한 조약은 체결할 수 없다.
D. 조약안은 국무회의의 심의를 거쳐야 한다.
","다음은 한국사회의 법에 대한 문제이다.
조약과 일반적으로 승인된 국제법규에 대한 설명으로 옳지 않은 것은? (다툼이 있는 경우 판례에 의함)
A. 전 세계적으로 양심적 병역거부권의 보장에 관한 국제관습법이 형성되었다고 할 수 없어 양심적 병역거부가 일반적으로 승인된 국제법규로서 우리나라에 수용될 수는 없다.
B. 법률적 효력을 갖는 조약은 헌법재판소의 위헌법률심판의 대상이 될 수 있다.
C. 주권의 제약에 관한 조약은 체결할 수 없다.
D. 조약안은 국무회의의 심의를 거쳐야 한다.
","Next is the issue of law in Korean society.
Which of the following is incorrect regarding treaties and generally accepted international laws? (In case of dispute, according to precedent)
A. It cannot be said that international customary law guaranteeing the right to conscientious objection to military service has been formed worldwide, so conscientious objection to military service cannot be accepted in Korea as a generally recognized international law.
B. A treaty that has legal effect may be subject to unconstitutionality review by the Constitutional Court.
C. Treaties cannot be concluded regarding limitations on sovereignty.
D. The treaty draft must be reviewed by the State Council.
"
547,PSAT_18_2,,"다음은 한국사회의 법에 대한 문제이다.
교육기본권에 대한 설명으로 옳지 않은 것은? (다툼이 있는 경우 판례에 의함)","['A. 헌법은 초등교육과 중등교육을 의무교육으로 실시하도록 명문으로 규정하고 있다.', 'B. 국ㆍ공립학교처럼 사립학교에도 학교운영위원회를 의무적으로 설치하도록 한 것은 현저히 자의적이거나 비합리적으로 사립학교의 공공성만을 강조하고 사립학교의 자율성을 제한한 것이라 보기 어렵다.', 'C. 개발사업지역에서 100세대 규모 이상의 주택건설용 토지를 조성ㆍ개발하거나 공동주택을 건설하는 사업자에 대하여 학교용지부담금을 부과하는 것은 헌법상 의무교육의 무상원칙에 위배되지 않는다.', 'D. 학교교육에 있어서 교사의 가르치는 권리를 수업권이라고 한다면 그것은 자연법적으로는 학부모에게 속하는 자녀에 대한 교육권을 신탁받은 것이고, 실정법상으로는 공교육의 책임이 있는 국가의 위임에 의한 것이다.']",A,"A. 헌법은 초등교육과 중등교육을 의무교육으로 실시하도록 명문으로 규정하고 있다.
B. 국ㆍ공립학교처럼 사립학교에도 학교운영위원회를 의무적으로 설치하도록 한 것은 현저히 자의적이거나 비합리적으로 사립학교의 공공성만을 강조하고 사립학교의 자율성을 제한한 것이라 보기 어렵다.
C. 개발사업지역에서 100세대 규모 이상의 주택건설용 토지를 조성ㆍ개발하거나 공동주택을 건설하는 사업자에 대하여 학교용지부담금을 부과하는 것은 헌법상 의무교육의 무상원칙에 위배되지 않는다.
D. 학교교육에 있어서 교사의 가르치는 권리를 수업권이라고 한다면 그것은 자연법적으로는 학부모에게 속하는 자녀에 대한 교육권을 신탁받은 것이고, 실정법상으로는 공교육의 책임이 있는 국가의 위임에 의한 것이다.
","다음은 한국사회의 법에 대한 문제이다.
교육기본권에 대한 설명으로 옳지 않은 것은? (다툼이 있는 경우 판례에 의함)
A. 헌법은 초등교육과 중등교육을 의무교육으로 실시하도록 명문으로 규정하고 있다.
B. 국ㆍ공립학교처럼 사립학교에도 학교운영위원회를 의무적으로 설치하도록 한 것은 현저히 자의적이거나 비합리적으로 사립학교의 공공성만을 강조하고 사립학교의 자율성을 제한한 것이라 보기 어렵다.
C. 개발사업지역에서 100세대 규모 이상의 주택건설용 토지를 조성ㆍ개발하거나 공동주택을 건설하는 사업자에 대하여 학교용지부담금을 부과하는 것은 헌법상 의무교육의 무상원칙에 위배되지 않는다.
D. 학교교육에 있어서 교사의 가르치는 권리를 수업권이라고 한다면 그것은 자연법적으로는 학부모에게 속하는 자녀에 대한 교육권을 신탁받은 것이고, 실정법상으로는 공교육의 책임이 있는 국가의 위임에 의한 것이다.
","Next is the issue of law in Korean society.
Which of the following is not correct regarding the basic right to education? (In case of dispute, according to precedent)
A. The Constitution explicitly stipulates that elementary and secondary education be compulsory education.
B. It is difficult to view the mandatory establishment of a school management committee in private schools as in national and public schools as being extremely arbitrary or irrational, emphasizing only the public nature of private schools and limiting the autonomy of private schools.
C. Imposing a school site fee on businesses that create or develop land for housing construction of 100 households or more in a development project area or construct apartment complexes does not violate the constitutional principle of free compulsory education.
D. In school education, if a teacher's right to teach is called the right to teach, then in natural law it is a trust for the right to education for the child belonging to the parents, and in positive law it is a mandate from the state, which is responsible for public education.
"
548,PSAT_18_3,,"다음은 한국사회의 법에 대한 문제이다.
재산권에 대한 설명으로 옳지 않은 것은? (다툼이 있는 경우 판례에 의함)","['A. 재산권의 행사는 공공복리에 적합하도록 하여야 하며, 국가안전보장ㆍ질서유지ㆍ공공복리를 위하여 제한될 수 있다.', 'B. 공공필요에 의한 재산권의 수용ㆍ사용 또는 제한 및 그에 대한 보상은 법률로써 하되, 상당한 보상을 지급하여야 한다.', 'C. 토지는 국민경제의 관점에서나 그 사회적 기능에 있어서 다른 재산권과 같게 다루어야 할 성질의 것이 아니어서 다른 재산권에 비하여 보다 강하게 공동체의 이익을 관철할 것이 요구된다.', 'D. 헌법상 보장하고 있는 재산권은 경제적 가치가 있는 모든 공법상ㆍ사법상의 권리를 뜻한다.']",B,"A. 재산권의 행사는 공공복리에 적합하도록 하여야 하며, 국가안전보장ㆍ질서유지ㆍ공공복리를 위하여 제한될 수 있다.
B. 공공필요에 의한 재산권의 수용ㆍ사용 또는 제한 및 그에 대한 보상은 법률로써 하되, 상당한 보상을 지급하여야 한다.
C. 토지는 국민경제의 관점에서나 그 사회적 기능에 있어서 다른 재산권과 같게 다루어야 할 성질의 것이 아니어서 다른 재산권에 비하여 보다 강하게 공동체의 이익을 관철할 것이 요구된다.
D. 헌법상 보장하고 있는 재산권은 경제적 가치가 있는 모든 공법상ㆍ사법상의 권리를 뜻한다.
","다음은 한국사회의 법에 대한 문제이다.
재산권에 대한 설명으로 옳지 않은 것은? (다툼이 있는 경우 판례에 의함)
A. 재산권의 행사는 공공복리에 적합하도록 하여야 하며, 국가안전보장ㆍ질서유지ㆍ공공복리를 위하여 제한될 수 있다.
B. 공공필요에 의한 재산권의 수용ㆍ사용 또는 제한 및 그에 대한 보상은 법률로써 하되, 상당한 보상을 지급하여야 한다.
C. 토지는 국민경제의 관점에서나 그 사회적 기능에 있어서 다른 재산권과 같게 다루어야 할 성질의 것이 아니어서 다른 재산권에 비하여 보다 강하게 공동체의 이익을 관철할 것이 요구된다.
D. 헌법상 보장하고 있는 재산권은 경제적 가치가 있는 모든 공법상ㆍ사법상의 권리를 뜻한다.
","Next is the issue of law in Korean society.
Which of the following is incorrect regarding property rights? (In case of dispute, according to precedent)
A. The exercise of property rights must be appropriate for public welfare, and may be restricted for national security, maintenance of order, and public welfare.
B. Expropriation, use or restriction of property rights for public needs and compensation therefor shall be provided by law, but substantial compensation must be paid.
C. Land is not something that should be treated the same as other property rights from the perspective of the national economy or its social functions, so it is required to enforce the interests of the community more strongly than other property rights.
D. Property rights guaranteed by the Constitution refer to all public and private law rights that have economic value.
"
549,PSAT_18_4,,"다음은 한국사회의 법에 대한 문제이다.
입법절차에 대한 설명으로 옳지 않은 것은?","['A. 국회의원 10인 이상, 정부 또는 국회 상임위원회는 법률안을 제출할 수 있다.', 'B. 국회의장이 특별한 사유로 각 교섭단체대표의원과의 협의를 거쳐 정한 경우를 제외하고, 본회의는 위원회가 법률안에 대한 심사를 마치고 국회의장에게 그 보고서를 제출한 후 1일을 경과하지 아니한 때에는 이를 의사일정으로 상정할 수 없다.', 'C. 대통령이 법률안의 일부에 대하여 수정하여 국회에 재의를 요구할 때에는 이의서를 붙여 국회에 환부하여야 한다.', 'D. 정부가 법률안을 제출하고자 하는 경우, 그 법률안은 국무회의의 심의를 거쳐야 한다.']",C,"A. 국회의원 10인 이상, 정부 또는 국회 상임위원회는 법률안을 제출할 수 있다.
B. 국회의장이 특별한 사유로 각 교섭단체대표의원과의 협의를 거쳐 정한 경우를 제외하고, 본회의는 위원회가 법률안에 대한 심사를 마치고 국회의장에게 그 보고서를 제출한 후 1일을 경과하지 아니한 때에는 이를 의사일정으로 상정할 수 없다.
C. 대통령이 법률안의 일부에 대하여 수정하여 국회에 재의를 요구할 때에는 이의서를 붙여 국회에 환부하여야 한다.
D. 정부가 법률안을 제출하고자 하는 경우, 그 법률안은 국무회의의 심의를 거쳐야 한다.
","다음은 한국사회의 법에 대한 문제이다.
입법절차에 대한 설명으로 옳지 않은 것은?
A. 국회의원 10인 이상, 정부 또는 국회 상임위원회는 법률안을 제출할 수 있다.
B. 국회의장이 특별한 사유로 각 교섭단체대표의원과의 협의를 거쳐 정한 경우를 제외하고, 본회의는 위원회가 법률안에 대한 심사를 마치고 국회의장에게 그 보고서를 제출한 후 1일을 경과하지 아니한 때에는 이를 의사일정으로 상정할 수 없다.
C. 대통령이 법률안의 일부에 대하여 수정하여 국회에 재의를 요구할 때에는 이의서를 붙여 국회에 환부하여야 한다.
D. 정부가 법률안을 제출하고자 하는 경우, 그 법률안은 국무회의의 심의를 거쳐야 한다.
","Next is the issue of law in Korean society.
Which of the following is not an accurate description of the legislative procedure?
A. More than 10 members of the National Assembly, the government, or a standing committee of the National Assembly may submit a bill.
B. Except in cases where the Speaker of the National Assembly decides for special reasons after consultation with the representative members of each negotiating group, the plenary session shall be held within one day after the committee has completed its review of the bill and submitted its report to the Speaker of the National Assembly. This cannot be put on the agenda.
C. When the President revises part of a bill and requests the National Assembly to reconsider it, he must return it to the National Assembly with a written objection.
D. If the government wishes to submit a bill, the bill must undergo deliberation by the State Council.
"
550,PSAT_18_5,,"다음은 한국사회의 법에 대한 문제이다.
선거제도에 대한 설명으로 옳은 것은?","['A. 선거연령을 20세에서 19세로 낮춘 것은 헌법재판소의 위헌결정에 따른 것이다.', 'B. 국회의원선거와 지방의회의원선거에서는 비례대표제를 채택하고 있다.', 'C. 25세 이상의 국민은 대통령선거와 국회의원선거에서 피선거권이 있다.', 'D. 비례대표지방의회의원선거에 있어서는 당해 선거구선거관리위원회가 유효투표총수의 100분의 3 이상을 득표한 각 정당을 의석할당정당으로 확정한다.']",B,"A. 선거연령을 20세에서 19세로 낮춘 것은 헌법재판소의 위헌결정에 따른 것이다.
B. 국회의원선거와 지방의회의원선거에서는 비례대표제를 채택하고 있다.
C. 25세 이상의 국민은 대통령선거와 국회의원선거에서 피선거권이 있다.
D. 비례대표지방의회의원선거에 있어서는 당해 선거구선거관리위원회가 유효투표총수의 100분의 3 이상을 득표한 각 정당을 의석할당정당으로 확정한다.
","다음은 한국사회의 법에 대한 문제이다.
선거제도에 대한 설명으로 옳은 것은?
A. 선거연령을 20세에서 19세로 낮춘 것은 헌법재판소의 위헌결정에 따른 것이다.
B. 국회의원선거와 지방의회의원선거에서는 비례대표제를 채택하고 있다.
C. 25세 이상의 국민은 대통령선거와 국회의원선거에서 피선거권이 있다.
D. 비례대표지방의회의원선거에 있어서는 당해 선거구선거관리위원회가 유효투표총수의 100분의 3 이상을 득표한 각 정당을 의석할당정당으로 확정한다.
","Next is the issue of law in Korean society.
Which of the following is correct about the electoral system?
A. The lowering of the voting age from 20 to 19 followed the Constitutional Court's ruling that it was unconstitutional.
B. The proportional representation system is adopted in the National Assembly elections and local council elections.
C. Citizens over the age of 25 have the right to vote in presidential and National Assembly elections.
D. In the election of proportional representative local council members, the relevant constituency election committee determines each political party that received more than 3/100 of the total number of valid votes as the seat allocation party.
"
551,PSAT_18_6,,"다음은 한국사회의 법에 대한 문제이다.
영장제도에 대한 설명으로 옳지 않은 것은? (다툼이 있는 경우 판례에 의함)","['A. 주거에 대한 압수나 수색을 할 때에는 검사의 신청에 의하여 법관이 발부한 영장을 제시하여야 한다.', 'B. 현행범인인 경우와 장기 3년 이상의 형에 해당하는 죄를 범하고 도피 또는 증거인멸의 염려가 있을 때에는 사후에 영장을 청구할 수 있다.', 'C. 영장주의는 구속의 개시시점에 한하여 법관의 판단에 의하여 결정되어야 한다는 것을 의미하고, 구속영장의 효력을 계속 유지할 것인지 여부와는 관련이 없다.', 'D. 공판단계에서는 검사의 신청이 없더라도 법관이 직권으로 영장을 발부할 수 있다.']",C,"A. 주거에 대한 압수나 수색을 할 때에는 검사의 신청에 의하여 법관이 발부한 영장을 제시하여야 한다.
B. 현행범인인 경우와 장기 3년 이상의 형에 해당하는 죄를 범하고 도피 또는 증거인멸의 염려가 있을 때에는 사후에 영장을 청구할 수 있다.
C. 영장주의는 구속의 개시시점에 한하여 법관의 판단에 의하여 결정되어야 한다는 것을 의미하고, 구속영장의 효력을 계속 유지할 것인지 여부와는 관련이 없다.
D. 공판단계에서는 검사의 신청이 없더라도 법관이 직권으로 영장을 발부할 수 있다.
","다음은 한국사회의 법에 대한 문제이다.
영장제도에 대한 설명으로 옳지 않은 것은? (다툼이 있는 경우 판례에 의함)
A. 주거에 대한 압수나 수색을 할 때에는 검사의 신청에 의하여 법관이 발부한 영장을 제시하여야 한다.
B. 현행범인인 경우와 장기 3년 이상의 형에 해당하는 죄를 범하고 도피 또는 증거인멸의 염려가 있을 때에는 사후에 영장을 청구할 수 있다.
C. 영장주의는 구속의 개시시점에 한하여 법관의 판단에 의하여 결정되어야 한다는 것을 의미하고, 구속영장의 효력을 계속 유지할 것인지 여부와는 관련이 없다.
D. 공판단계에서는 검사의 신청이 없더라도 법관이 직권으로 영장을 발부할 수 있다.
","Next is the issue of law in Korean society.
Which of the following is not correct regarding the warrant system? (In case of dispute, according to precedent)
A. When conducting a search or seizure of a residence, a warrant issued by a judge must be presented at the request of a prosecutor.
B. In the case of an active criminal or a crime punishable by a sentence of 3 years or more and there is a risk of escape or destruction of evidence, a warrant may be requested after the fact.
C. Warrantism means that the decision must be made by the judge's judgment only at the start of the arrest, and is not related to whether the arrest warrant will continue to be in effect.
D. At the trial stage, a judge may issue a warrant ex officio even without a prosecutor's request.
"
552,PSAT_18_7,,"다음은 한국사회의 법에 대한 문제이다.
대통령에 대한 설명으로 옳은 것은?","['A. 대통령후보자가 1인일 때에는 그 득표수가 유효투표 총수의 3분의 1 이상이 아니면 대통령으로 당선될 수 없다.', 'B. 헌법은 대통령의 임기가 만료되는 때에는 임기만료 70일 내지 40일 전에 후임자를 선거하도록 하고 있다.', 'C. 대통령은 헌법재판소 재판관, 대법관 및 감사위원을 임명할 때는 국회의 동의를 얻어야 한다.', 'D. 국가안전보장에 관련되는 대외정책ㆍ군사정책과 국내정책의 수립에 관하여 국무회의의 심의에 앞서 대통령의 자문에 응하기 위하여 국가안전보장회의를 두며, 국가안전보장회의는 국무총리가 주재한다.']",B,"A. 대통령후보자가 1인일 때에는 그 득표수가 유효투표 총수의 3분의 1 이상이 아니면 대통령으로 당선될 수 없다.
B. 헌법은 대통령의 임기가 만료되는 때에는 임기만료 70일 내지 40일 전에 후임자를 선거하도록 하고 있다.
C. 대통령은 헌법재판소 재판관, 대법관 및 감사위원을 임명할 때는 국회의 동의를 얻어야 한다.
D. 국가안전보장에 관련되는 대외정책ㆍ군사정책과 국내정책의 수립에 관하여 국무회의의 심의에 앞서 대통령의 자문에 응하기 위하여 국가안전보장회의를 두며, 국가안전보장회의는 국무총리가 주재한다.
","다음은 한국사회의 법에 대한 문제이다.
대통령에 대한 설명으로 옳은 것은?
A. 대통령후보자가 1인일 때에는 그 득표수가 유효투표 총수의 3분의 1 이상이 아니면 대통령으로 당선될 수 없다.
B. 헌법은 대통령의 임기가 만료되는 때에는 임기만료 70일 내지 40일 전에 후임자를 선거하도록 하고 있다.
C. 대통령은 헌법재판소 재판관, 대법관 및 감사위원을 임명할 때는 국회의 동의를 얻어야 한다.
D. 국가안전보장에 관련되는 대외정책ㆍ군사정책과 국내정책의 수립에 관하여 국무회의의 심의에 앞서 대통령의 자문에 응하기 위하여 국가안전보장회의를 두며, 국가안전보장회의는 국무총리가 주재한다.
","Next is the issue of law in Korean society.
Which of the following is correct about the president?
A. When there is only one presidential candidate, he cannot be elected as president unless the number of votes received is more than one-third of the total number of valid votes.
B. The Constitution stipulates that when the president's term expires, a successor must be elected 70 to 40 days before the expiration of the term.
C. The President must obtain the consent of the National Assembly when appointing Constitutional Court judges, Supreme Court Justices, and Audit Committee members.
D. The National Security Council is established to respond to the President's advice prior to deliberation by the State Council regarding the establishment of foreign policy, military policy, and domestic policy related to national security. The National Security Council is presided over by the Prime Minister.
"
553,PSAT_18_8,,"다음은 한국사회의 법에 대한 문제이다.
지방자치에 대한 설명으로 옳은 것은? (다툼이 있는 경우 판례에 의함)","['A. 지방자치단체를 폐지하거나 설치하거나 나누거나 합칠 때에는 법률로 정한다.', 'B. 주민은 그 지방자치단체의 장, 지역구지방의회의원 및 비례대표지방의회의원을 소환할 권리를 가진다.', 'C. 감사원이 지방자치단체를 상대로 감사를 하면서 위임사무뿐만 아니라 자치사무에 대하여도 합법성 감사와 합목적성 감사까지 하는 것은 지방자치권의 본질적 내용을 침해한다.', 'D. 지방자치단체의 장이 그 직을 가지고 그 지방자치단체의 장 선거에 입후보하더라도 선거일까지 그 지방자치단체의 장의 권한을 그대로 행사한다.']",A,"A. 지방자치단체를 폐지하거나 설치하거나 나누거나 합칠 때에는 법률로 정한다.
B. 주민은 그 지방자치단체의 장, 지역구지방의회의원 및 비례대표지방의회의원을 소환할 권리를 가진다.
C. 감사원이 지방자치단체를 상대로 감사를 하면서 위임사무뿐만 아니라 자치사무에 대하여도 합법성 감사와 합목적성 감사까지 하는 것은 지방자치권의 본질적 내용을 침해한다.
D. 지방자치단체의 장이 그 직을 가지고 그 지방자치단체의 장 선거에 입후보하더라도 선거일까지 그 지방자치단체의 장의 권한을 그대로 행사한다.
","다음은 한국사회의 법에 대한 문제이다.
지방자치에 대한 설명으로 옳은 것은? (다툼이 있는 경우 판례에 의함)
A. 지방자치단체를 폐지하거나 설치하거나 나누거나 합칠 때에는 법률로 정한다.
B. 주민은 그 지방자치단체의 장, 지역구지방의회의원 및 비례대표지방의회의원을 소환할 권리를 가진다.
C. 감사원이 지방자치단체를 상대로 감사를 하면서 위임사무뿐만 아니라 자치사무에 대하여도 합법성 감사와 합목적성 감사까지 하는 것은 지방자치권의 본질적 내용을 침해한다.
D. 지방자치단체의 장이 그 직을 가지고 그 지방자치단체의 장 선거에 입후보하더라도 선거일까지 그 지방자치단체의 장의 권한을 그대로 행사한다.
","Next is the issue of law in Korean society.
Which of the following is correct regarding local autonomy? (In case of dispute, according to precedent)
A. When local governments are abolished, established, divided, or merged, it shall be determined by law.
B. Residents have the right to recall the head of the local government, local district council members, and proportional representative local council members.
C. When the Board of Audit and Inspection audits local governments, it violates the essential content of local autonomy by auditing not only delegated affairs but also auditing the legitimacy and suitability of autonomous affairs.
D. Even if the head of a local government holds that position and runs for election as the head of the local government, he or she shall still exercise the authority of the head of the local government until the election day.
"
554,PSAT_18_10,,"다음은 한국사회의 법에 대한 문제이다.
예산과 결산에 대한 설명으로 옳은 것은?","['A. 예비비는 항목별로 국회의 의결을 얻어야 하며, 예비비의 지출은 사전에 국회의 동의를 얻어야 한다.', 'B. 국회의원과 정부가 국회에 예산안을 제출할 수 있으며, 정부가 제출하는 예산안은 국무회의의 심의사항이다.', 'C. 새로운 회계연도가 개시될 때까지 예산안이 의결되지 못한 경우, 정부는 국회에서 예산안이 의결될 때까지 법률상 지출의무를 위한 경비를 아직 의결되지 못한 예산안에 따라 집행할 수 있다.', 'D. 국회는 정부의 동의없이 정부가 제출한 지출예산 각항의 금액을 증가하거나 새 비목을 설치할 수 없다.']",D,"A. 예비비는 항목별로 국회의 의결을 얻어야 하며, 예비비의 지출은 사전에 국회의 동의를 얻어야 한다.
B. 국회의원과 정부가 국회에 예산안을 제출할 수 있으며, 정부가 제출하는 예산안은 국무회의의 심의사항이다.
C. 새로운 회계연도가 개시될 때까지 예산안이 의결되지 못한 경우, 정부는 국회에서 예산안이 의결될 때까지 법률상 지출의무를 위한 경비를 아직 의결되지 못한 예산안에 따라 집행할 수 있다.
D. 국회는 정부의 동의없이 정부가 제출한 지출예산 각항의 금액을 증가하거나 새 비목을 설치할 수 없다.
","다음은 한국사회의 법에 대한 문제이다.
예산과 결산에 대한 설명으로 옳은 것은?
A. 예비비는 항목별로 국회의 의결을 얻어야 하며, 예비비의 지출은 사전에 국회의 동의를 얻어야 한다.
B. 국회의원과 정부가 국회에 예산안을 제출할 수 있으며, 정부가 제출하는 예산안은 국무회의의 심의사항이다.
C. 새로운 회계연도가 개시될 때까지 예산안이 의결되지 못한 경우, 정부는 국회에서 예산안이 의결될 때까지 법률상 지출의무를 위한 경비를 아직 의결되지 못한 예산안에 따라 집행할 수 있다.
D. 국회는 정부의 동의없이 정부가 제출한 지출예산 각항의 금액을 증가하거나 새 비목을 설치할 수 없다.
","Next is the issue of law in Korean society.
Which of the following is correct regarding budget and settlement?
A. The reserve fund must be approved by the National Assembly for each item, and the expenditure of the reserve fund must obtain prior consent from the National Assembly.
B. National Assembly members and the government can submit a budget proposal to the National Assembly, and the budget proposal submitted by the government is subject to deliberation by the State Council.
C. If the budget plan has not been approved by the start of a new fiscal year, the government may execute expenses for statutory expenditure obligations according to the budget plan that has not yet been approved until the budget plan is approved by the National Assembly.
D. The National Assembly cannot increase the amount of each item of the expenditure budget submitted by the government or establish new expenses without the consent of the government.
"
555,PSAT_18_11,,"다음은 한국사회의 법에 대한 문제이다.
국민에 대한 설명으로 옳지 않은 것은? (다툼이 있는 경우 판례에 의함)","['A. 부모가 모두 분명하지 아니한 경우 대한민국에서 출생한 자는 출생과 동시에 대한민국 국적을 취득한다.', 'B. 일반적으로 외국인인 개인이 특정한 국가의 국적을 선택할 권리가 자연권으로서 또는 우리 헌법상 당연히 인정된다고는 할 수 없다.', 'C. 국적은 국가의 생성과 더불어 발생하지만, 국가의 소멸이 바로 국적의 상실 사유가 되는 것은 아니다.', 'D. 대한민국 국민이 자진하여 외국 국적을 취득한 경우 대한민국 국적을 상실하도록 하는 것은 거주ㆍ이전의 자유 및 행복추구권을 침해하지 않는다.']",C,"A. 부모가 모두 분명하지 아니한 경우 대한민국에서 출생한 자는 출생과 동시에 대한민국 국적을 취득한다.
B. 일반적으로 외국인인 개인이 특정한 국가의 국적을 선택할 권리가 자연권으로서 또는 우리 헌법상 당연히 인정된다고는 할 수 없다.
C. 국적은 국가의 생성과 더불어 발생하지만, 국가의 소멸이 바로 국적의 상실 사유가 되는 것은 아니다.
D. 대한민국 국민이 자진하여 외국 국적을 취득한 경우 대한민국 국적을 상실하도록 하는 것은 거주ㆍ이전의 자유 및 행복추구권을 침해하지 않는다.
","다음은 한국사회의 법에 대한 문제이다.
국민에 대한 설명으로 옳지 않은 것은? (다툼이 있는 경우 판례에 의함)
A. 부모가 모두 분명하지 아니한 경우 대한민국에서 출생한 자는 출생과 동시에 대한민국 국적을 취득한다.
B. 일반적으로 외국인인 개인이 특정한 국가의 국적을 선택할 권리가 자연권으로서 또는 우리 헌법상 당연히 인정된다고는 할 수 없다.
C. 국적은 국가의 생성과 더불어 발생하지만, 국가의 소멸이 바로 국적의 상실 사유가 되는 것은 아니다.
D. 대한민국 국민이 자진하여 외국 국적을 취득한 경우 대한민국 국적을 상실하도록 하는 것은 거주ㆍ이전의 자유 및 행복추구권을 침해하지 않는다.
","Next is the issue of law in Korean society.
Which of the following is not an accurate description of the people? (In case of dispute, according to precedent)
A. If both parents are unknown, a person born in the Republic of Korea acquires Korean nationality at the time of birth.
B. In general, it cannot be said that the right of a foreign individual to choose the nationality of a specific country is naturally recognized as a natural right or under our Constitution.
C. Nationality arises with the creation of a nation, but the extinction of a nation does not immediately result in the loss of nationality.
D. If a Korean citizen voluntarily acquires foreign nationality, forcing him to lose his Korean nationality does not infringe on his right to freedom of residence and movement and the right to pursue happiness.
"
556,PSAT_18_12,,"다음은 한국사회의 법에 대한 문제이다.
헌법 제107조제2항에 근거하여 법원이 갖는 명령ㆍ규칙의 위헌ㆍ위법심사권에 대한 설명으로 옳지 않은 것은?","['A. 이 제도는 구체적 규범통제로 볼 수 있다.', 'B. 각급 법원은 위헌ㆍ위법심사권을 행사할 수 없다.', 'C. 대법원이 최종적으로 심사할 권한을 가진다.', 'D. 대법원은 명령 또는 규칙이 법률에 위반된다고 인정하는 경우 대법관 전원의 3분의 2 이상의 합의체에서 심판권을 행사한다.']",B,"A. 이 제도는 구체적 규범통제로 볼 수 있다.
B. 각급 법원은 위헌ㆍ위법심사권을 행사할 수 없다.
C. 대법원이 최종적으로 심사할 권한을 가진다.
D. 대법원은 명령 또는 규칙이 법률에 위반된다고 인정하는 경우 대법관 전원의 3분의 2 이상의 합의체에서 심판권을 행사한다.
","다음은 한국사회의 법에 대한 문제이다.
헌법 제107조제2항에 근거하여 법원이 갖는 명령ㆍ규칙의 위헌ㆍ위법심사권에 대한 설명으로 옳지 않은 것은?
A. 이 제도는 구체적 규범통제로 볼 수 있다.
B. 각급 법원은 위헌ㆍ위법심사권을 행사할 수 없다.
C. 대법원이 최종적으로 심사할 권한을 가진다.
D. 대법원은 명령 또는 규칙이 법률에 위반된다고 인정하는 경우 대법관 전원의 3분의 2 이상의 합의체에서 심판권을 행사한다.
","Next is the issue of law in Korean society.
Based on Article 107, Paragraph 2 of the Constitution, which of the following is incorrect regarding the court's power to review orders and rules for constitutionality and illegality?
A. This system can be seen as a specific normative control.
B. Courts at all levels cannot exercise their power to review unconstitutionality or illegality.
C. The Supreme Court has the final authority to review.
D. If the Supreme Court determines that an order or rule violates the law, a collegial body of more than two-thirds of all Supreme Court Justices exercises its authority to adjudicate.
"
557,PSAT_18_13,,"다음은 한국사회의 법에 대한 문제이다.
헌법재판소와 대법원의 구성에 대한 설명으로 옳지 않은 것은?","['A. 헌법재판소장과 대법원장은 모두 국회의 동의를 얻어 대통령이 임명한다.', 'B. 대법관의 수를 개정하기 위해서는 법률개정으로 가능하나, 헌법재판소 재판관의 수를 개정하기 위해서는 헌법을 개정하여야 한다.', 'C. 대법관을 역임한 자는 헌법재판소 재판관이 될 수는 있으나, 헌법재판소 재판관을 역임한 자가 대법관이 되는 것은 불가능하다.', 'D. 헌법재판소 재판관과 대법관은 법률이 정하는 바에 의하여 연임할 수 있다.']",C,"A. 헌법재판소장과 대법원장은 모두 국회의 동의를 얻어 대통령이 임명한다.
B. 대법관의 수를 개정하기 위해서는 법률개정으로 가능하나, 헌법재판소 재판관의 수를 개정하기 위해서는 헌법을 개정하여야 한다.
C. 대법관을 역임한 자는 헌법재판소 재판관이 될 수는 있으나, 헌법재판소 재판관을 역임한 자가 대법관이 되는 것은 불가능하다.
D. 헌법재판소 재판관과 대법관은 법률이 정하는 바에 의하여 연임할 수 있다.
","다음은 한국사회의 법에 대한 문제이다.
헌법재판소와 대법원의 구성에 대한 설명으로 옳지 않은 것은?
A. 헌법재판소장과 대법원장은 모두 국회의 동의를 얻어 대통령이 임명한다.
B. 대법관의 수를 개정하기 위해서는 법률개정으로 가능하나, 헌법재판소 재판관의 수를 개정하기 위해서는 헌법을 개정하여야 한다.
C. 대법관을 역임한 자는 헌법재판소 재판관이 될 수는 있으나, 헌법재판소 재판관을 역임한 자가 대법관이 되는 것은 불가능하다.
D. 헌법재판소 재판관과 대법관은 법률이 정하는 바에 의하여 연임할 수 있다.
","Next is the issue of law in Korean society.
Which of the following is incorrect regarding the composition of the Constitutional Court and the Supreme Court?
A. The Chief Justice of the Constitutional Court and the Chief Justice of the Supreme Court are both appointed by the President with the consent of the National Assembly.
B. To revise the number of Supreme Court justices, it is possible to revise the law, but to revise the number of Constitutional Court judges, the Constitution must be amended.
C. A person who has served as a Justice of the Supreme Court can become a Justice of the Constitutional Court, but it is impossible for a person who has served as a Justice of the Constitutional Court to become a Justice of the Supreme Court.
D. Constitutional Court judges and Supreme Court justices may be reappointed as prescribed by law.
"
558,PSAT_18_14,,"다음은 한국사회의 법에 대한 문제이다.
헌법소원에 대한 설명으로 옳지 않은 것은?","['A. 제68조제2항에 따른 헌법소원심판은 위헌 여부 심판의 제청신청을 기각하는 결정을 통지받은 날부터 60일 이내에 청구하여야 한다.', 'B. 헌법재판소는 공익상 필요하다고 인정할 때에는 국선대리인을 선임할 수 있다.', 'C. 헌법재판소장은 헌법재판소에 재판관 3명으로 구성되는 지정재판부를 두어 헌법소원심판의 사전심사를 담당하게 할 수 있다.', 'D. 헌법재판소법 제68조제1항에 따른 헌법소원을 인용할 때, 헌법재판소는 공권력의 행사 또는 불행사가 위헌인 법률 또는 법률의 조항에 기인한 것이라고 인정될 때에는 인용결정에서 해당 법률 또는 법률의 조항이 위헌임을 선고할 수 있다.']",A,"A. 제68조제2항에 따른 헌법소원심판은 위헌 여부 심판의 제청신청을 기각하는 결정을 통지받은 날부터 60일 이내에 청구하여야 한다.
B. 헌법재판소는 공익상 필요하다고 인정할 때에는 국선대리인을 선임할 수 있다.
C. 헌법재판소장은 헌법재판소에 재판관 3명으로 구성되는 지정재판부를 두어 헌법소원심판의 사전심사를 담당하게 할 수 있다.
D. 헌법재판소법 제68조제1항에 따른 헌법소원을 인용할 때, 헌법재판소는 공권력의 행사 또는 불행사가 위헌인 법률 또는 법률의 조항에 기인한 것이라고 인정될 때에는 인용결정에서 해당 법률 또는 법률의 조항이 위헌임을 선고할 수 있다.
","다음은 한국사회의 법에 대한 문제이다.
헌법소원에 대한 설명으로 옳지 않은 것은?
A. 제68조제2항에 따른 헌법소원심판은 위헌 여부 심판의 제청신청을 기각하는 결정을 통지받은 날부터 60일 이내에 청구하여야 한다.
B. 헌법재판소는 공익상 필요하다고 인정할 때에는 국선대리인을 선임할 수 있다.
C. 헌법재판소장은 헌법재판소에 재판관 3명으로 구성되는 지정재판부를 두어 헌법소원심판의 사전심사를 담당하게 할 수 있다.
D. 헌법재판소법 제68조제1항에 따른 헌법소원을 인용할 때, 헌법재판소는 공권력의 행사 또는 불행사가 위헌인 법률 또는 법률의 조항에 기인한 것이라고 인정될 때에는 인용결정에서 해당 법률 또는 법률의 조항이 위헌임을 선고할 수 있다.
","Next is the issue of law in Korean society.
Which of the following is incorrect regarding the constitutional petition?
A. A constitutional appeal adjudication under Article 68 (2) must be requested within 60 days from the date of notification of the decision to dismiss the application for adjudication of unconstitutionality.
B. The Constitutional Court may appoint a public elected representative when it deems it necessary for the public interest.
C. The President of the Constitutional Court may establish a designated tribunal consisting of three judges at the Constitutional Court to be in charge of preliminary review of constitutional appeal trials.
D. When citing a constitutional complaint pursuant to Article 68 (1) of the Constitutional Court Act, if the Constitutional Court determines that the exercise or non-exercise of public power is due to an unconstitutional law or provision of the law, the Constitutional Court shall determine whether the exercise or non-execution of public power is due to an unconstitutional law or provision of the law. A provision can be declared unconstitutional.
"
559,PSAT_18_15,,"다음은 한국사회의 법에 대한 문제이다.
언론ㆍ출판의 자유에 대한 설명으로 옳지 않은 것은? (다툼이 있는 경우 판례에 의함)","['A. 상업광고는 표현의 자유의 보호영역에 속하면서 동시에 직업의 자유의 보호영역에도 속한다.', 'B. 헌법재판소는 알 권리가 자유권적 성질과 청구권적 성질을 공유한다고 보았다.', ""C. 출판사 등록취소 사유로서 '저속'의 개념은 그 적용범위가 매우 광범위할 뿐만 아니라 법관의 보충적인 해석에 의한다 하더라도 그 의미내용을 확정하기 어려울 정도로 매우 추상적이어서 명확성 원칙에 위배된다."", 'D. 진실한 언론보도로 인하여 피해를 입은 자는 그 보도내용에 관한 반론보도를 언론사에 청구할 수 없다.']",D,"A. 상업광고는 표현의 자유의 보호영역에 속하면서 동시에 직업의 자유의 보호영역에도 속한다.
B. 헌법재판소는 알 권리가 자유권적 성질과 청구권적 성질을 공유한다고 보았다.
C. 출판사 등록취소 사유로서 '저속'의 개념은 그 적용범위가 매우 광범위할 뿐만 아니라 법관의 보충적인 해석에 의한다 하더라도 그 의미내용을 확정하기 어려울 정도로 매우 추상적이어서 명확성 원칙에 위배된다.
D. 진실한 언론보도로 인하여 피해를 입은 자는 그 보도내용에 관한 반론보도를 언론사에 청구할 수 없다.
","다음은 한국사회의 법에 대한 문제이다.
언론ㆍ출판의 자유에 대한 설명으로 옳지 않은 것은? (다툼이 있는 경우 판례에 의함)
A. 상업광고는 표현의 자유의 보호영역에 속하면서 동시에 직업의 자유의 보호영역에도 속한다.
B. 헌법재판소는 알 권리가 자유권적 성질과 청구권적 성질을 공유한다고 보았다.
C. 출판사 등록취소 사유로서 '저속'의 개념은 그 적용범위가 매우 광범위할 뿐만 아니라 법관의 보충적인 해석에 의한다 하더라도 그 의미내용을 확정하기 어려울 정도로 매우 추상적이어서 명확성 원칙에 위배된다.
D. 진실한 언론보도로 인하여 피해를 입은 자는 그 보도내용에 관한 반론보도를 언론사에 청구할 수 없다.
","Next is the issue of law in Korean society.
Which of the following is not correct regarding freedom of speech and press? (In case of dispute, according to precedent)
A. Commercial advertising falls under the protection of freedom of expression and at the same time falls under the protection of freedom of occupation.
B. The Constitutional Court observed that the right to know shares both the nature of freedom and the nature of claims.
C. The concept of 'vulgarity' as a reason for cancellation of registration as a publishing company not only has a very broad scope of application, but is also so abstract that it is difficult to determine its meaning even through supplementary interpretation by judges, which violates the principle of clarity.
D. A person who has suffered damage due to a truthful media report cannot request a counter-report on the content of the report from the media.
"
560,PSAT_18_16,,"다음은 한국사회의 법에 대한 문제이다.
근로기본권에 대한 설명으로 옳지 않은 것은? (다툼이 있는 경우 판례에 의함)","['A. 헌법은 “법률이 정하는 주요방위산업체에 종사하는 근로자의 단결권은 법률이 정하는 바에 의하여 이를 제한하거나 인정하지 아니할 수 있다.”라고 규정하고 있다.', ""B. 합리적 이유 없이 '월급근로자로서 6개월이 되지 못한 자'를 해고예고제도의 적용대상에서 제외한 것은 근무기간이 6개월 미만인 월급근로자의 근로의 권리를 침해하고, 평등원칙에도 위배된다."", 'C. 헌법은 여자 및 연소자 근로의 특별한 보호와 최저임금제의 시행에 관하여 규정하고 있다.', 'D. 근로의 권리로부터 국가에 대한 직접적인 직장존속청구권을 도출할 수는 없다.']",A,"A. 헌법은 “법률이 정하는 주요방위산업체에 종사하는 근로자의 단결권은 법률이 정하는 바에 의하여 이를 제한하거나 인정하지 아니할 수 있다.”라고 규정하고 있다.
B. 합리적 이유 없이 '월급근로자로서 6개월이 되지 못한 자'를 해고예고제도의 적용대상에서 제외한 것은 근무기간이 6개월 미만인 월급근로자의 근로의 권리를 침해하고, 평등원칙에도 위배된다.
C. 헌법은 여자 및 연소자 근로의 특별한 보호와 최저임금제의 시행에 관하여 규정하고 있다.
D. 근로의 권리로부터 국가에 대한 직접적인 직장존속청구권을 도출할 수는 없다.
","다음은 한국사회의 법에 대한 문제이다.
근로기본권에 대한 설명으로 옳지 않은 것은? (다툼이 있는 경우 판례에 의함)
A. 헌법은 “법률이 정하는 주요방위산업체에 종사하는 근로자의 단결권은 법률이 정하는 바에 의하여 이를 제한하거나 인정하지 아니할 수 있다.”라고 규정하고 있다.
B. 합리적 이유 없이 '월급근로자로서 6개월이 되지 못한 자'를 해고예고제도의 적용대상에서 제외한 것은 근무기간이 6개월 미만인 월급근로자의 근로의 권리를 침해하고, 평등원칙에도 위배된다.
C. 헌법은 여자 및 연소자 근로의 특별한 보호와 최저임금제의 시행에 관하여 규정하고 있다.
D. 근로의 권리로부터 국가에 대한 직접적인 직장존속청구권을 도출할 수는 없다.
","Next is the issue of law in Korean society.
Which of the following is not correct regarding basic labor rights? (In case of dispute, according to precedent)
A. The Constitution stipulates that “the right to organize of workers engaged in major defense industries as stipulated by law may be restricted or not recognized in accordance with the provisions of law.”
B. Excluding ‘persons who have been employed for less than 6 months as salaried workers’ from the application of the dismissal notice system without any reasonable reason violates the right to work of salaried workers who have worked for less than 6 months and also violates the principle of equality.
C. The Constitution provides for special protection of women and young workers and the implementation of the minimum wage system.
D. A direct claim to job preservation against the state cannot be derived from the right to work.
"
561,PSAT_18_17,,"다음은 한국사회의 법에 대한 문제이다.
행정입법에 대한 설명으로 옳은 것은?","['A. 행정각부의 장은 소관사무에 관하여 법률이나 대통령령의 위임으로 부령을 발할 수 있으나, 직권으로 부령을 발할 수는 없다.', 'B. 국회 상임위원회는 소관 중앙행정기관의 장이 제출한 대통령령ㆍ총리령ㆍ부령 등 행정입법이 법률의 취지 또는 내용에 합치되지 아니한다고 판단되는 경우 소관 중앙행정기관의 장에게 수정ㆍ변경을 요구할 수 있다.', 'C. 대통령령, 총리령 및 부령은 특별한 규정이 없으면 공포한 날부터 30일이 경과함으로써 효력을 발생한다.', 'D. 대통령이 대통령령을 발하기 위해서는 국무회의의 심의를 거쳐서 국무총리와 관계 국무위원이 부서한 문서로써 한다.']",D,"A. 행정각부의 장은 소관사무에 관하여 법률이나 대통령령의 위임으로 부령을 발할 수 있으나, 직권으로 부령을 발할 수는 없다.
B. 국회 상임위원회는 소관 중앙행정기관의 장이 제출한 대통령령ㆍ총리령ㆍ부령 등 행정입법이 법률의 취지 또는 내용에 합치되지 아니한다고 판단되는 경우 소관 중앙행정기관의 장에게 수정ㆍ변경을 요구할 수 있다.
C. 대통령령, 총리령 및 부령은 특별한 규정이 없으면 공포한 날부터 30일이 경과함으로써 효력을 발생한다.
D. 대통령이 대통령령을 발하기 위해서는 국무회의의 심의를 거쳐서 국무총리와 관계 국무위원이 부서한 문서로써 한다.
","다음은 한국사회의 법에 대한 문제이다.
행정입법에 대한 설명으로 옳은 것은?
A. 행정각부의 장은 소관사무에 관하여 법률이나 대통령령의 위임으로 부령을 발할 수 있으나, 직권으로 부령을 발할 수는 없다.
B. 국회 상임위원회는 소관 중앙행정기관의 장이 제출한 대통령령ㆍ총리령ㆍ부령 등 행정입법이 법률의 취지 또는 내용에 합치되지 아니한다고 판단되는 경우 소관 중앙행정기관의 장에게 수정ㆍ변경을 요구할 수 있다.
C. 대통령령, 총리령 및 부령은 특별한 규정이 없으면 공포한 날부터 30일이 경과함으로써 효력을 발생한다.
D. 대통령이 대통령령을 발하기 위해서는 국무회의의 심의를 거쳐서 국무총리와 관계 국무위원이 부서한 문서로써 한다.
","Next is the issue of law in Korean society.
Which of the following is correct regarding administrative legislation?
A. The heads of each administrative department may issue departmental decrees regarding affairs under their jurisdiction upon delegation by law or presidential decree, but they cannot issue departmental decrees ex officio.
B. If the National Assembly Standing Committee determines that administrative legislation such as the Presidential Decree, Prime Minister's Ordinance, or Ministerial Ordinance submitted by the head of the competent central administrative agency does not comply with the purpose or content of the law, it may request the head of the competent central administrative agency to revise or change it. .
C. Unless otherwise specified, Presidential Decree, Prime Minister Decree, and Deputy Decree take effect 30 days after the date of promulgation.
D. In order for the President to issue a Presidential Decree, it must be reviewed by the State Council, and must be submitted in a document countersigned by the Prime Minister and the relevant State Council members.
"
562,PSAT_18_18,,"다음은 한국사회의 법에 대한 문제이다.
국회의원에 대한 설명으로 옳지 않은 것은? (다툼이 있는 경우 판례에 의함)","['A. 국무위원의 직을 겸한 국회의원은 국회 상임위원회의 위원을 사임할 수 있다.', 'B. 국회의원의 법률안 심의ㆍ표결권은 비록 헌법에는 이에 관한 명문의 규정이 없지만, 의회민주주의의 원리 및 여러 헌법규정에 근거하여 당연히 도출되는 헌법상의 권한이다.', 'C. 국회의원은 자기의 징계안에 관한 본회의 또는 위원회에 출석하여 변명할 수 있으나, 다른 의원으로 하여금 변명하게 할 수는 없다.', 'D. 보궐선거에 의한 국회의원의 임기는 당선이 결정된 때부터 개시되며, 그 임기는 전임자의 잔임기간으로 한다.']",C,"A. 국무위원의 직을 겸한 국회의원은 국회 상임위원회의 위원을 사임할 수 있다.
B. 국회의원의 법률안 심의ㆍ표결권은 비록 헌법에는 이에 관한 명문의 규정이 없지만, 의회민주주의의 원리 및 여러 헌법규정에 근거하여 당연히 도출되는 헌법상의 권한이다.
C. 국회의원은 자기의 징계안에 관한 본회의 또는 위원회에 출석하여 변명할 수 있으나, 다른 의원으로 하여금 변명하게 할 수는 없다.
D. 보궐선거에 의한 국회의원의 임기는 당선이 결정된 때부터 개시되며, 그 임기는 전임자의 잔임기간으로 한다.
","다음은 한국사회의 법에 대한 문제이다.
국회의원에 대한 설명으로 옳지 않은 것은? (다툼이 있는 경우 판례에 의함)
A. 국무위원의 직을 겸한 국회의원은 국회 상임위원회의 위원을 사임할 수 있다.
B. 국회의원의 법률안 심의ㆍ표결권은 비록 헌법에는 이에 관한 명문의 규정이 없지만, 의회민주주의의 원리 및 여러 헌법규정에 근거하여 당연히 도출되는 헌법상의 권한이다.
C. 국회의원은 자기의 징계안에 관한 본회의 또는 위원회에 출석하여 변명할 수 있으나, 다른 의원으로 하여금 변명하게 할 수는 없다.
D. 보궐선거에 의한 국회의원의 임기는 당선이 결정된 때부터 개시되며, 그 임기는 전임자의 잔임기간으로 한다.
","Next is the issue of law in Korean society.
Which of the following is not correct regarding members of the National Assembly? (In case of dispute, according to precedent)
A. A member of the National Assembly who also serves as a member of the State Council may resign as a member of the National Assembly Standing Committee.
B. Although the right of members of the National Assembly to deliberate and vote on bills is not explicitly stipulated in the Constitution, it is a constitutional authority that is naturally derived based on the principles of parliamentary democracy and various constitutional provisions.
C. Members of the National Assembly may attend plenary sessions or committee meetings regarding their disciplinary action and make excuses, but they cannot have other members make excuses.
D. The term of office of a member of the National Assembly through a by-election begins from the time the election is decided, and the term of office shall be the remaining term of office of the predecessor.
"
563,PSAT_18_19,,"다음은 한국사회의 법에 대한 문제이다.
헌법재판소의 심판절차에 대한 설명으로 옳은 것은?","['A. 위헌법률의 심판, 헌법소원에 관한 심판 및 권한쟁의의 심판은 서면심리에 의하고, 탄핵의 심판과 정당해산의 심판은 구두변론에 의한다.', 'B. 권한쟁의심판에 있어서 재판부는 재판관 7명 이상의 출석으로 사건을 심리하고, 종국심리에 관여한 재판관 과반수의 찬성으로 사건에 관한 결정을 한다.', 'C. 탄핵심판에서는 국회의장이 소추위원이 된다.', 'D. 법률이 헌법에 위반되는지 여부가 재판의 전제가 된 경우에는 당해 사건을 담당하는 군사법원은 헌법재판소에 위헌 여부 심판을 제청할 수 없다.']",B,"A. 위헌법률의 심판, 헌법소원에 관한 심판 및 권한쟁의의 심판은 서면심리에 의하고, 탄핵의 심판과 정당해산의 심판은 구두변론에 의한다.
B. 권한쟁의심판에 있어서 재판부는 재판관 7명 이상의 출석으로 사건을 심리하고, 종국심리에 관여한 재판관 과반수의 찬성으로 사건에 관한 결정을 한다.
C. 탄핵심판에서는 국회의장이 소추위원이 된다.
D. 법률이 헌법에 위반되는지 여부가 재판의 전제가 된 경우에는 당해 사건을 담당하는 군사법원은 헌법재판소에 위헌 여부 심판을 제청할 수 없다.
","다음은 한국사회의 법에 대한 문제이다.
헌법재판소의 심판절차에 대한 설명으로 옳은 것은?
A. 위헌법률의 심판, 헌법소원에 관한 심판 및 권한쟁의의 심판은 서면심리에 의하고, 탄핵의 심판과 정당해산의 심판은 구두변론에 의한다.
B. 권한쟁의심판에 있어서 재판부는 재판관 7명 이상의 출석으로 사건을 심리하고, 종국심리에 관여한 재판관 과반수의 찬성으로 사건에 관한 결정을 한다.
C. 탄핵심판에서는 국회의장이 소추위원이 된다.
D. 법률이 헌법에 위반되는지 여부가 재판의 전제가 된 경우에는 당해 사건을 담당하는 군사법원은 헌법재판소에 위헌 여부 심판을 제청할 수 없다.
","Next is the issue of law in Korean society.
Which of the following is a correct explanation of the Constitutional Court's adjudication procedures?
A. The adjudication of unconstitutional laws, constitutional complaints, and authority disputes shall be conducted through written hearings, and the adjudication of impeachment and dissolution of political parties shall be conducted through oral arguments.
B. In the authority dispute trial, the court examines the case with the presence of seven or more judges and makes a decision on the case with the approval of a majority of the judges involved in the final hearing.
C. In an impeachment trial, the Speaker of the National Assembly becomes a member of the impeachment committee.
D. If the premise of the trial is whether a law violates the Constitution, the military court in charge of the case cannot request the Constitutional Court to adjudicate whether it is unconstitutional.
"
564,PSAT_18_20,,"다음은 한국사회의 법에 대한 문제이다.
정당에 대한 설명으로 옳지 않은 것은? (다툼이 있는 경우 판례에 의함)","['A. 정당설립의 자유는 비록 헌법 제8조제1항 전단에 규정되어 있지만 국민 개인과 정당의 기본권이라 할 수 있다.', 'B. 입법자는 정당설립의 자유를 최대한 보장하는 방향으로 입법하여야 하고, 헌법재판소는 정당설립의 자유를 제한하는 법률의 합헌성을 심사할 때에 헌법 제37조제2항에 따라 엄격한 비례심사를 하여야 한다.', 'C. 정당이 그 소속 국회의원을 제명하기 위해서는 당헌이 정하는 절차를 거치는 외에 그 소속 국회의원 전원의 3분의 2 이상의 찬성이 있어야 한다.', 'D. 정당 소속 국회의원의 활동 중에서도 국민의 대표자의 지위가 아니라 그 정당에 속한 유력한 정치인의 지위에서 행한 활동으로서 정당과 밀접하게 관련되어 있는 행위들은 정당의 활동이 될 수 있다.']",C,"A. 정당설립의 자유는 비록 헌법 제8조제1항 전단에 규정되어 있지만 국민 개인과 정당의 기본권이라 할 수 있다.
B. 입법자는 정당설립의 자유를 최대한 보장하는 방향으로 입법하여야 하고, 헌법재판소는 정당설립의 자유를 제한하는 법률의 합헌성을 심사할 때에 헌법 제37조제2항에 따라 엄격한 비례심사를 하여야 한다.
C. 정당이 그 소속 국회의원을 제명하기 위해서는 당헌이 정하는 절차를 거치는 외에 그 소속 국회의원 전원의 3분의 2 이상의 찬성이 있어야 한다.
D. 정당 소속 국회의원의 활동 중에서도 국민의 대표자의 지위가 아니라 그 정당에 속한 유력한 정치인의 지위에서 행한 활동으로서 정당과 밀접하게 관련되어 있는 행위들은 정당의 활동이 될 수 있다.
","다음은 한국사회의 법에 대한 문제이다.
정당에 대한 설명으로 옳지 않은 것은? (다툼이 있는 경우 판례에 의함)
A. 정당설립의 자유는 비록 헌법 제8조제1항 전단에 규정되어 있지만 국민 개인과 정당의 기본권이라 할 수 있다.
B. 입법자는 정당설립의 자유를 최대한 보장하는 방향으로 입법하여야 하고, 헌법재판소는 정당설립의 자유를 제한하는 법률의 합헌성을 심사할 때에 헌법 제37조제2항에 따라 엄격한 비례심사를 하여야 한다.
C. 정당이 그 소속 국회의원을 제명하기 위해서는 당헌이 정하는 절차를 거치는 외에 그 소속 국회의원 전원의 3분의 2 이상의 찬성이 있어야 한다.
D. 정당 소속 국회의원의 활동 중에서도 국민의 대표자의 지위가 아니라 그 정당에 속한 유력한 정치인의 지위에서 행한 활동으로서 정당과 밀접하게 관련되어 있는 행위들은 정당의 활동이 될 수 있다.
","Next is the issue of law in Korean society.
Which of the following is not correct regarding political parties? (In case of dispute, according to precedent)
A. Although the freedom to establish political parties is stipulated in the first part of Article 8, Paragraph 1 of the Constitution, it can be said to be a fundamental right of individuals and political parties.
B. Legislators must legislate in a way that guarantees the freedom of establishing political parties as much as possible, and the Constitutional Court must conduct a strict proportionality review in accordance with Article 37 (2) of the Constitution when examining the constitutionality of laws restricting the freedom of establishing political parties.
C. In order for a political party to expel a member of the National Assembly, it must go through the procedures prescribed by the party constitution and must receive the approval of more than two-thirds of all members of the National Assembly.
D. Among the activities of members of the National Assembly belonging to a political party, activities that are closely related to the political party and are performed not in the position of a representative of the people but in the position of an influential politician belonging to the political party may be activities of the political party.
"
565,PSAT_18_21,,"다음은 한국사회의 법에 대한 문제이다.
감사원에 대한 설명으로 옳지 않은 것은?","['A. 감사원은 대통령에 소속하되 직무에 관해서는 독립의 지위를 가진다.', 'B. 감사원장과 감사위원의 임기는 4년이며, 1차에 한하여 중임할 수 있다.', 'C. 감사원은 국회, 법원 및 헌법재판소에 소속된 공무원의 직무에 대해서는 직무감찰을 행하지 못한다.', 'D. 감사원 감사를 받는 사람이 불합리한 규제의 개선 등 공공의 이익을 위하여 업무를 적극적으로 처리한 결과에 대하여 그의 행위에 중대한 과실이 있더라도 감사원법에 따른 징계 요구 또는 문책 요구 등 책임을 묻지 아니한다.']",D,"A. 감사원은 대통령에 소속하되 직무에 관해서는 독립의 지위를 가진다.
B. 감사원장과 감사위원의 임기는 4년이며, 1차에 한하여 중임할 수 있다.
C. 감사원은 국회, 법원 및 헌법재판소에 소속된 공무원의 직무에 대해서는 직무감찰을 행하지 못한다.
D. 감사원 감사를 받는 사람이 불합리한 규제의 개선 등 공공의 이익을 위하여 업무를 적극적으로 처리한 결과에 대하여 그의 행위에 중대한 과실이 있더라도 감사원법에 따른 징계 요구 또는 문책 요구 등 책임을 묻지 아니한다.
","다음은 한국사회의 법에 대한 문제이다.
감사원에 대한 설명으로 옳지 않은 것은?
A. 감사원은 대통령에 소속하되 직무에 관해서는 독립의 지위를 가진다.
B. 감사원장과 감사위원의 임기는 4년이며, 1차에 한하여 중임할 수 있다.
C. 감사원은 국회, 법원 및 헌법재판소에 소속된 공무원의 직무에 대해서는 직무감찰을 행하지 못한다.
D. 감사원 감사를 받는 사람이 불합리한 규제의 개선 등 공공의 이익을 위하여 업무를 적극적으로 처리한 결과에 대하여 그의 행위에 중대한 과실이 있더라도 감사원법에 따른 징계 요구 또는 문책 요구 등 책임을 묻지 아니한다.
","Next is the issue of law in Korean society.
Which of the following is not correct regarding the Board of Audit and Inspection?
A. The Board of Audit and Inspection belongs to the President, but has an independent status with respect to its duties.
B. The term of office of the Chairman of the Board of Audit and Inspection and the Audit Committee members is four years, and they can be reappointed only once.
C. The Board of Audit and Inspection cannot supervise the duties of public officials belonging to the National Assembly, courts, and Constitutional Court.
D. The person being audited by the Board of Audit and Inspection shall not be held liable for the results of actively handling work for the public interest, such as improving unreasonable regulations, such as requesting disciplinary action or reprimand under the Board of Audit and Inspection Act, even if there is gross negligence in his or her actions.
"
566,PSAT_18_22,,"다음은 한국사회의 법에 대한 문제이다.
평등권에 대한 설명으로 옳지 않은 것은? (다툼이 있는 경우 판례에 의함)","['A. 평등위반 여부를 심사함에 있어 엄격한 심사척도에 의할 것인지, 완화된 심사척도에 의할 것인지는 입법자에게 인정되는 입법형성권의 정도에 따라 달라진다.', 'B. 여자는 고용에 있어서 부당한 차별을 받지 않는다고 헌법이 명시적으로 규정하고 있다.', 'C. 헌법은 차별금지 사유로 성별, 종교, 인종 또는 사회적 신분을 명시적으로 규정하고 있다.', 'D. 사회적 신분이란 사회에서 장기간 점하는 지위로서 일정한 사회적 평가를 수반하는 것을 의미한다 할 것이므로 전과자도 사회적 신분에 해당된다.']",C,"A. 평등위반 여부를 심사함에 있어 엄격한 심사척도에 의할 것인지, 완화된 심사척도에 의할 것인지는 입법자에게 인정되는 입법형성권의 정도에 따라 달라진다.
B. 여자는 고용에 있어서 부당한 차별을 받지 않는다고 헌법이 명시적으로 규정하고 있다.
C. 헌법은 차별금지 사유로 성별, 종교, 인종 또는 사회적 신분을 명시적으로 규정하고 있다.
D. 사회적 신분이란 사회에서 장기간 점하는 지위로서 일정한 사회적 평가를 수반하는 것을 의미한다 할 것이므로 전과자도 사회적 신분에 해당된다.
","다음은 한국사회의 법에 대한 문제이다.
평등권에 대한 설명으로 옳지 않은 것은? (다툼이 있는 경우 판례에 의함)
A. 평등위반 여부를 심사함에 있어 엄격한 심사척도에 의할 것인지, 완화된 심사척도에 의할 것인지는 입법자에게 인정되는 입법형성권의 정도에 따라 달라진다.
B. 여자는 고용에 있어서 부당한 차별을 받지 않는다고 헌법이 명시적으로 규정하고 있다.
C. 헌법은 차별금지 사유로 성별, 종교, 인종 또는 사회적 신분을 명시적으로 규정하고 있다.
D. 사회적 신분이란 사회에서 장기간 점하는 지위로서 일정한 사회적 평가를 수반하는 것을 의미한다 할 것이므로 전과자도 사회적 신분에 해당된다.
","Next is the issue of law in Korean society.
Which of the following is not correct regarding equal rights? (In case of dispute, according to precedent)
A. In reviewing whether there is a violation of equality, whether to use a strict or relaxed review scale depends on the degree of legislative formation rights granted to the legislator.
B. The Constitution clearly stipulates that women shall not be unfairly discriminated against in employment.
C. The Constitution explicitly stipulates gender, religion, race, or social status as grounds for prohibition of discrimination.
D. Social status refers to a position occupied for a long period of time in society and entails certain social evaluation, so ex-offenders also fall under social status.
"
567,PSAT_18_23,,"다음은 한국사회의 법에 대한 문제이다.
국무총리에 대한 설명으로 옳지 않은 것은?","['A. 국무총리는 국무회의의 부의장이지만 국무위원이 아니며, 국회의원은 국무총리를 겸할 수 있다.', 'B. 국무위원은 행정각부의 장 중에서 국무총리의 제청으로 대통령이 임명한다.', 'C. 국회나 그 위원회의 출석요구가 있을 때에는 국무총리는 출석ㆍ답변하여야 하며, 국무총리가 출석요구를 받은 때에는 국무위원으로 하여금 출석ㆍ답변하게 할 수 있다.', 'D. 대통령이 국회의 동의를 얻어 국무총리를 임명할 때, 국회 재적의원 과반수의 출석과 출석의원 과반수의 찬성을 얻어야 한다.']",B,"A. 국무총리는 국무회의의 부의장이지만 국무위원이 아니며, 국회의원은 국무총리를 겸할 수 있다.
B. 국무위원은 행정각부의 장 중에서 국무총리의 제청으로 대통령이 임명한다.
C. 국회나 그 위원회의 출석요구가 있을 때에는 국무총리는 출석ㆍ답변하여야 하며, 국무총리가 출석요구를 받은 때에는 국무위원으로 하여금 출석ㆍ답변하게 할 수 있다.
D. 대통령이 국회의 동의를 얻어 국무총리를 임명할 때, 국회 재적의원 과반수의 출석과 출석의원 과반수의 찬성을 얻어야 한다.
","다음은 한국사회의 법에 대한 문제이다.
국무총리에 대한 설명으로 옳지 않은 것은?
A. 국무총리는 국무회의의 부의장이지만 국무위원이 아니며, 국회의원은 국무총리를 겸할 수 있다.
B. 국무위원은 행정각부의 장 중에서 국무총리의 제청으로 대통령이 임명한다.
C. 국회나 그 위원회의 출석요구가 있을 때에는 국무총리는 출석ㆍ답변하여야 하며, 국무총리가 출석요구를 받은 때에는 국무위원으로 하여금 출석ㆍ답변하게 할 수 있다.
D. 대통령이 국회의 동의를 얻어 국무총리를 임명할 때, 국회 재적의원 과반수의 출석과 출석의원 과반수의 찬성을 얻어야 한다.
","Next is the issue of law in Korean society.
Which of the following is not an accurate description of the Prime Minister?
A. The Prime Minister is the vice-chairman of the State Council, but is not a member of the State Council, and members of the National Assembly can also serve as Prime Minister.
B. State Council members are appointed by the President from among the heads of administrative departments upon the recommendation of the Prime Minister.
C. When there is a request for attendance from the National Assembly or its committee, the Prime Minister must attend and answer, and when the Prime Minister receives a request for attendance, he may have a State Council member appear and answer.
D. When the President appoints the Prime Minister with the consent of the National Assembly, he must obtain the attendance of a majority of the members of the National Assembly and the approval of a majority of the members present.
"
568,PSAT_18_24,,"다음은 한국사회의 법에 대한 문제이다.
국회의 기관과 운영에 대한 설명으로 옳지 않은 것은?","['A. 국회의장과 부의장은 국회에서 무기명투표로 선거하되, 재적의원 과반수 출석과 출석의원 과반수의 득표로 당선된다.', 'B. 의안에 대한 수정동의는 그 안을 갖추고 이유를 붙여 국회의원 30인 이상의 찬성자와 연서하여 미리 국회의장에게 제출하여야 하나, 예산안에 대한 수정동의는 국회의원 50인 이상의 찬성이 있어야 한다.', 'C. 중요한 안건으로서 국회의장의 제의 또는 국회의원의 동의로 본회의의 의결이 있거나 재적의원 5분의 1 이상의 요구가 있을 때에는 기명ㆍ호명 또는 무기명투표로 표결한다.', 'D. 본회의는 공개하는 것이 원칙이나, 국회의원 10인 이상의 연서에 의한 동의로 본회의의 의결이 있는 경우 공개하지 아니할 수 있다.']",A,"A. 국회의장과 부의장은 국회에서 무기명투표로 선거하되, 재적의원 과반수 출석과 출석의원 과반수의 득표로 당선된다.
B. 의안에 대한 수정동의는 그 안을 갖추고 이유를 붙여 국회의원 30인 이상의 찬성자와 연서하여 미리 국회의장에게 제출하여야 하나, 예산안에 대한 수정동의는 국회의원 50인 이상의 찬성이 있어야 한다.
C. 중요한 안건으로서 국회의장의 제의 또는 국회의원의 동의로 본회의의 의결이 있거나 재적의원 5분의 1 이상의 요구가 있을 때에는 기명ㆍ호명 또는 무기명투표로 표결한다.
D. 본회의는 공개하는 것이 원칙이나, 국회의원 10인 이상의 연서에 의한 동의로 본회의의 의결이 있는 경우 공개하지 아니할 수 있다.
","다음은 한국사회의 법에 대한 문제이다.
국회의 기관과 운영에 대한 설명으로 옳지 않은 것은?
A. 국회의장과 부의장은 국회에서 무기명투표로 선거하되, 재적의원 과반수 출석과 출석의원 과반수의 득표로 당선된다.
B. 의안에 대한 수정동의는 그 안을 갖추고 이유를 붙여 국회의원 30인 이상의 찬성자와 연서하여 미리 국회의장에게 제출하여야 하나, 예산안에 대한 수정동의는 국회의원 50인 이상의 찬성이 있어야 한다.
C. 중요한 안건으로서 국회의장의 제의 또는 국회의원의 동의로 본회의의 의결이 있거나 재적의원 5분의 1 이상의 요구가 있을 때에는 기명ㆍ호명 또는 무기명투표로 표결한다.
D. 본회의는 공개하는 것이 원칙이나, 국회의원 10인 이상의 연서에 의한 동의로 본회의의 의결이 있는 경우 공개하지 아니할 수 있다.
","Next is the issue of law in Korean society.
Which of the following is not a correct description of the institutions and operations of the National Assembly?
A. The Speaker and Vice-Chairman of the National Assembly are elected by secret ballot at the National Assembly, and are elected by the attendance of a majority of the registered members and the votes of a majority of the members present.
B. A motion to amend a bill must be submitted to the Speaker of the National Assembly in advance by preparing a bill, giving reasons, and jointly signed by at least 30 supporters of the National Assembly. However, a motion to amend a budget bill must have the approval of at least 50 National Assembly members.
C. When an important agenda item is voted on by the plenary session at the suggestion of the Speaker of the National Assembly or with the consent of the National Assembly members, or when there is a request from more than one-fifth of the registered members, the vote shall be made by writing in, calling, or secret voting.
D. In principle, the plenary session is open to the public, but if there is a resolution at the plenary session with the joint signature of more than 10 members of the National Assembly, it may not be disclosed.
"
569,PSAT_18_25,,"다음은 한국사회의 법에 대한 문제이다.
선거관리위원회에 대한 설명으로 옳지 않은 것은?","['A. 선거관리위원회의 종류에는 중앙선거관리위원회, 특별시ㆍ광역시ㆍ도선거관리위원회, 구ㆍ시ㆍ군선거관리위원회 및 읍ㆍ면ㆍ동선거관리위원회가 있다.', 'B. 중앙선거관리위원회는 법령에 저촉되지 아니하는 범위 안에서 내부규율에 관한 규칙을 제정할 수 있다.', 'C. 국회의원선거구획정위원회는 중앙선거관리위원회에 두되, 직무에 관하여 독립의 지위를 가진다.', 'D. 중앙선거관리위원회 위원장은 중앙선거관리위원회 회의를 소집하고, 표결권과 가부동수인 경우 결정권을 가진다.']",B,"A. 선거관리위원회의 종류에는 중앙선거관리위원회, 특별시ㆍ광역시ㆍ도선거관리위원회, 구ㆍ시ㆍ군선거관리위원회 및 읍ㆍ면ㆍ동선거관리위원회가 있다.
B. 중앙선거관리위원회는 법령에 저촉되지 아니하는 범위 안에서 내부규율에 관한 규칙을 제정할 수 있다.
C. 국회의원선거구획정위원회는 중앙선거관리위원회에 두되, 직무에 관하여 독립의 지위를 가진다.
D. 중앙선거관리위원회 위원장은 중앙선거관리위원회 회의를 소집하고, 표결권과 가부동수인 경우 결정권을 가진다.
","다음은 한국사회의 법에 대한 문제이다.
선거관리위원회에 대한 설명으로 옳지 않은 것은?
A. 선거관리위원회의 종류에는 중앙선거관리위원회, 특별시ㆍ광역시ㆍ도선거관리위원회, 구ㆍ시ㆍ군선거관리위원회 및 읍ㆍ면ㆍ동선거관리위원회가 있다.
B. 중앙선거관리위원회는 법령에 저촉되지 아니하는 범위 안에서 내부규율에 관한 규칙을 제정할 수 있다.
C. 국회의원선거구획정위원회는 중앙선거관리위원회에 두되, 직무에 관하여 독립의 지위를 가진다.
D. 중앙선거관리위원회 위원장은 중앙선거관리위원회 회의를 소집하고, 표결권과 가부동수인 경우 결정권을 가진다.
","Next is the issue of law in Korean society.
Which of the following is not correct regarding the Election Commission?
A. Types of election commissions include the National Election Commission, Special City, Metropolitan City, and Provincial Election Commissions, District, City, and County Election Commissions, and Eup, Myeon, and Dong Election Commissions.
B. The National Election Commission may establish rules regarding internal discipline to the extent that they do not conflict with laws and regulations.
C. The National Assembly Constituency Demarcation Committee is located in the National Election Commission, but has an independent status with respect to its duties.
D. The Chairman of the National Election Commission convenes a meeting of the National Election Commission and has the right to vote and, in case of a tie, the right to decide.
"
570,PSAT_19_1,,"다음은 한국사회의 법에 대한 문제이다.
조세법률주의에 대한 설명으로 옳지 않은 것은? (다툼이 있는 경우 판례에 의함)","['A. 세금의 사용에 대해 이의를 제기하거나 잘못된 사용의 중지를 요구하는 내용의 기본권은 인정되지 않는다.', 'B. 조세법규 등 국민의 기본권을 직접적으로 제한하거나 침해할 소지가 있는 법규에서는 구체성ㆍ명확성의 요구가 강화되어 그 위임의 요건과 범위가 일반적인 급부행정법규의 경우보다 더 엄격하게 제한적으로 규정되어야 한다.', 'C. 조세법률주의는 납세의무를 성립시키는 납세의무자, 과세물건, 과세표준, 과세기간, 세율 등의 모든 과세요건과 조세의 부과ㆍ징수절차는 모두 국민의 대표기관인 국회가 제정한 법률로 이를 규정하여야 한다는 과세요건 법정주의를 내용으로 한다.', 'D. 실효된 법률조항을 유효한 것으로 해석하여 과세의 근거로 삼는 것은 관련 당사자가 공평에 반하는 이익을 얻을 가능성을 막기 위한 것으로 헌법상 권력분립원칙과 조세법률주의의 원칙에 반하지 않는다.']",D,"A. 세금의 사용에 대해 이의를 제기하거나 잘못된 사용의 중지를 요구하는 내용의 기본권은 인정되지 않는다.
B. 조세법규 등 국민의 기본권을 직접적으로 제한하거나 침해할 소지가 있는 법규에서는 구체성ㆍ명확성의 요구가 강화되어 그 위임의 요건과 범위가 일반적인 급부행정법규의 경우보다 더 엄격하게 제한적으로 규정되어야 한다.
C. 조세법률주의는 납세의무를 성립시키는 납세의무자, 과세물건, 과세표준, 과세기간, 세율 등의 모든 과세요건과 조세의 부과ㆍ징수절차는 모두 국민의 대표기관인 국회가 제정한 법률로 이를 규정하여야 한다는 과세요건 법정주의를 내용으로 한다.
D. 실효된 법률조항을 유효한 것으로 해석하여 과세의 근거로 삼는 것은 관련 당사자가 공평에 반하는 이익을 얻을 가능성을 막기 위한 것으로 헌법상 권력분립원칙과 조세법률주의의 원칙에 반하지 않는다.
","다음은 한국사회의 법에 대한 문제이다.
조세법률주의에 대한 설명으로 옳지 않은 것은? (다툼이 있는 경우 판례에 의함)
A. 세금의 사용에 대해 이의를 제기하거나 잘못된 사용의 중지를 요구하는 내용의 기본권은 인정되지 않는다.
B. 조세법규 등 국민의 기본권을 직접적으로 제한하거나 침해할 소지가 있는 법규에서는 구체성ㆍ명확성의 요구가 강화되어 그 위임의 요건과 범위가 일반적인 급부행정법규의 경우보다 더 엄격하게 제한적으로 규정되어야 한다.
C. 조세법률주의는 납세의무를 성립시키는 납세의무자, 과세물건, 과세표준, 과세기간, 세율 등의 모든 과세요건과 조세의 부과ㆍ징수절차는 모두 국민의 대표기관인 국회가 제정한 법률로 이를 규정하여야 한다는 과세요건 법정주의를 내용으로 한다.
D. 실효된 법률조항을 유효한 것으로 해석하여 과세의 근거로 삼는 것은 관련 당사자가 공평에 반하는 이익을 얻을 가능성을 막기 위한 것으로 헌법상 권력분립원칙과 조세법률주의의 원칙에 반하지 않는다.
","Next is the issue of law in Korean society.
Which of the following is incorrect regarding tax legalism? (In case of dispute, according to precedent)
A. The fundamental right to object to the use of tax money or to request the cessation of incorrect use is not recognized.
B. In laws and regulations that have the potential to directly restrict or infringe on citizens' basic rights, such as tax laws, the requirements for specificity and clarity are strengthened, and the requirements and scope of delegation must be more strictly and limited than in the case of general benefit administrative laws and regulations. .
C. Tax legalism stipulates that all tax requirements, such as taxpayers, taxable objects, tax bases, tax periods, and tax rates that establish tax payment obligations, as well as tax imposition and collection procedures, are all regulated by laws enacted by the National Assembly, the representative body of the people. It contains legal principles regarding the taxation requirements that must be met.
D. Interpreting lapsed legal provisions as valid and using them as the basis for taxation is to prevent the possibility of relevant parties obtaining benefits contrary to fairness and does not conflict with the principles of separation of powers and tax legalism under the Constitution.
"
571,PSAT_19_2,,"다음은 한국사회의 법에 대한 문제이다.
국회의 위원회에 대한 설명으로 옳지 않은 것은?","['A. 국회상임위원회 중 정무위원회는 국민권익위원회 소관에 속하는 사항을 관장한다.', 'B. 교섭단체에 소속되지 않은 의원의 상임위원 선임은 국회의장이 행한다.', 'C. 정보위원회는 소관 사항을 분담ㆍ심사하기 위하여 상설소위원회를 둘 수 있다.', 'D. 상임위원은 교섭단체 소속 의원 수의 비율에 따라 각 교섭단체 대표의원의 요청으로 의장이 선임하거나 개선한다.']",C,"A. 국회상임위원회 중 정무위원회는 국민권익위원회 소관에 속하는 사항을 관장한다.
B. 교섭단체에 소속되지 않은 의원의 상임위원 선임은 국회의장이 행한다.
C. 정보위원회는 소관 사항을 분담ㆍ심사하기 위하여 상설소위원회를 둘 수 있다.
D. 상임위원은 교섭단체 소속 의원 수의 비율에 따라 각 교섭단체 대표의원의 요청으로 의장이 선임하거나 개선한다.
","다음은 한국사회의 법에 대한 문제이다.
국회의 위원회에 대한 설명으로 옳지 않은 것은?
A. 국회상임위원회 중 정무위원회는 국민권익위원회 소관에 속하는 사항을 관장한다.
B. 교섭단체에 소속되지 않은 의원의 상임위원 선임은 국회의장이 행한다.
C. 정보위원회는 소관 사항을 분담ㆍ심사하기 위하여 상설소위원회를 둘 수 있다.
D. 상임위원은 교섭단체 소속 의원 수의 비율에 따라 각 교섭단체 대표의원의 요청으로 의장이 선임하거나 개선한다.
","Next is the issue of law in Korean society.
Which of the following is not correct regarding committees in the National Assembly?
A. Among the National Assembly Standing Committees, the Political Affairs Committee manages matters that fall under the jurisdiction of the Anti-Corruption and Civil Rights Commission.
B. The Speaker of the National Assembly appoints members who do not belong to a negotiating group to standing committee members.
C. The Information Committee may establish a permanent subcommittee to divide and review matters under its jurisdiction.
D. Standing members are appointed or improved by the chairman at the request of the representative member of each negotiating group in proportion to the number of members belonging to the negotiating group.
"
572,PSAT_19_3,,"다음은 한국사회의 법에 대한 문제이다.
양심의 자유에 대한 설명으로 옳지 않은 것은? (다툼이 있는 경우 판례에 의함)","['A. 진지한 윤리적 판단과는 관계없는 음주측정요구에 응할 것인가의 고민은 양심의 자유의 보호대상이 아니다.', 'B. 헌법에 의해 보호받는 양심은 법질서와 도덕에 부합하는 사고를 가진 다수의 양심을 의미한다.', 'C. 법률해석에 다른 의견이 있는 경우와 같이 개인의 인격형성과의 관련성이 거의 없는 의견은 양심의 자유의 보호대상에 속하지 않는다.', 'D. 양심적 결정을 외부로 표현하고 실현할 수 있는 권리인 양심실현의 자유는 법질서에 위배되거나 타인의 권리를 침해할 수 있기 때문에 법률에 의하여 제한될 수 있다.']",B,"A. 진지한 윤리적 판단과는 관계없는 음주측정요구에 응할 것인가의 고민은 양심의 자유의 보호대상이 아니다.
B. 헌법에 의해 보호받는 양심은 법질서와 도덕에 부합하는 사고를 가진 다수의 양심을 의미한다.
C. 법률해석에 다른 의견이 있는 경우와 같이 개인의 인격형성과의 관련성이 거의 없는 의견은 양심의 자유의 보호대상에 속하지 않는다.
D. 양심적 결정을 외부로 표현하고 실현할 수 있는 권리인 양심실현의 자유는 법질서에 위배되거나 타인의 권리를 침해할 수 있기 때문에 법률에 의하여 제한될 수 있다.
","다음은 한국사회의 법에 대한 문제이다.
양심의 자유에 대한 설명으로 옳지 않은 것은? (다툼이 있는 경우 판례에 의함)
A. 진지한 윤리적 판단과는 관계없는 음주측정요구에 응할 것인가의 고민은 양심의 자유의 보호대상이 아니다.
B. 헌법에 의해 보호받는 양심은 법질서와 도덕에 부합하는 사고를 가진 다수의 양심을 의미한다.
C. 법률해석에 다른 의견이 있는 경우와 같이 개인의 인격형성과의 관련성이 거의 없는 의견은 양심의 자유의 보호대상에 속하지 않는다.
D. 양심적 결정을 외부로 표현하고 실현할 수 있는 권리인 양심실현의 자유는 법질서에 위배되거나 타인의 권리를 침해할 수 있기 때문에 법률에 의하여 제한될 수 있다.
","Next is the issue of law in Korean society.
Which of the following is incorrect regarding freedom of conscience? (In case of dispute, according to precedent)
A. Contemplating whether to comply with a breathalyzer test request that has nothing to do with serious ethical judgment is not subject to the protection of freedom of conscience.
B. Conscience protected by the Constitution refers to the conscience of the majority whose thoughts are consistent with law and order and morality.
C. Opinions that have little relevance to the formation of an individual's character, such as different opinions in legal interpretation, do not fall under the protection of freedom of conscience.
D. Freedom of conscience, which is the right to externally express and realize conscientious decisions, may be restricted by law because it may violate legal order or infringe on the rights of others.
"
573,PSAT_19_4,,"다음은 한국사회의 법에 대한 문제이다.
직업의 자유에 대한 설명으로 옳은 것은? (다툼이 있는 경우 판례에 의함)","['A. 계속성과 생활수단성을 개념표지로 하는 직업의 개념에 비추어 보면 학업 수행이 본업인 대학생의 경우 방학기간을 이용하여 또는 휴학 중에 학비 등을 벌기 위해 학원강사로서 일하는 행위는 일시적인 소득활동으로서 직업의 자유의 보호영역에 속하지 않는다.', 'B. 직업수행의 자유는 직업결정의 자유에 비하여 상대적으로 그 침해의 정도가 작다고 할 것이므로 이에 대하여는 공공복리 등 공익상의 이유로 비교적 넓은 법률상의 규제가 가능하다.', 'C. 소주판매업자에게 자도소주구입을 강제하는 자도소주구입명령제도는 독과점을 방지하고, 중소기업을 보호한다는 공익적 목적달성을 위한 적합한 수단이므로 소주판매업자의 직업의 자유를 침해하지 않는다.', ""D. 대통령령으로 정하는 공공기관 및 공기업으로 하여금 매년 정원의 100분의 3 이상씩 34세 이하의 청년 미취업자를 채용하도록 한 이른바 '청년할당제'는 35세 이상 미취업자들의 평등권, 직업선택의 자유를 침해한다.""]",B,"A. 계속성과 생활수단성을 개념표지로 하는 직업의 개념에 비추어 보면 학업 수행이 본업인 대학생의 경우 방학기간을 이용하여 또는 휴학 중에 학비 등을 벌기 위해 학원강사로서 일하는 행위는 일시적인 소득활동으로서 직업의 자유의 보호영역에 속하지 않는다.
B. 직업수행의 자유는 직업결정의 자유에 비하여 상대적으로 그 침해의 정도가 작다고 할 것이므로 이에 대하여는 공공복리 등 공익상의 이유로 비교적 넓은 법률상의 규제가 가능하다.
C. 소주판매업자에게 자도소주구입을 강제하는 자도소주구입명령제도는 독과점을 방지하고, 중소기업을 보호한다는 공익적 목적달성을 위한 적합한 수단이므로 소주판매업자의 직업의 자유를 침해하지 않는다.
D. 대통령령으로 정하는 공공기관 및 공기업으로 하여금 매년 정원의 100분의 3 이상씩 34세 이하의 청년 미취업자를 채용하도록 한 이른바 '청년할당제'는 35세 이상 미취업자들의 평등권, 직업선택의 자유를 침해한다.
","다음은 한국사회의 법에 대한 문제이다.
직업의 자유에 대한 설명으로 옳은 것은? (다툼이 있는 경우 판례에 의함)
A. 계속성과 생활수단성을 개념표지로 하는 직업의 개념에 비추어 보면 학업 수행이 본업인 대학생의 경우 방학기간을 이용하여 또는 휴학 중에 학비 등을 벌기 위해 학원강사로서 일하는 행위는 일시적인 소득활동으로서 직업의 자유의 보호영역에 속하지 않는다.
B. 직업수행의 자유는 직업결정의 자유에 비하여 상대적으로 그 침해의 정도가 작다고 할 것이므로 이에 대하여는 공공복리 등 공익상의 이유로 비교적 넓은 법률상의 규제가 가능하다.
C. 소주판매업자에게 자도소주구입을 강제하는 자도소주구입명령제도는 독과점을 방지하고, 중소기업을 보호한다는 공익적 목적달성을 위한 적합한 수단이므로 소주판매업자의 직업의 자유를 침해하지 않는다.
D. 대통령령으로 정하는 공공기관 및 공기업으로 하여금 매년 정원의 100분의 3 이상씩 34세 이하의 청년 미취업자를 채용하도록 한 이른바 '청년할당제'는 35세 이상 미취업자들의 평등권, 직업선택의 자유를 침해한다.
","Next is the issue of law in Korean society.
Which of the following is correct about occupational freedom? (In case of dispute, according to precedent)
A. In light of the concept of occupation that uses continuity and means of livelihood as conceptual markers, for college students whose main job is academic performance, working as an instructor at an academy to earn tuition during vacation or during a leave of absence is considered a temporary income-earning activity. does not fall within the protected area of ​​freedom.
B. Since the degree of infringement on the freedom to perform one's job is relatively small compared to the freedom to decide on one's job, relatively broad legal regulation is possible for reasons of public interest such as public welfare.
C. The self-produced soju purchase order system, which forces soju sellers to purchase self-produced soju, is an appropriate means to achieve the public interest goal of preventing monopoly and protecting small and medium-sized businesses, so it does not infringe on the occupational freedom of soju sellers.
D. The so-called 'youth quota system', which requires public institutions and public enterprises prescribed by Presidential Decree to hire unemployed young people under 34 years of age at least 3/100 of their quota every year, violates the equal rights and freedom of job choice of unemployed people over 35 years of age. .
"
574,PSAT_19_5,,"다음은 한국사회의 법에 대한 문제이다.
공무담임권에 대한 설명으로 옳지 않은 것은? (다툼이 있는 경우 판례에 의함)","['A. 조항은 지방자치단체장의 공무담임권을 침해한다.', 'B. 5급 공개경쟁채용시험 응시연령의 상한을 32세까지로 제한하고 있는 것은 기본권 제한을 최소한도에 그치도록 요구하는 헌법 제37조제2항에 부합된다고 보기 어렵다.', 'C. 공무담임권의 보호영역에는 공직취임기회의 자의적인 배제뿐만 아니라 공무원 신분의 부당한 박탈이나 권한의 부당한 정지, 승진시험의 응시제한이나 이를 통한 승진기회의 보장 등이 포함된다.', 'D. 공무담임권은 각종 선거에 입후보하여 당선될 수 있는 피선거권과 공직에 임명될 수 있는 공직취임권을 포괄하는 권리이다.']",C,"A. 조항은 지방자치단체장의 공무담임권을 침해한다.
B. 5급 공개경쟁채용시험 응시연령의 상한을 32세까지로 제한하고 있는 것은 기본권 제한을 최소한도에 그치도록 요구하는 헌법 제37조제2항에 부합된다고 보기 어렵다.
C. 공무담임권의 보호영역에는 공직취임기회의 자의적인 배제뿐만 아니라 공무원 신분의 부당한 박탈이나 권한의 부당한 정지, 승진시험의 응시제한이나 이를 통한 승진기회의 보장 등이 포함된다.
D. 공무담임권은 각종 선거에 입후보하여 당선될 수 있는 피선거권과 공직에 임명될 수 있는 공직취임권을 포괄하는 권리이다.
","다음은 한국사회의 법에 대한 문제이다.
공무담임권에 대한 설명으로 옳지 않은 것은? (다툼이 있는 경우 판례에 의함)
A. 조항은 지방자치단체장의 공무담임권을 침해한다.
B. 5급 공개경쟁채용시험 응시연령의 상한을 32세까지로 제한하고 있는 것은 기본권 제한을 최소한도에 그치도록 요구하는 헌법 제37조제2항에 부합된다고 보기 어렵다.
C. 공무담임권의 보호영역에는 공직취임기회의 자의적인 배제뿐만 아니라 공무원 신분의 부당한 박탈이나 권한의 부당한 정지, 승진시험의 응시제한이나 이를 통한 승진기회의 보장 등이 포함된다.
D. 공무담임권은 각종 선거에 입후보하여 당선될 수 있는 피선거권과 공직에 임명될 수 있는 공직취임권을 포괄하는 권리이다.
","Next is the issue of law in Korean society.
Which of the following is incorrect regarding the right to hold public office? (In case of dispute, according to precedent)
A. This provision infringes on the right of local government heads to take charge of public affairs.
B. It is difficult to say that limiting the upper age limit for taking the Level 5 open competitive recruitment exam to 32 years complies with Article 37, Paragraph 2 of the Constitution, which requires that restrictions on basic rights be limited to the minimum.
C. The area of ​​protection of the right to hold public office includes not only arbitrary exclusion from the opportunity to hold public office, but also unfair deprivation of public official status, unreasonable suspension of authority, restrictions on taking promotion exams, and guarantee of promotion opportunities through such means.
D. The right to hold public office is a right that encompasses the right to run for and be elected in various elections and the right to hold public office.
"
575,PSAT_19_6,,"다음은 한국사회의 법에 대한 문제이다.
대통령의 사면권에 대한 설명으로 옳지 않은 것은?","['A. 일반에 대한 감형에서는 특별한 규정이 없는 경우 형이 변경되지만, 특정한 자에 대한 감형에서는 특별한 사정이 있는 경우를 제외하고는 형의 집행이 경감된다.', 'B. 일반사면뿐만 아니라 특별사면의 경우에도 국무회의의 심의를 거쳐야 한다.', 'C. 복권은 형의 집행이 끝나지 아니한 자 또는 집행이 면제되지 아니한 자에 대하여는 하지 아니한다.', 'D. 사면심사위원회는 위원장 1명을 포함한 9명의 위원으로 구성하며, 위원장은 법무부장관이 되고, 위원은 대통령이 임명하거나 위촉하되, 공무원이 아닌 위원을 4명 이상 위촉하여야 한다.']",D,"A. 일반에 대한 감형에서는 특별한 규정이 없는 경우 형이 변경되지만, 특정한 자에 대한 감형에서는 특별한 사정이 있는 경우를 제외하고는 형의 집행이 경감된다.
B. 일반사면뿐만 아니라 특별사면의 경우에도 국무회의의 심의를 거쳐야 한다.
C. 복권은 형의 집행이 끝나지 아니한 자 또는 집행이 면제되지 아니한 자에 대하여는 하지 아니한다.
D. 사면심사위원회는 위원장 1명을 포함한 9명의 위원으로 구성하며, 위원장은 법무부장관이 되고, 위원은 대통령이 임명하거나 위촉하되, 공무원이 아닌 위원을 4명 이상 위촉하여야 한다.
","다음은 한국사회의 법에 대한 문제이다.
대통령의 사면권에 대한 설명으로 옳지 않은 것은?
A. 일반에 대한 감형에서는 특별한 규정이 없는 경우 형이 변경되지만, 특정한 자에 대한 감형에서는 특별한 사정이 있는 경우를 제외하고는 형의 집행이 경감된다.
B. 일반사면뿐만 아니라 특별사면의 경우에도 국무회의의 심의를 거쳐야 한다.
C. 복권은 형의 집행이 끝나지 아니한 자 또는 집행이 면제되지 아니한 자에 대하여는 하지 아니한다.
D. 사면심사위원회는 위원장 1명을 포함한 9명의 위원으로 구성하며, 위원장은 법무부장관이 되고, 위원은 대통령이 임명하거나 위촉하되, 공무원이 아닌 위원을 4명 이상 위촉하여야 한다.
","Next is the issue of law in Korean society.
Which of the following is incorrect regarding the president's pardon power?
A. In a general commutation, the sentence is changed unless there are special provisions, but in a commutation of the sentence for a specific person, the execution of the sentence is reduced except in special circumstances.
B. Not only general pardons but also special pardons must undergo deliberation by the State Council.
C. Reinstatement does not apply to those whose sentences have not been completed or those who have not been exempted from execution.
D. The Pardon Review Committee is composed of nine members, including one chairperson. The chairperson is the Minister of Justice, and members are appointed or commissioned by the President, but at least four members who are not public officials must be appointed.
"
576,PSAT_19_7,,"다음은 한국사회의 법에 대한 문제이다.
선거에 대한 설명으로 옳지 않은 것은? (다툼이 있는 경우 판례에 의함)","['A. 헌법 제24조는 모든 국민은 법률이 정하는 바에 의하여 선거권을 가진다고 규정함으로써 법률유보의 형식을 취하고 있는데, 이것은 국민의 선거권이 법률이 정하는 바에 따라서 인정될 수 있다는 포괄적인 입법권의 유보 하에 있음을 의미하는 것이다.', 'B. 대통령선거ㆍ지역구국회의원선거 및 지방자치단체의 장 선거의 후보자는 점자형 선거공보를 작성ㆍ제출하여야 하되, 책자형 선거공보에 그 내용이 음성ㆍ점자 등으로 출력되는 인쇄물 접근성 바코드를 표시하는 것으로 대신할 수 있다.', 'C. 선거일 현재 선거범으로서 100만 원 이상의 벌금형의 선고를 받고 그 형이 확정된 후 5년 또는 형의 집행유예의 선고를 받고 그 형이 확정된 후 10년을 경과하지 아니한 사람은 선거권이 없다.', 'D. 선거일 현재 5년 이상 국내에 거주하고 있는 40세 이상의 국민은 대통령의 피선거권이 있으며, 이 경우 공무로 외국에 파견된 기간과 국내에 주소를 두고 일정기간 외국에 체류한 기간은 국내거주기간으로 본다.']",A,"A. 헌법 제24조는 모든 국민은 법률이 정하는 바에 의하여 선거권을 가진다고 규정함으로써 법률유보의 형식을 취하고 있는데, 이것은 국민의 선거권이 법률이 정하는 바에 따라서 인정될 수 있다는 포괄적인 입법권의 유보 하에 있음을 의미하는 것이다.
B. 대통령선거ㆍ지역구국회의원선거 및 지방자치단체의 장 선거의 후보자는 점자형 선거공보를 작성ㆍ제출하여야 하되, 책자형 선거공보에 그 내용이 음성ㆍ점자 등으로 출력되는 인쇄물 접근성 바코드를 표시하는 것으로 대신할 수 있다.
C. 선거일 현재 선거범으로서 100만 원 이상의 벌금형의 선고를 받고 그 형이 확정된 후 5년 또는 형의 집행유예의 선고를 받고 그 형이 확정된 후 10년을 경과하지 아니한 사람은 선거권이 없다.
D. 선거일 현재 5년 이상 국내에 거주하고 있는 40세 이상의 국민은 대통령의 피선거권이 있으며, 이 경우 공무로 외국에 파견된 기간과 국내에 주소를 두고 일정기간 외국에 체류한 기간은 국내거주기간으로 본다.
","다음은 한국사회의 법에 대한 문제이다.
선거에 대한 설명으로 옳지 않은 것은? (다툼이 있는 경우 판례에 의함)
A. 헌법 제24조는 모든 국민은 법률이 정하는 바에 의하여 선거권을 가진다고 규정함으로써 법률유보의 형식을 취하고 있는데, 이것은 국민의 선거권이 법률이 정하는 바에 따라서 인정될 수 있다는 포괄적인 입법권의 유보 하에 있음을 의미하는 것이다.
B. 대통령선거ㆍ지역구국회의원선거 및 지방자치단체의 장 선거의 후보자는 점자형 선거공보를 작성ㆍ제출하여야 하되, 책자형 선거공보에 그 내용이 음성ㆍ점자 등으로 출력되는 인쇄물 접근성 바코드를 표시하는 것으로 대신할 수 있다.
C. 선거일 현재 선거범으로서 100만 원 이상의 벌금형의 선고를 받고 그 형이 확정된 후 5년 또는 형의 집행유예의 선고를 받고 그 형이 확정된 후 10년을 경과하지 아니한 사람은 선거권이 없다.
D. 선거일 현재 5년 이상 국내에 거주하고 있는 40세 이상의 국민은 대통령의 피선거권이 있으며, 이 경우 공무로 외국에 파견된 기간과 국내에 주소를 두고 일정기간 외국에 체류한 기간은 국내거주기간으로 본다.
","Next is the issue of law in Korean society.
Which of the following is not a correct explanation about elections? (In case of dispute, according to precedent)
A. Article 24 of the Constitution takes the form of a legal reservation by stipulating that all citizens have the right to vote in accordance with the provisions of the law. This means that the citizens' voting rights are subject to the reservation of comprehensive legislative authority that can be recognized in accordance with the provisions of the law. It is done.
B. Candidates for the presidential election, local assembly member election, and local government head election must prepare and submit a Braille-type election bulletin, and the booklet-type election bulletin must display an accessibility barcode in printed matter that is output in voice, Braille, etc. It can be replaced with
C. As of the election date, a person who has been sentenced to a fine of 1 million won or more as an election offender and 5 years have passed since the sentence was confirmed, or a person who has been sentenced to probation for less than 10 years since the sentence has been confirmed, is not entitled to vote. .
D. Citizens over 40 years of age who have been residing in Korea for more than 5 years as of the election date have the right to be elected as president. In this case, the period of time dispatched abroad for official duties and the period of staying abroad for a certain period with an address in Korea are considered domestic residence periods. see.
"
577,PSAT_19_8,,"다음은 한국사회의 법에 대한 문제이다.
국회의 권한에 대한 설명으로 옳지 않은 것은?","['A. 국회가 의원의 자격 유무를 심사하여 그 자격이 없는 것으로 의결할 때에는 재적의원 3분의 2 이상의 찬성이 있어야 한다.', 'B. 국정조사위원회는 의결로써 국회의 폐회 중에도 활동할 수 있고 조사와 관련한 보고 또는 서류의 제출을 요구하거나 조사를 위한 증인의 출석을 요구하는 경우에는 의장을 경유하여야 한다.', 'C. 국채를 모집하거나 예산외에 국가의 부담이 될 계약을 체결하려 할 때에는 정부는 미리 국회의 의결을 얻어야 한다.', 'D. 국회는 중요한 국제조직에 관한 조약의 체결ㆍ비준에 대한 동의권을 가진다.']",B,"A. 국회가 의원의 자격 유무를 심사하여 그 자격이 없는 것으로 의결할 때에는 재적의원 3분의 2 이상의 찬성이 있어야 한다.
B. 국정조사위원회는 의결로써 국회의 폐회 중에도 활동할 수 있고 조사와 관련한 보고 또는 서류의 제출을 요구하거나 조사를 위한 증인의 출석을 요구하는 경우에는 의장을 경유하여야 한다.
C. 국채를 모집하거나 예산외에 국가의 부담이 될 계약을 체결하려 할 때에는 정부는 미리 국회의 의결을 얻어야 한다.
D. 국회는 중요한 국제조직에 관한 조약의 체결ㆍ비준에 대한 동의권을 가진다.
","다음은 한국사회의 법에 대한 문제이다.
국회의 권한에 대한 설명으로 옳지 않은 것은?
A. 국회가 의원의 자격 유무를 심사하여 그 자격이 없는 것으로 의결할 때에는 재적의원 3분의 2 이상의 찬성이 있어야 한다.
B. 국정조사위원회는 의결로써 국회의 폐회 중에도 활동할 수 있고 조사와 관련한 보고 또는 서류의 제출을 요구하거나 조사를 위한 증인의 출석을 요구하는 경우에는 의장을 경유하여야 한다.
C. 국채를 모집하거나 예산외에 국가의 부담이 될 계약을 체결하려 할 때에는 정부는 미리 국회의 의결을 얻어야 한다.
D. 국회는 중요한 국제조직에 관한 조약의 체결ㆍ비준에 대한 동의권을 가진다.
","Next is the issue of law in Korean society.
Which of the following is incorrect regarding the authority of the National Assembly?
A. When the National Assembly examines the qualifications of a member and decides that the member is not qualified, the approval of more than two-thirds of the registered members must be obtained.
B. By resolution, the State Affairs Investigation Committee can operate even when the National Assembly is closed, and when requesting the submission of reports or documents related to the investigation or the attendance of witnesses for the investigation, it must go through the Chairman.
C. When attempting to raise national bonds or enter into a contract that will burden the nation outside of the budget, the government must obtain the approval of the National Assembly in advance.
D. The National Assembly has the right to consent to the conclusion and ratification of treaties on important international organizations.
"
578,PSAT_19_9,,"다음은 한국사회의 법에 대한 문제이다.
범죄피해자구조청구권에 대한 설명으로 옳은 것은?","['A. 외국인이 구조피해자이거나 유족인 경우에는 해당 국가의 상호보증이 있는 경우에 한하여 범죄피해자구조청구권을 행사할 수 있다.', 'B. 범죄피해자구조청구권은 생명, 신체에 대한 피해를 입은 경우에 적용되는 것은 물론이고 재산상 피해를 입은 경우에도 적용된다.', 'C. 구조대상 범죄피해는 대한민국 영역 안에서 또는 대한민국 영역 밖에서 행하여진 범죄로 인한 피해를 말한다.', 'D. 범죄피해자구조금의 지급신청은 해당 구조대상 범죄피해의 발생을 안 날부터 3년이 지나거나 해당 구조대상 범죄피해가 발생한 날부터 5년이 지나면 할 수 없다.']",A,"A. 외국인이 구조피해자이거나 유족인 경우에는 해당 국가의 상호보증이 있는 경우에 한하여 범죄피해자구조청구권을 행사할 수 있다.
B. 범죄피해자구조청구권은 생명, 신체에 대한 피해를 입은 경우에 적용되는 것은 물론이고 재산상 피해를 입은 경우에도 적용된다.
C. 구조대상 범죄피해는 대한민국 영역 안에서 또는 대한민국 영역 밖에서 행하여진 범죄로 인한 피해를 말한다.
D. 범죄피해자구조금의 지급신청은 해당 구조대상 범죄피해의 발생을 안 날부터 3년이 지나거나 해당 구조대상 범죄피해가 발생한 날부터 5년이 지나면 할 수 없다.
","다음은 한국사회의 법에 대한 문제이다.
범죄피해자구조청구권에 대한 설명으로 옳은 것은?
A. 외국인이 구조피해자이거나 유족인 경우에는 해당 국가의 상호보증이 있는 경우에 한하여 범죄피해자구조청구권을 행사할 수 있다.
B. 범죄피해자구조청구권은 생명, 신체에 대한 피해를 입은 경우에 적용되는 것은 물론이고 재산상 피해를 입은 경우에도 적용된다.
C. 구조대상 범죄피해는 대한민국 영역 안에서 또는 대한민국 영역 밖에서 행하여진 범죄로 인한 피해를 말한다.
D. 범죄피해자구조금의 지급신청은 해당 구조대상 범죄피해의 발생을 안 날부터 3년이 지나거나 해당 구조대상 범죄피해가 발생한 날부터 5년이 지나면 할 수 없다.
","Next is the issue of law in Korean society.
Which of the following is correct regarding the right to claim relief for crime victims?
A. If a foreigner is a rescue victim or a bereaved family member, he or she may exercise the right to claim rescue as a crime victim only if there is mutual guarantee from the relevant country.
B. The right to claim relief as a crime victim not only applies to cases of damage to life or body, but also applies to property damage.
C. Crime damage eligible for relief refers to damage caused by crimes committed within the territory of the Republic of Korea or outside the territory of the Republic of Korea.
D. Application for payment of crime victim relief funds cannot be made more than 3 years from the date of knowledge of the occurrence of the crime damage eligible for relief, or 5 years from the date of occurrence of the crime damage eligible for relief.
"
579,PSAT_19_10,,"다음은 한국사회의 법에 대한 문제이다.
정당해산심판제도에 대한 설명으로 옳은 것은? (다툼이 있는 경우 판례에 의함)","['A. 헌법재판소가 정당해산의 결정을 하는 때에는 재판관 과반수의 찬성을 요한다.', 'B. 정당해산결정이 선고되면, 대체정당의 결성이 금지되나 동일한 당명을 사용하는 것은 가능하다.', 'C. 헌법재판소의 결정으로 정당이 해산될 경우에 정당의 기속성이 강한 비례대표국회의원은 의원직을 상실하나, 국민이 직접 선출한 지역구 국회의원은 의원직을 상실하지 않는다.', 'D. 정부가 정당해산심판을 제소하기 위해서는 국무회의의 심의를 거쳐야 하는데, 대통령의 직무상 해외 순방 중 국무총리가 주재한 국무회의에서 정당해산심판청구서 제출안에 대한 의결을 하더라도 위법하지 않다.']",D,"A. 헌법재판소가 정당해산의 결정을 하는 때에는 재판관 과반수의 찬성을 요한다.
B. 정당해산결정이 선고되면, 대체정당의 결성이 금지되나 동일한 당명을 사용하는 것은 가능하다.
C. 헌법재판소의 결정으로 정당이 해산될 경우에 정당의 기속성이 강한 비례대표국회의원은 의원직을 상실하나, 국민이 직접 선출한 지역구 국회의원은 의원직을 상실하지 않는다.
D. 정부가 정당해산심판을 제소하기 위해서는 국무회의의 심의를 거쳐야 하는데, 대통령의 직무상 해외 순방 중 국무총리가 주재한 국무회의에서 정당해산심판청구서 제출안에 대한 의결을 하더라도 위법하지 않다.
","다음은 한국사회의 법에 대한 문제이다.
정당해산심판제도에 대한 설명으로 옳은 것은? (다툼이 있는 경우 판례에 의함)
A. 헌법재판소가 정당해산의 결정을 하는 때에는 재판관 과반수의 찬성을 요한다.
B. 정당해산결정이 선고되면, 대체정당의 결성이 금지되나 동일한 당명을 사용하는 것은 가능하다.
C. 헌법재판소의 결정으로 정당이 해산될 경우에 정당의 기속성이 강한 비례대표국회의원은 의원직을 상실하나, 국민이 직접 선출한 지역구 국회의원은 의원직을 상실하지 않는다.
D. 정부가 정당해산심판을 제소하기 위해서는 국무회의의 심의를 거쳐야 하는데, 대통령의 직무상 해외 순방 중 국무총리가 주재한 국무회의에서 정당해산심판청구서 제출안에 대한 의결을 하더라도 위법하지 않다.
","Next is the issue of law in Korean society.
Which of the following is correct regarding the political party dissolution adjudication system? (In case of dispute, according to precedent)
A. When the Constitutional Court decides to dissolve a political party, the approval of a majority of the judges is required.
B. Once a decision is made to dissolve a political party, the formation of a replacement political party is prohibited, but it is possible to use the same party name.
C. If a political party is dissolved by a decision of the Constitutional Court, proportional representative members of the National Assembly who are strongly bound by the party will lose their seats, but local assembly members directly elected by the people will not lose their seats.
D. In order for the government to file an adjudication for the dissolution of a political party, it must undergo deliberation by the State Council. However, it is not illegal if the Cabinet meeting presided over by the Prime Minister while the President is on an overseas trip as part of his official duties decides on the submission of a request for adjudication for the dissolution of a political party.
"
580,PSAT_19_11,,"다음은 한국사회의 법에 대한 문제이다.
국회에 대한 설명으로 옳은 것은?","['A. 국회의원의 수는 헌법에 규정되어 있으며, 300인으로 한다.', 'B. 국회의원은 국회에서 직무상 행한 발언과 표결에 관하여 국회 내에서 책임을 지지 않는다.', 'C. 국회의원은 헌법상 청렴의 의무가 있으며, 그 지위를 남용하여 재산상의 권리, 이익을 취득할 수 없다.', 'D. 국회의 정기회는 법률이 정하는 바에 의하여 매년 1회 집회되며, 임시회는 국회재적의원 5분의 1 이상의 요구에 의하여 집회된다.']",C,"A. 국회의원의 수는 헌법에 규정되어 있으며, 300인으로 한다.
B. 국회의원은 국회에서 직무상 행한 발언과 표결에 관하여 국회 내에서 책임을 지지 않는다.
C. 국회의원은 헌법상 청렴의 의무가 있으며, 그 지위를 남용하여 재산상의 권리, 이익을 취득할 수 없다.
D. 국회의 정기회는 법률이 정하는 바에 의하여 매년 1회 집회되며, 임시회는 국회재적의원 5분의 1 이상의 요구에 의하여 집회된다.
","다음은 한국사회의 법에 대한 문제이다.
국회에 대한 설명으로 옳은 것은?
A. 국회의원의 수는 헌법에 규정되어 있으며, 300인으로 한다.
B. 국회의원은 국회에서 직무상 행한 발언과 표결에 관하여 국회 내에서 책임을 지지 않는다.
C. 국회의원은 헌법상 청렴의 의무가 있으며, 그 지위를 남용하여 재산상의 권리, 이익을 취득할 수 없다.
D. 국회의 정기회는 법률이 정하는 바에 의하여 매년 1회 집회되며, 임시회는 국회재적의원 5분의 1 이상의 요구에 의하여 집회된다.
","Next is the issue of law in Korean society.
Which of the following is correct about the National Assembly?
A. The number of National Assembly members is stipulated in the Constitution and is set at 300.
B. Members of the National Assembly are not responsible within the National Assembly for comments and votes made in the course of their duties.
C. Members of the National Assembly have a duty of integrity under the Constitution, and cannot acquire property rights or interests by abusing their position.
D. The regular session of the National Assembly is held once a year as prescribed by law, and the extraordinary session is held at the request of more than one-fifth of the members of the National Assembly.
"
581,PSAT_19_12,,"다음은 한국사회의 법에 대한 문제이다.
국무회의에 대한 설명으로 옳지 않은 것은?","['A. 국무위원은 정무직으로 하며 의장에게 의안을 제출하고 국무회의의 소집을 요구할 수 있다.', 'B. 국유재산처분의 기본계획은 국무회의의 심의를 거쳐야 한다.', 'C. 국무회의와 국민경제자문회의는 헌법상 그 설치를 명문으로 규정하고 있는 필수적 헌법기관이다.', 'D. 국무조정실장ㆍ국가보훈처장ㆍ인사혁신처장ㆍ법제처장ㆍ식품의약품안전처장 그 밖에 법률로 정하는 공무원은 필요한 경우 국무회의에 출석하여 발언할 수 있다.']",C,"A. 국무위원은 정무직으로 하며 의장에게 의안을 제출하고 국무회의의 소집을 요구할 수 있다.
B. 국유재산처분의 기본계획은 국무회의의 심의를 거쳐야 한다.
C. 국무회의와 국민경제자문회의는 헌법상 그 설치를 명문으로 규정하고 있는 필수적 헌법기관이다.
D. 국무조정실장ㆍ국가보훈처장ㆍ인사혁신처장ㆍ법제처장ㆍ식품의약품안전처장 그 밖에 법률로 정하는 공무원은 필요한 경우 국무회의에 출석하여 발언할 수 있다.
","다음은 한국사회의 법에 대한 문제이다.
국무회의에 대한 설명으로 옳지 않은 것은?
A. 국무위원은 정무직으로 하며 의장에게 의안을 제출하고 국무회의의 소집을 요구할 수 있다.
B. 국유재산처분의 기본계획은 국무회의의 심의를 거쳐야 한다.
C. 국무회의와 국민경제자문회의는 헌법상 그 설치를 명문으로 규정하고 있는 필수적 헌법기관이다.
D. 국무조정실장ㆍ국가보훈처장ㆍ인사혁신처장ㆍ법제처장ㆍ식품의약품안전처장 그 밖에 법률로 정하는 공무원은 필요한 경우 국무회의에 출석하여 발언할 수 있다.
","Next is the issue of law in Korean society.
Which of the following is incorrect regarding the Cabinet meeting?
A. State Council members hold political office and can submit bills to the Chairman and request the convening of a State Council meeting.
B. The basic plan for disposal of state-owned property must be reviewed by the State Council.
C. The State Council and the National Economic Advisory Council are essential constitutional institutions whose establishment is explicitly stipulated in the Constitution.
D. The Director of the Office for Government Policy Coordination, the Minister of Patriots and Veterans Affairs, the Minister of Personnel Management, the Minister of Government Legislation, the Minister of Food and Drug Safety, and other public officials prescribed by law may attend the Cabinet meeting and speak when necessary.
"
582,PSAT_19_14,,"다음은 한국사회의 법에 대한 문제이다.
개인정보보호에 대한 설명으로 옳지 않은 것은? (다툼이 있는 경우 판례에 의함)","['A. 개인정보란 살아 있는 개인에 관한 정보로서 성명, 주민등록번호 및 영상 등을 통하여 개인을 알아볼 수 있는 정보(해당 정보만으로는 특정 개인을 알아볼 수 없더라도 다른 정보와 쉽게 결합하여 알아볼 수 있는 것을 포함한다)를 말한다.', 'B. 정보주체는 자신의 개인정보 처리로 인하여 발생한 피해를 신속하고 공정한 절차에 따라 구제받을 권리를 가진다.', 'C. 개인정보처리자는 정보주체가 필요한 최소한의 정보 외의 개인정보 수집에 동의하지 아니한다는 이유로 정보주체에게 재화 또는 서비스의 제공을 거부하여서는 아니 된다.', 'D. 국민건강보험공단이 피의자의 급여일자와 요양기관명에 관한 정보를 수사기관에 제공하는 것은, 당해 정보가 개인의 건강에 관한 것이기는 하나 개인의 건강 상태에 관한 막연하고 추상적인 정보에 불과하여 보호의 필요성이 높지 않을 뿐만 아니라, 검거목적에 필요한 최소한의 정보를 제공한 것으로써 그의 개인정보자기결정권을 침해하지 아니한다.']",D,"A. 개인정보란 살아 있는 개인에 관한 정보로서 성명, 주민등록번호 및 영상 등을 통하여 개인을 알아볼 수 있는 정보(해당 정보만으로는 특정 개인을 알아볼 수 없더라도 다른 정보와 쉽게 결합하여 알아볼 수 있는 것을 포함한다)를 말한다.
B. 정보주체는 자신의 개인정보 처리로 인하여 발생한 피해를 신속하고 공정한 절차에 따라 구제받을 권리를 가진다.
C. 개인정보처리자는 정보주체가 필요한 최소한의 정보 외의 개인정보 수집에 동의하지 아니한다는 이유로 정보주체에게 재화 또는 서비스의 제공을 거부하여서는 아니 된다.
D. 국민건강보험공단이 피의자의 급여일자와 요양기관명에 관한 정보를 수사기관에 제공하는 것은, 당해 정보가 개인의 건강에 관한 것이기는 하나 개인의 건강 상태에 관한 막연하고 추상적인 정보에 불과하여 보호의 필요성이 높지 않을 뿐만 아니라, 검거목적에 필요한 최소한의 정보를 제공한 것으로써 그의 개인정보자기결정권을 침해하지 아니한다.
","다음은 한국사회의 법에 대한 문제이다.
개인정보보호에 대한 설명으로 옳지 않은 것은? (다툼이 있는 경우 판례에 의함)
A. 개인정보란 살아 있는 개인에 관한 정보로서 성명, 주민등록번호 및 영상 등을 통하여 개인을 알아볼 수 있는 정보(해당 정보만으로는 특정 개인을 알아볼 수 없더라도 다른 정보와 쉽게 결합하여 알아볼 수 있는 것을 포함한다)를 말한다.
B. 정보주체는 자신의 개인정보 처리로 인하여 발생한 피해를 신속하고 공정한 절차에 따라 구제받을 권리를 가진다.
C. 개인정보처리자는 정보주체가 필요한 최소한의 정보 외의 개인정보 수집에 동의하지 아니한다는 이유로 정보주체에게 재화 또는 서비스의 제공을 거부하여서는 아니 된다.
D. 국민건강보험공단이 피의자의 급여일자와 요양기관명에 관한 정보를 수사기관에 제공하는 것은, 당해 정보가 개인의 건강에 관한 것이기는 하나 개인의 건강 상태에 관한 막연하고 추상적인 정보에 불과하여 보호의 필요성이 높지 않을 뿐만 아니라, 검거목적에 필요한 최소한의 정보를 제공한 것으로써 그의 개인정보자기결정권을 침해하지 아니한다.
","Next is the issue of law in Korean society.
Which of the following is not correct regarding personal information protection? (In case of dispute, according to precedent)
A. Personal information is information about a living individual that can identify an individual through name, resident registration number, video, etc. (even if the information alone cannot identify a specific individual, it includes information that can be easily combined with other information to identify the individual). says
B. The information subject has the right to seek relief for damage caused by the processing of his or her personal information in a prompt and fair manner.
C. The personal information processor shall not refuse to provide goods or services to the information subject on the grounds that the information subject does not consent to the collection of personal information other than the minimum information required.
D. The reason the National Health Insurance Corporation provides information on the suspect's salary date and the name of the medical institution to the investigative agency is because, although the information relates to the individual's health, it is only vague and abstract information about the individual's health status. Not only is the need for protection not high, but it does not infringe on the person's right to self-determination of personal information by providing the minimum information necessary for the purpose of arrest.
"
583,PSAT_19_15,,"다음은 한국사회의 법에 대한 문제이다.
대한민국 국민이 되는 요건에 대한 설명으로 옳지 않은 것은?","['A. 출생 당시에 부 또는 모가 대한민국의 국민인 자는 출생과 동시에 대한민국 국적을 취득한다.', 'B. 대한민국에서 발견된 기아(棄兒)는 대한민국에서 출생한 것으로 추정한다.', 'C. 국적을 후천적으로 취득하는 방법으로 인지나 귀화 등이 있다.', 'D. 부모 중 어느 한쪽이 국적이 없는 경우에 대한민국에서 출생한 자는 대한민국 국적을 취득한다.']",D,"A. 출생 당시에 부 또는 모가 대한민국의 국민인 자는 출생과 동시에 대한민국 국적을 취득한다.
B. 대한민국에서 발견된 기아(棄兒)는 대한민국에서 출생한 것으로 추정한다.
C. 국적을 후천적으로 취득하는 방법으로 인지나 귀화 등이 있다.
D. 부모 중 어느 한쪽이 국적이 없는 경우에 대한민국에서 출생한 자는 대한민국 국적을 취득한다.
","다음은 한국사회의 법에 대한 문제이다.
대한민국 국민이 되는 요건에 대한 설명으로 옳지 않은 것은?
A. 출생 당시에 부 또는 모가 대한민국의 국민인 자는 출생과 동시에 대한민국 국적을 취득한다.
B. 대한민국에서 발견된 기아(棄兒)는 대한민국에서 출생한 것으로 추정한다.
C. 국적을 후천적으로 취득하는 방법으로 인지나 귀화 등이 있다.
D. 부모 중 어느 한쪽이 국적이 없는 경우에 대한민국에서 출생한 자는 대한민국 국적을 취득한다.
","Next is the issue of law in Korean society.
Which of the following is not correct regarding the requirements for becoming a citizen of the Republic of Korea?
A. A person whose father or mother is a citizen of the Republic of Korea at the time of birth acquires Korean nationality at the time of birth.
B. Kia (棄兒) discovered in Korea is presumed to have been born in Korea.
C. There are ways to acquire nationality later, such as recognition or naturalization.
D. If one of the parents does not have nationality, a person born in the Republic of Korea acquires Korean nationality.
"
584,PSAT_19_16,,"다음은 한국사회의 법에 대한 문제이다.
주거의 자유에 대한 설명으로 옳지 않은 것은? (다툼이 있는 경우 판례에 의함)","['A. 헌법 제16조가 보장하는 주거의 자유는 개방되지 않은 사적 공간인 주거를 공권력이나 제3자에 의해 침해당하지 않도록 함으로써 국민의 사생활영역을 보호하기 위한 권리이다.', 'B. 헌법 제16조에서 영장주의에 대한 예외를 마련하고 있지 않으므로 주거에 대한 압수나 수색에 있어 영장주의가 예외 없이 반드시 관철되어야 함을 의미하는 것이다.', 'C. 주거의 자유와 관련한 영장주의는 1962년 제5차 헌법개정에서 처음으로 헌법에 명시되었다.', 'D. 출입국관리법에 의한 보호에 있어서 용의자에 대한 긴급보호를 위해 그의 주거에 들어간 것이라면 그 긴급보호가 적법한 이상 주거의 자유를 침해한 것으로 볼 수 없다.']",B,"A. 헌법 제16조가 보장하는 주거의 자유는 개방되지 않은 사적 공간인 주거를 공권력이나 제3자에 의해 침해당하지 않도록 함으로써 국민의 사생활영역을 보호하기 위한 권리이다.
B. 헌법 제16조에서 영장주의에 대한 예외를 마련하고 있지 않으므로 주거에 대한 압수나 수색에 있어 영장주의가 예외 없이 반드시 관철되어야 함을 의미하는 것이다.
C. 주거의 자유와 관련한 영장주의는 1962년 제5차 헌법개정에서 처음으로 헌법에 명시되었다.
D. 출입국관리법에 의한 보호에 있어서 용의자에 대한 긴급보호를 위해 그의 주거에 들어간 것이라면 그 긴급보호가 적법한 이상 주거의 자유를 침해한 것으로 볼 수 없다.
","다음은 한국사회의 법에 대한 문제이다.
주거의 자유에 대한 설명으로 옳지 않은 것은? (다툼이 있는 경우 판례에 의함)
A. 헌법 제16조가 보장하는 주거의 자유는 개방되지 않은 사적 공간인 주거를 공권력이나 제3자에 의해 침해당하지 않도록 함으로써 국민의 사생활영역을 보호하기 위한 권리이다.
B. 헌법 제16조에서 영장주의에 대한 예외를 마련하고 있지 않으므로 주거에 대한 압수나 수색에 있어 영장주의가 예외 없이 반드시 관철되어야 함을 의미하는 것이다.
C. 주거의 자유와 관련한 영장주의는 1962년 제5차 헌법개정에서 처음으로 헌법에 명시되었다.
D. 출입국관리법에 의한 보호에 있어서 용의자에 대한 긴급보호를 위해 그의 주거에 들어간 것이라면 그 긴급보호가 적법한 이상 주거의 자유를 침해한 것으로 볼 수 없다.
","Next is the issue of law in Korean society.
Which of the following is not correct regarding freedom of residence? (In case of dispute, according to precedent)
A. The freedom of residence guaranteed by Article 16 of the Constitution is a right to protect the privacy of citizens by preventing their residence, which is a private space that is not open to the public, from being infringed upon by public authorities or third parties.
B. Since Article 16 of the Constitution does not provide any exceptions to the warrant principle, this means that the warrant principle must be enforced without exception when seizing or searching a residence.
C. The principle of primacy regarding freedom of residence was first specified in the Constitution in the 5th Constitutional Amendment in 1962.
D. In the case of protection under the Immigration Control Act, if the person entered the suspect's residence for emergency protection, the freedom of residence cannot be considered violated as long as the emergency protection is legal.
"
585,PSAT_19_17,,"다음은 한국사회의 법에 대한 문제이다.
헌법기관의 권한대행에 대한 설명으로 옳은 것은?","['A. 국무총리 사고 시 대통령이 지명하는 국무위원이 그 권한을 대행한다.', 'B. 국회의장의 사고 시 권한대행자는 의장이 지정하는 부의장이고 의장과 부의장 모두 사고가 있을 때에는 임시의장을 선출한다.', 'C. 대법원장의 궐위 시 대법관 중 최연장자가 그 권한을 대행한다.', 'D. 헌법재판소장의 궐위 시 임명일자 순으로 권한대행을 하며 임명일자가 같을 시에는 연장자 순으로 한다.']",B,"A. 국무총리 사고 시 대통령이 지명하는 국무위원이 그 권한을 대행한다.
B. 국회의장의 사고 시 권한대행자는 의장이 지정하는 부의장이고 의장과 부의장 모두 사고가 있을 때에는 임시의장을 선출한다.
C. 대법원장의 궐위 시 대법관 중 최연장자가 그 권한을 대행한다.
D. 헌법재판소장의 궐위 시 임명일자 순으로 권한대행을 하며 임명일자가 같을 시에는 연장자 순으로 한다.
","다음은 한국사회의 법에 대한 문제이다.
헌법기관의 권한대행에 대한 설명으로 옳은 것은?
A. 국무총리 사고 시 대통령이 지명하는 국무위원이 그 권한을 대행한다.
B. 국회의장의 사고 시 권한대행자는 의장이 지정하는 부의장이고 의장과 부의장 모두 사고가 있을 때에는 임시의장을 선출한다.
C. 대법원장의 궐위 시 대법관 중 최연장자가 그 권한을 대행한다.
D. 헌법재판소장의 궐위 시 임명일자 순으로 권한대행을 하며 임명일자가 같을 시에는 연장자 순으로 한다.
","Next is the issue of law in Korean society.
Which of the following is correct regarding the acting authority of constitutional institutions?
A. In the event of an accident involving the Prime Minister, a member of the State Council appointed by the President acts on his behalf.
B. In case of an accident of the Speaker of the National Assembly, the acting authority is the Vice-Chairman designated by the Speaker, and if both the Speaker and the Vice-Chairman have an accident, a temporary Speaker is elected.
C. In the event of a vacancy in the Chief Justice of the Supreme Court, the eldest Justice among the Supreme Court Justices shall act on his/her behalf.
D. In the event of a vacancy for the President of the Constitutional Court, he/she will act in the order of appointment date. If the appointment dates are the same, he/she will act in the order of seniority.
"
586,PSAT_19_18,,"다음은 한국사회의 법에 대한 문제이다.
법원에 대한 설명으로 옳은 것은?","['A. 공개재판의 원칙에 따라 재판의 판결을 공개해야 하지만 국가의 안전보장 또는 안녕질서를 방해하거나 선량한 풍속을 해할 염려가 있을 때에는 법원의 결정으로 공개하지 않을 수 있다.', 'B. 대법원에는 대법관이 아닌 법관은 둘 수 없다.', 'C. 비상계엄하의 군사재판은 군인ㆍ군무원의 범죄나 군사에 관한 간첩죄의 경우와 초병ㆍ초소ㆍ유독음식물공급ㆍ포로에 관한 죄중 법률이 정한 경우에 한하여 단심으로 할 수 있으나, 사형을 선고한 경우에는 그러하지 아니하다.', 'D. 국회의원 선거의 선거소송은 중앙선거관리위원회에 대한 선거소청을 거쳐 대법원이 관할한다.']",C,"A. 공개재판의 원칙에 따라 재판의 판결을 공개해야 하지만 국가의 안전보장 또는 안녕질서를 방해하거나 선량한 풍속을 해할 염려가 있을 때에는 법원의 결정으로 공개하지 않을 수 있다.
B. 대법원에는 대법관이 아닌 법관은 둘 수 없다.
C. 비상계엄하의 군사재판은 군인ㆍ군무원의 범죄나 군사에 관한 간첩죄의 경우와 초병ㆍ초소ㆍ유독음식물공급ㆍ포로에 관한 죄중 법률이 정한 경우에 한하여 단심으로 할 수 있으나, 사형을 선고한 경우에는 그러하지 아니하다.
D. 국회의원 선거의 선거소송은 중앙선거관리위원회에 대한 선거소청을 거쳐 대법원이 관할한다.
","다음은 한국사회의 법에 대한 문제이다.
법원에 대한 설명으로 옳은 것은?
A. 공개재판의 원칙에 따라 재판의 판결을 공개해야 하지만 국가의 안전보장 또는 안녕질서를 방해하거나 선량한 풍속을 해할 염려가 있을 때에는 법원의 결정으로 공개하지 않을 수 있다.
B. 대법원에는 대법관이 아닌 법관은 둘 수 없다.
C. 비상계엄하의 군사재판은 군인ㆍ군무원의 범죄나 군사에 관한 간첩죄의 경우와 초병ㆍ초소ㆍ유독음식물공급ㆍ포로에 관한 죄중 법률이 정한 경우에 한하여 단심으로 할 수 있으나, 사형을 선고한 경우에는 그러하지 아니하다.
D. 국회의원 선거의 선거소송은 중앙선거관리위원회에 대한 선거소청을 거쳐 대법원이 관할한다.
","Next is the issue of law in Korean society.
Which of the following is correct about the court?
A. In accordance with the principle of open trials, the judgment of the trial must be made public, but if there is a risk of interfering with national security or order or harming good morals, it may not be made public by a court decision.
B. The Supreme Court cannot have judges other than Supreme Court Justices.
C. Military trials under martial law may be conducted by a single judge only in cases specified by law among crimes committed by soldiers or military personnel, military-related espionage, and crimes related to sentry, guard posts, supply of poisonous food, or prisoners of war, but in cases where the death penalty is sentenced. This is not the case.
D. Election litigation for National Assembly elections is under the jurisdiction of the Supreme Court after an election appeal is filed with the National Election Commission.
"
587,PSAT_19_19,,"다음은 한국사회의 법에 대한 문제이다.
국무총리에 대한 설명으로 옳지 않은 것은?","['A. 국무총리는 국회나 그 위원회에 출석하여 국정처리상황을 보고하거나 의견을 진술하고 질문에 응답할 수 있다.', 'B. 국무총리는 국무위원의 해임을 대통령에게 건의할 수 있다.', 'C. 국무총리는 국무회의의 의장이 되며, 행정에 관하여 대통령의 명을 받아 행정각부를 통할한다.', 'D. 국무총리는 소관 사무에 관하여 법률이나 대통령령의 위임 또는 직권으로 총리령을 발할 수 있다.']",C,"A. 국무총리는 국회나 그 위원회에 출석하여 국정처리상황을 보고하거나 의견을 진술하고 질문에 응답할 수 있다.
B. 국무총리는 국무위원의 해임을 대통령에게 건의할 수 있다.
C. 국무총리는 국무회의의 의장이 되며, 행정에 관하여 대통령의 명을 받아 행정각부를 통할한다.
D. 국무총리는 소관 사무에 관하여 법률이나 대통령령의 위임 또는 직권으로 총리령을 발할 수 있다.
","다음은 한국사회의 법에 대한 문제이다.
국무총리에 대한 설명으로 옳지 않은 것은?
A. 국무총리는 국회나 그 위원회에 출석하여 국정처리상황을 보고하거나 의견을 진술하고 질문에 응답할 수 있다.
B. 국무총리는 국무위원의 해임을 대통령에게 건의할 수 있다.
C. 국무총리는 국무회의의 의장이 되며, 행정에 관하여 대통령의 명을 받아 행정각부를 통할한다.
D. 국무총리는 소관 사무에 관하여 법률이나 대통령령의 위임 또는 직권으로 총리령을 발할 수 있다.
","Next is the issue of law in Korean society.
Which of the following is not an accurate description of the Prime Minister?
A. The Prime Minister may attend the National Assembly or its committees to report on the status of state affairs, state opinions, and respond to questions.
B. The Prime Minister may recommend to the President the dismissal of a State Council member.
C. The Prime Minister serves as the chairman of the State Council and supervises all administrative departments under the orders of the President.
D. The Prime Minister may issue Prime Minister Ordinances regarding affairs under his/her jurisdiction, upon delegation by law or Presidential Decree, or ex officio.
"
588,PSAT_19_20,,"다음은 한국사회의 법에 대한 문제이다.
사법권의 독립에 대한 설명으로 옳지 않은 것은? (다툼이 있는 경우 판례에 의함)","['A. 작량감경을 하여도 집행유예를 선고할 수 없도록 법정형을 정한 것은 법관의 양형결정권을 침해하여 법관독립의 원칙에 위배된다.', 'B. 법원조직법 제8조는 ""상급법원의 재판에 있어서의 판단은 당해사건에 관하여 하급심을 기속한다.""고 규정하지만 이는 심급제도의 합리적 유지를 위하여 당해사건에 한하여 구속력을 인정한 것이고 그 후의 동종 사건에 대한 선례로서의 구속력에 관한 것은 아니다.', 'C. 근무성적이 현저히 불량하여 판사로서 정상적인 직무를 수행할 수 없는 경우에 연임발령을 하지 않도록 한 것은 사법의 독립을 침해하지 않는다.', 'D. 대법원장은 법관을 사건의 심판 외의 직(재판연구관을 포함한다)에 보하거나 그 직을 겸임하게 할 수 있다.']",A,"A. 작량감경을 하여도 집행유예를 선고할 수 없도록 법정형을 정한 것은 법관의 양형결정권을 침해하여 법관독립의 원칙에 위배된다.
B. 법원조직법 제8조는 ""상급법원의 재판에 있어서의 판단은 당해사건에 관하여 하급심을 기속한다.""고 규정하지만 이는 심급제도의 합리적 유지를 위하여 당해사건에 한하여 구속력을 인정한 것이고 그 후의 동종 사건에 대한 선례로서의 구속력에 관한 것은 아니다.
C. 근무성적이 현저히 불량하여 판사로서 정상적인 직무를 수행할 수 없는 경우에 연임발령을 하지 않도록 한 것은 사법의 독립을 침해하지 않는다.
D. 대법원장은 법관을 사건의 심판 외의 직(재판연구관을 포함한다)에 보하거나 그 직을 겸임하게 할 수 있다.
","다음은 한국사회의 법에 대한 문제이다.
사법권의 독립에 대한 설명으로 옳지 않은 것은? (다툼이 있는 경우 판례에 의함)
A. 작량감경을 하여도 집행유예를 선고할 수 없도록 법정형을 정한 것은 법관의 양형결정권을 침해하여 법관독립의 원칙에 위배된다.
B. 법원조직법 제8조는 ""상급법원의 재판에 있어서의 판단은 당해사건에 관하여 하급심을 기속한다.""고 규정하지만 이는 심급제도의 합리적 유지를 위하여 당해사건에 한하여 구속력을 인정한 것이고 그 후의 동종 사건에 대한 선례로서의 구속력에 관한 것은 아니다.
C. 근무성적이 현저히 불량하여 판사로서 정상적인 직무를 수행할 수 없는 경우에 연임발령을 하지 않도록 한 것은 사법의 독립을 침해하지 않는다.
D. 대법원장은 법관을 사건의 심판 외의 직(재판연구관을 포함한다)에 보하거나 그 직을 겸임하게 할 수 있다.
","Next is the issue of law in Korean society.
Which of the following is incorrect regarding the independence of judicial power? (In case of dispute, according to precedent)
A. Setting the statutory sentence so that a suspended sentence cannot be imposed even if the sentence is reduced infringes on the judge's sentencing decision-making authority and violates the principle of judicial independence.
B. Article 8 of the Court Organization Act stipulates that “the judgment of a higher court binds the lower court with respect to the case,” but this recognizes binding only for the case in question for the reasonable maintenance of the instance system, and for similar cases thereafter. It is not about binding force as a precedent.
C. The prohibition of reappointment in cases where judges are unable to perform their normal duties due to significantly poor performance does not infringe on judicial independence.
D. The Chief Justice of the Supreme Court may appoint judges to positions other than case judgment (including trial researchers) or have them concurrently hold such positions.
"
589,PSAT_19_21,,"다음은 한국사회의 법에 대한 문제이다.
소급입법금지원칙에 대한 설명으로 옳지 않은 것은? (다툼이 있는 경우 판례에 의함)","['A. 진정소급입법의 경우는 개인의 신뢰보호와 법적 안정성을 내용으로 하는 법치국가원리에 의하여 헌법적으로 허용되지 아니하는 것이 원칙이나, 특단의 사정이 있는 경우에는 예외적으로 허용될 수 있다.', 'B. 부당환급받은 세액을 징수하는 근거규정인 개정조항을 개정된 법 시행 후 최초로 환급세액을 징수하는 분부터 적용하도록 규정한 법인세법 부칙 조항은 이미 완성된 사실ㆍ법률관계를 규율하는 진정소급입법에 해당하나, 이를 허용하지 아니하면 위 개정조항과 같이 법인세 부과처분을 통하여 효율적으로 환수하지 못하고 부당이득 반환 등 복잡한 절차를 거칠 수밖에 없어 중대한 공익상 필요에 의하여 예외적으로 허용된다.', 'C. 형벌불소급원칙이란 형벌법규는 시행된 이후의 행위에 대해서만 적용되고 시행 이전의 행위에 대해서는 소급하여 불리하게 적용되어서는 안 된다는 원칙인바, 개정된 법률 이전의 행위를 소급하여 형사처벌하도록 규정하고 있는 것이 아니라 형사처벌을 규정하고 있던 행위시법이 사후 폐지되었음에도 신법이 아닌 행위시법에 의하여 형사처벌하도록 규정한 것은 헌법 제13조제1항의 형벌불소급원칙 보호영역에 포섭되지 아니한다.', 'D. 디엔에이신원확인정보의 수집ㆍ이용은 수형인 등에게 심리적 압박으로 인한 범죄예방효과를 가진다는 점에서 보안처분의 성격을 지니지만, 처벌적인 효과가 없는 비형벌적 보안처분으로서 소급입법금지원칙이 적용되지 않는다.']",B,"A. 진정소급입법의 경우는 개인의 신뢰보호와 법적 안정성을 내용으로 하는 법치국가원리에 의하여 헌법적으로 허용되지 아니하는 것이 원칙이나, 특단의 사정이 있는 경우에는 예외적으로 허용될 수 있다.
B. 부당환급받은 세액을 징수하는 근거규정인 개정조항을 개정된 법 시행 후 최초로 환급세액을 징수하는 분부터 적용하도록 규정한 법인세법 부칙 조항은 이미 완성된 사실ㆍ법률관계를 규율하는 진정소급입법에 해당하나, 이를 허용하지 아니하면 위 개정조항과 같이 법인세 부과처분을 통하여 효율적으로 환수하지 못하고 부당이득 반환 등 복잡한 절차를 거칠 수밖에 없어 중대한 공익상 필요에 의하여 예외적으로 허용된다.
C. 형벌불소급원칙이란 형벌법규는 시행된 이후의 행위에 대해서만 적용되고 시행 이전의 행위에 대해서는 소급하여 불리하게 적용되어서는 안 된다는 원칙인바, 개정된 법률 이전의 행위를 소급하여 형사처벌하도록 규정하고 있는 것이 아니라 형사처벌을 규정하고 있던 행위시법이 사후 폐지되었음에도 신법이 아닌 행위시법에 의하여 형사처벌하도록 규정한 것은 헌법 제13조제1항의 형벌불소급원칙 보호영역에 포섭되지 아니한다.
D. 디엔에이신원확인정보의 수집ㆍ이용은 수형인 등에게 심리적 압박으로 인한 범죄예방효과를 가진다는 점에서 보안처분의 성격을 지니지만, 처벌적인 효과가 없는 비형벌적 보안처분으로서 소급입법금지원칙이 적용되지 않는다.
","다음은 한국사회의 법에 대한 문제이다.
소급입법금지원칙에 대한 설명으로 옳지 않은 것은? (다툼이 있는 경우 판례에 의함)
A. 진정소급입법의 경우는 개인의 신뢰보호와 법적 안정성을 내용으로 하는 법치국가원리에 의하여 헌법적으로 허용되지 아니하는 것이 원칙이나, 특단의 사정이 있는 경우에는 예외적으로 허용될 수 있다.
B. 부당환급받은 세액을 징수하는 근거규정인 개정조항을 개정된 법 시행 후 최초로 환급세액을 징수하는 분부터 적용하도록 규정한 법인세법 부칙 조항은 이미 완성된 사실ㆍ법률관계를 규율하는 진정소급입법에 해당하나, 이를 허용하지 아니하면 위 개정조항과 같이 법인세 부과처분을 통하여 효율적으로 환수하지 못하고 부당이득 반환 등 복잡한 절차를 거칠 수밖에 없어 중대한 공익상 필요에 의하여 예외적으로 허용된다.
C. 형벌불소급원칙이란 형벌법규는 시행된 이후의 행위에 대해서만 적용되고 시행 이전의 행위에 대해서는 소급하여 불리하게 적용되어서는 안 된다는 원칙인바, 개정된 법률 이전의 행위를 소급하여 형사처벌하도록 규정하고 있는 것이 아니라 형사처벌을 규정하고 있던 행위시법이 사후 폐지되었음에도 신법이 아닌 행위시법에 의하여 형사처벌하도록 규정한 것은 헌법 제13조제1항의 형벌불소급원칙 보호영역에 포섭되지 아니한다.
D. 디엔에이신원확인정보의 수집ㆍ이용은 수형인 등에게 심리적 압박으로 인한 범죄예방효과를 가진다는 점에서 보안처분의 성격을 지니지만, 처벌적인 효과가 없는 비형벌적 보안처분으로서 소급입법금지원칙이 적용되지 않는다.
","Next is the issue of law in Korean society.
Which of the following is incorrect regarding the principle of prohibiting retroactive legislation? (In case of dispute, according to precedent)
A. In the case of truly retroactive legislation, it is not constitutionally permitted in accordance with the rule of law principles that protect individual trust and legal stability, but it may be permitted as an exception in special circumstances.
B. The provisions of the Supplementary Provisions of the Corporate Tax Act, which stipulate that the revised provisions, which are the basis for collecting unfairly refunded tax amounts, shall be applied from the first person to collect refunded tax after the enforcement of the revised Act, are truly retroactive legislation that governs facts and legal relationships that have already been completed. However, if this is not permitted, it cannot be recovered efficiently through corporate tax levies as in the above revised provisions and has to go through complicated procedures such as return of unjust profits. Therefore, it is allowed as an exception due to the need for serious public interest.
C. The principle of non-retroactivity of punishment is the principle that penal laws apply only to acts after they were implemented and should not be applied retroactively and unfavorably to acts before enforcement. It stipulates that acts before the revised law be criminally punished retroactively. Even though the Act on Criminal Punishment was subsequently abolished, the fact that criminal punishment is prescribed under the Act on Act instead of the new law is not included in the protection area of ​​the principle of non-retroactivity of punishment under Article 13, Paragraph 1 of the Constitution.
D. The collection and use of DNA identification information has the nature of a security measure in that it has a crime prevention effect due to psychological pressure on prisoners, etc., but as a non-penal security measure without a punitive effect, the principle of prohibiting retroactive legislation does not apply.
"
590,PSAT_19_22,,"다음은 한국사회의 법에 대한 문제이다.
헌정사에 대한 설명으로 옳지 않은 것은?","['A. 1948년 제헌헌법부터 지방자치제도에 관한 헌법규정이 존재하였다.', 'B. 1960년 제4차 개정헌법에서 헌법개정안에 대한 국민투표가 처음으로 규정되었다.', 'C. 1980년 제8차 개정헌법에서 소비자보호가 처음으로 규정되었다.', 'D. 1987년 제9차 개정헌법에서 범죄피해자구조청구권이 처음으로 규정되었다.']",B,"A. 1948년 제헌헌법부터 지방자치제도에 관한 헌법규정이 존재하였다.
B. 1960년 제4차 개정헌법에서 헌법개정안에 대한 국민투표가 처음으로 규정되었다.
C. 1980년 제8차 개정헌법에서 소비자보호가 처음으로 규정되었다.
D. 1987년 제9차 개정헌법에서 범죄피해자구조청구권이 처음으로 규정되었다.
","다음은 한국사회의 법에 대한 문제이다.
헌정사에 대한 설명으로 옳지 않은 것은?
A. 1948년 제헌헌법부터 지방자치제도에 관한 헌법규정이 존재하였다.
B. 1960년 제4차 개정헌법에서 헌법개정안에 대한 국민투표가 처음으로 규정되었다.
C. 1980년 제8차 개정헌법에서 소비자보호가 처음으로 규정되었다.
D. 1987년 제9차 개정헌법에서 범죄피해자구조청구권이 처음으로 규정되었다.
","Next is the issue of law in Korean society.
Which of the following is not an accurate explanation of constitutional history?
A. Constitutional provisions regarding the local autonomy system have existed since the 1948 Constitution.
B. In the 1960 Fourth Amendment to the Constitution, a referendum on constitutional amendments was first stipulated.
C. Consumer protection was first stipulated in the 8th Amendment to the Constitution in 1980.
D. The right to claim relief for crime victims was first defined in the 9th Amendment to the Constitution in 1987.
"
591,PSAT_19_23,,"다음은 한국사회의 법에 대한 문제이다.
국회의 회의운영에 대한 설명으로 옳지 않은 것은?","['A. 국회는 휴회 중이라도 대통령의 요구가 있을 때, 의장이 긴급한 필요가 있다고 인정할 때 또는 재적의원 4분의 1 이상의 요구가 있을 때에는 국회의 회의를 재개한다.', 'B. 국회의원 총선거 후 첫 임시회는 의원의 임기 개시 후 7일에 집회하며, 처음 선출된 의장의 임기가 폐회 중에 만료되는 경우에는 늦어도 임기만료일 5일 전까지 집회한다. 다만, 그 날이 공휴일인 때에는 그 다음 날에 집회한다.', 'C. 국회의 회의는 공개하는 것이 원칙이지만, 의장이 국가의 안전보장을 위하여 필요하다고 인정할 때에는 공개하지 아니할 수 있다.', 'D. 국회운영위원회는 본회의 의결이 있거나 의장이 필요하다고 인정하여 각 교섭단체 대표의원과 협의한 경우를 제외하고는 본회의 중에는 개회할 수 없다.']",D,"A. 국회는 휴회 중이라도 대통령의 요구가 있을 때, 의장이 긴급한 필요가 있다고 인정할 때 또는 재적의원 4분의 1 이상의 요구가 있을 때에는 국회의 회의를 재개한다.
B. 국회의원 총선거 후 첫 임시회는 의원의 임기 개시 후 7일에 집회하며, 처음 선출된 의장의 임기가 폐회 중에 만료되는 경우에는 늦어도 임기만료일 5일 전까지 집회한다. 다만, 그 날이 공휴일인 때에는 그 다음 날에 집회한다.
C. 국회의 회의는 공개하는 것이 원칙이지만, 의장이 국가의 안전보장을 위하여 필요하다고 인정할 때에는 공개하지 아니할 수 있다.
D. 국회운영위원회는 본회의 의결이 있거나 의장이 필요하다고 인정하여 각 교섭단체 대표의원과 협의한 경우를 제외하고는 본회의 중에는 개회할 수 없다.
","다음은 한국사회의 법에 대한 문제이다.
국회의 회의운영에 대한 설명으로 옳지 않은 것은?
A. 국회는 휴회 중이라도 대통령의 요구가 있을 때, 의장이 긴급한 필요가 있다고 인정할 때 또는 재적의원 4분의 1 이상의 요구가 있을 때에는 국회의 회의를 재개한다.
B. 국회의원 총선거 후 첫 임시회는 의원의 임기 개시 후 7일에 집회하며, 처음 선출된 의장의 임기가 폐회 중에 만료되는 경우에는 늦어도 임기만료일 5일 전까지 집회한다. 다만, 그 날이 공휴일인 때에는 그 다음 날에 집회한다.
C. 국회의 회의는 공개하는 것이 원칙이지만, 의장이 국가의 안전보장을 위하여 필요하다고 인정할 때에는 공개하지 아니할 수 있다.
D. 국회운영위원회는 본회의 의결이 있거나 의장이 필요하다고 인정하여 각 교섭단체 대표의원과 협의한 경우를 제외하고는 본회의 중에는 개회할 수 없다.
","Next is the issue of law in Korean society.
Which of the following is not correct regarding the operation of National Assembly meetings?
A. Even if the National Assembly is on recess, it resumes meetings when the President requests it, when the Speaker recognizes that there is an urgent need, or when there is a request from more than one-fourth of the registered members.
B. The first extraordinary meeting after the general election of the National Assembly shall be held 7 days after the start of the term of office of the members, and if the term of office of the first elected chairman expires during the adjournment, the meeting shall be held at least 5 days before the expiration date of the term. However, if that day is a public holiday, the meeting will be held on the following day.
C. In principle, meetings of the National Assembly are open to the public, but they may not be open when the Speaker deems it necessary to ensure national security.
D. The National Assembly Steering Committee may not open during the plenary session, except when there is a resolution of the plenary session or when the Chairman deems it necessary and consults with the representative members of each negotiating group.
"
592,PSAT_19_25,,"다음은 한국사회의 법에 대한 문제이다.
지방자치에 대한 설명으로 옳지 않은 것은?","['A. 시의 부시장, 군의 부군수, 자치구의 부구청장은 일반직 지방공무원으로 보하되, 그 직급은 대통령령으로 정하며 시장ㆍ군수ㆍ구청장이 임명한다.', 'B. 지방의회의 의장이나 부의장이 법령을 위반하거나 정당한 사유 없이 직무를 수행하지 아니하면 지방의회는 불신임을 의결할 수 있다.', 'C. 지방의회는 새로운 재정부담을 수반하는 조례나 안건을 의결하려면 미리 지방자치단체의 장의 의견을 들어야 한다.', 'D. 행정안전부장관은 지방자치단체의 자치사무에 관하여 보고를 받거나 서류ㆍ장부 또는 회계를 감사할 수 있으며, 이 경우 감사는 자치사무의 합목적성 및 법령위반사항에 대하여 실시한다.']",D,"A. 시의 부시장, 군의 부군수, 자치구의 부구청장은 일반직 지방공무원으로 보하되, 그 직급은 대통령령으로 정하며 시장ㆍ군수ㆍ구청장이 임명한다.
B. 지방의회의 의장이나 부의장이 법령을 위반하거나 정당한 사유 없이 직무를 수행하지 아니하면 지방의회는 불신임을 의결할 수 있다.
C. 지방의회는 새로운 재정부담을 수반하는 조례나 안건을 의결하려면 미리 지방자치단체의 장의 의견을 들어야 한다.
D. 행정안전부장관은 지방자치단체의 자치사무에 관하여 보고를 받거나 서류ㆍ장부 또는 회계를 감사할 수 있으며, 이 경우 감사는 자치사무의 합목적성 및 법령위반사항에 대하여 실시한다.
","다음은 한국사회의 법에 대한 문제이다.
지방자치에 대한 설명으로 옳지 않은 것은?
A. 시의 부시장, 군의 부군수, 자치구의 부구청장은 일반직 지방공무원으로 보하되, 그 직급은 대통령령으로 정하며 시장ㆍ군수ㆍ구청장이 임명한다.
B. 지방의회의 의장이나 부의장이 법령을 위반하거나 정당한 사유 없이 직무를 수행하지 아니하면 지방의회는 불신임을 의결할 수 있다.
C. 지방의회는 새로운 재정부담을 수반하는 조례나 안건을 의결하려면 미리 지방자치단체의 장의 의견을 들어야 한다.
D. 행정안전부장관은 지방자치단체의 자치사무에 관하여 보고를 받거나 서류ㆍ장부 또는 회계를 감사할 수 있으며, 이 경우 감사는 자치사무의 합목적성 및 법령위반사항에 대하여 실시한다.
","Next is the issue of law in Korean society.
Which of the following is not correct regarding local autonomy?
A. The deputy mayor of a city, vice-governor of a county, and vice-district head of an autonomous district shall be appointed as general local public officials, but their ranks shall be determined by Presidential Decree and appointed by the mayor, county governor, or district head.
B. If the chairman or vice-chairman of the local council violates laws or fails to perform his duties without justifiable reasons, the local council may vote on a vote of no confidence.
C. The local council must hear the opinion of the head of the local government in advance before deciding on an ordinance or agenda that entails a new financial burden.
D. The Minister of the Interior and Safety may receive reports on the autonomous affairs of local governments or audit documents, books, or accounts. In this case, the audit shall be conducted on the suitability of autonomous affairs and violations of laws and regulations.
"
593,PSAT_20_1,,"다음은 한국사회의 법에 대한 문제이다.
헌법상 경제질서에 대한 설명으로 옳지 않은 것은? (다툼이 있는 경우 판례에 의함)","['A. 국방상 또는 국민경제상 긴절한 필요로 인하여 법률이 정하는 경우에는, 사영기업을 국유 또는 공유로 이전하거나 그 경영을 통제 또는 관리할 수 있다.', 'B. 농업생산성의 제고와 농지의 합리적인 이용을 위하거나 불가피한 사정으로 발생하는 농지의 임대차와 위탁경영은 법률이 정하는 바에 의하여 인정된다.', 'C. 우리 헌법의 경제질서는 사유재산제를 바탕으로 하고 자유경쟁을 존중하는 자유시장 경제질서를 기본으로 하면서도 이에 수반되는 갖가지 모순을 제거하고 사회복지ㆍ사회정의를 실현하기 위하여 국가적 규제와 조정을 용인하는 사회적 시장경제질서로서의 성격을 띠고 있다.', ""D. 헌법 제123조제5항은 국가에게 '농ㆍ어민의 자조조직을 육성할 의무'와 '자조조직의 자율적 활동과 발전을 보장할 의무'를 아울러 규정하고 있는데, 국가가 농ㆍ어민의 자조조직을 적극적으로 육성하여야 할 의무까지도 수행하여야 한다고 볼 수 없다.""]",D,"A. 국방상 또는 국민경제상 긴절한 필요로 인하여 법률이 정하는 경우에는, 사영기업을 국유 또는 공유로 이전하거나 그 경영을 통제 또는 관리할 수 있다.
B. 농업생산성의 제고와 농지의 합리적인 이용을 위하거나 불가피한 사정으로 발생하는 농지의 임대차와 위탁경영은 법률이 정하는 바에 의하여 인정된다.
C. 우리 헌법의 경제질서는 사유재산제를 바탕으로 하고 자유경쟁을 존중하는 자유시장 경제질서를 기본으로 하면서도 이에 수반되는 갖가지 모순을 제거하고 사회복지ㆍ사회정의를 실현하기 위하여 국가적 규제와 조정을 용인하는 사회적 시장경제질서로서의 성격을 띠고 있다.
D. 헌법 제123조제5항은 국가에게 '농ㆍ어민의 자조조직을 육성할 의무'와 '자조조직의 자율적 활동과 발전을 보장할 의무'를 아울러 규정하고 있는데, 국가가 농ㆍ어민의 자조조직을 적극적으로 육성하여야 할 의무까지도 수행하여야 한다고 볼 수 없다.
","다음은 한국사회의 법에 대한 문제이다.
헌법상 경제질서에 대한 설명으로 옳지 않은 것은? (다툼이 있는 경우 판례에 의함)
A. 국방상 또는 국민경제상 긴절한 필요로 인하여 법률이 정하는 경우에는, 사영기업을 국유 또는 공유로 이전하거나 그 경영을 통제 또는 관리할 수 있다.
B. 농업생산성의 제고와 농지의 합리적인 이용을 위하거나 불가피한 사정으로 발생하는 농지의 임대차와 위탁경영은 법률이 정하는 바에 의하여 인정된다.
C. 우리 헌법의 경제질서는 사유재산제를 바탕으로 하고 자유경쟁을 존중하는 자유시장 경제질서를 기본으로 하면서도 이에 수반되는 갖가지 모순을 제거하고 사회복지ㆍ사회정의를 실현하기 위하여 국가적 규제와 조정을 용인하는 사회적 시장경제질서로서의 성격을 띠고 있다.
D. 헌법 제123조제5항은 국가에게 '농ㆍ어민의 자조조직을 육성할 의무'와 '자조조직의 자율적 활동과 발전을 보장할 의무'를 아울러 규정하고 있는데, 국가가 농ㆍ어민의 자조조직을 적극적으로 육성하여야 할 의무까지도 수행하여야 한다고 볼 수 없다.
","Next is the issue of law in Korean society.
Which of the following is incorrect regarding the constitutional economic order? (In case of dispute, according to precedent)
A. In cases prescribed by law due to urgent needs for national defense or the national economy, private enterprises may be transferred to state ownership or public ownership, or their management may be controlled or managed.
B. Lease and consignment management of farmland for the purpose of improving agricultural productivity and rational use of farmland or for unavoidable circumstances are recognized as prescribed by law.
C. The economic order of our Constitution is based on a free market economic order that respects free competition and is based on the private property system, while eliminating various contradictions accompanying this and accepting national regulations and adjustments to realize social welfare and social justice. It has the characteristics of a social market economic order.
D. Article 123, Paragraph 5 of the Constitution stipulates that the state has the ‘obligation to foster self-help organizations of farmers and fishermen’ and the ‘obligation to guarantee the autonomous activities and development of self-help organizations.’ It cannot be seen that even the obligation to actively nurture the organization must be performed.
"
594,PSAT_20_2,,"다음은 한국사회의 법에 대한 문제이다.
재판을 받을 권리에 대한 설명으로 옳지 않은 것은? (다툼이 있는 경우 판례에 의함)","['A. 헌법은 재판의 전심절차로서 행정심판을 할 수 있다고 규정하고 있다.', 'B. 국가의 안전보장 또는 안녕질서를 방해하거나 선량한 풍속을 해할 염려가 있을 때에는 당사자의 청구가 있어야만 법원의 결정에 의해서 심리를 공개하지 않을 수 있다.', 'C. 재판을 받을 권리에 국민참여재판을 받을 권리가 포함되는 것은 아니다.', 'D. 군인 또는 군무원이 아닌 국민은 비상계엄이 선포된 경우 군사법원의 재판을 받을 수 있다.']",B,"A. 헌법은 재판의 전심절차로서 행정심판을 할 수 있다고 규정하고 있다.
B. 국가의 안전보장 또는 안녕질서를 방해하거나 선량한 풍속을 해할 염려가 있을 때에는 당사자의 청구가 있어야만 법원의 결정에 의해서 심리를 공개하지 않을 수 있다.
C. 재판을 받을 권리에 국민참여재판을 받을 권리가 포함되는 것은 아니다.
D. 군인 또는 군무원이 아닌 국민은 비상계엄이 선포된 경우 군사법원의 재판을 받을 수 있다.
","다음은 한국사회의 법에 대한 문제이다.
재판을 받을 권리에 대한 설명으로 옳지 않은 것은? (다툼이 있는 경우 판례에 의함)
A. 헌법은 재판의 전심절차로서 행정심판을 할 수 있다고 규정하고 있다.
B. 국가의 안전보장 또는 안녕질서를 방해하거나 선량한 풍속을 해할 염려가 있을 때에는 당사자의 청구가 있어야만 법원의 결정에 의해서 심리를 공개하지 않을 수 있다.
C. 재판을 받을 권리에 국민참여재판을 받을 권리가 포함되는 것은 아니다.
D. 군인 또는 군무원이 아닌 국민은 비상계엄이 선포된 경우 군사법원의 재판을 받을 수 있다.
","Next is the issue of law in Korean society.
Which of the following is incorrect regarding the right to trial? (In case of dispute, according to precedent)
A. The Constitution stipulates that administrative adjudication can be conducted as a pre-trial procedure.
B. When there is a risk of interfering with national security or order or harming good morals, the hearing may not be made public by a court decision only at the request of the parties.
C. The right to trial does not include the right to public participation in trial.
D. Citizens who are not soldiers or military personnel may be tried by a military court when martial law is declared.
"
595,PSAT_20_3,,"다음은 한국사회의 법에 대한 문제이다.
국회의원에 대한 설명으로 옳은 것은?","['A. 국회의원의 임기가 개시된 후에 실시하는 선거에 의한 국회의원의 임기는 당선이 결정된 때의 다음 날부터 개시되며 전임자의 잔임기간으로 한다.', 'B. 국회의원은 현행범인인 경우라도 국회의 동의가 있어야만 회기 중 체포 또는 구금된다.', 'C. 국회의원은 국회에서 직무상 행한 발언과 표결에 관하여 국회 내에서 책임을 지지 아니한다.', 'D. 국회의원에 대한 국회의 징계처분에 대해서는 법원에 제소할 수 없다.']",D,"A. 국회의원의 임기가 개시된 후에 실시하는 선거에 의한 국회의원의 임기는 당선이 결정된 때의 다음 날부터 개시되며 전임자의 잔임기간으로 한다.
B. 국회의원은 현행범인인 경우라도 국회의 동의가 있어야만 회기 중 체포 또는 구금된다.
C. 국회의원은 국회에서 직무상 행한 발언과 표결에 관하여 국회 내에서 책임을 지지 아니한다.
D. 국회의원에 대한 국회의 징계처분에 대해서는 법원에 제소할 수 없다.
","다음은 한국사회의 법에 대한 문제이다.
국회의원에 대한 설명으로 옳은 것은?
A. 국회의원의 임기가 개시된 후에 실시하는 선거에 의한 국회의원의 임기는 당선이 결정된 때의 다음 날부터 개시되며 전임자의 잔임기간으로 한다.
B. 국회의원은 현행범인인 경우라도 국회의 동의가 있어야만 회기 중 체포 또는 구금된다.
C. 국회의원은 국회에서 직무상 행한 발언과 표결에 관하여 국회 내에서 책임을 지지 아니한다.
D. 국회의원에 대한 국회의 징계처분에 대해서는 법원에 제소할 수 없다.
","Next is the issue of law in Korean society.
Which of the following is correct regarding members of the National Assembly?
A. The term of office of a member of the National Assembly through an election held after the term of office of the member of the National Assembly begins begins from the day after the election is decided and shall be the remaining term of office of the predecessor.
B. Even if a member of the National Assembly is an active criminal, he or she may be arrested or detained during the session only with the consent of the National Assembly.
C. Members of the National Assembly are not responsible within the National Assembly for comments and votes made in the course of their duties.
D. Disciplinary measures taken by the National Assembly against members of the National Assembly cannot be filed in court.
"
596,PSAT_20_4,,"다음은 한국사회의 법에 대한 문제이다.
대통령에 대한 설명으로 옳지 않은 것은? (다툼이 있는 경우 판례에 의함)","['A. 국회의 국무총리 해임건의는 대통령을 기속하는 해임결의권이 아니라, 아무런 법적 구속력이 없는 단순한 해임건의에 불과하다.', 'B. 대통령은 내란 또는 외환의 죄를 범한 경우를 제외하고는 재직중 형사상의 소추를 받지 아니한다.', 'C. 대통령은 통일과 관련한 중요정책에 대하여 자신의 신임과 연계하여 국민투표에 붙일 수 있다.', 'D. 대통령이 일반사면을 명하려면 국회의 동의를 얻어야 한다.']",C,"A. 국회의 국무총리 해임건의는 대통령을 기속하는 해임결의권이 아니라, 아무런 법적 구속력이 없는 단순한 해임건의에 불과하다.
B. 대통령은 내란 또는 외환의 죄를 범한 경우를 제외하고는 재직중 형사상의 소추를 받지 아니한다.
C. 대통령은 통일과 관련한 중요정책에 대하여 자신의 신임과 연계하여 국민투표에 붙일 수 있다.
D. 대통령이 일반사면을 명하려면 국회의 동의를 얻어야 한다.
","다음은 한국사회의 법에 대한 문제이다.
대통령에 대한 설명으로 옳지 않은 것은? (다툼이 있는 경우 판례에 의함)
A. 국회의 국무총리 해임건의는 대통령을 기속하는 해임결의권이 아니라, 아무런 법적 구속력이 없는 단순한 해임건의에 불과하다.
B. 대통령은 내란 또는 외환의 죄를 범한 경우를 제외하고는 재직중 형사상의 소추를 받지 아니한다.
C. 대통령은 통일과 관련한 중요정책에 대하여 자신의 신임과 연계하여 국민투표에 붙일 수 있다.
D. 대통령이 일반사면을 명하려면 국회의 동의를 얻어야 한다.
","Next is the issue of law in Korean society.
Which of the following is not an accurate description of the president? (In case of dispute, according to precedent)
A. The National Assembly's proposal to dismiss the Prime Minister is not a resolution for dismissal that binds the President, but is merely a proposal for dismissal that has no legal binding force.
B. The President shall not be subject to criminal prosecution while in office, except in cases of insurrection or foreign exchange.
C. The President may submit important policies related to unification to a national referendum in connection with his or her confidence.
D. If the President wants to issue a general pardon, he must obtain the consent of the National Assembly.
"
597,PSAT_20_5,,"다음은 한국사회의 법에 대한 문제이다.
입법절차에 대한 설명으로 옳지 않은 것은?","['A. 국회에 제출된 법률안은 회기 중에 의결되지 못한 이유로 폐기되지 아니하나, 국회의원의 임기가 만료된 때에는 그러하지 아니하다.', 'B. 대통령은 법률안의 일부에 대하여 국회에 재의를 요구할 수 있으나, 법률안을 수정하여 재의를 요구할 수는 없다.', 'C. 국회에서 의결된 법률안이 정부에 이송되어 15일 이내에 대통령이 법률안에 대하여 국회에 재의 요구를 하면 국회는 재의에 붙이고, 국회가 재적의원 과반수의 출석과 출석의원 3분의 2 이상의 찬성으로 전과 같은 의결을 하면 그 법률안은 법률로서 확정된다.', 'D. 국회에서 의결된 법률안이 정부로 이송되어 15일 이내에 대통령이 공포나 재의의 요구를 하지 않으면 그 법률안은 법률로서 확정된다.']",B,"A. 국회에 제출된 법률안은 회기 중에 의결되지 못한 이유로 폐기되지 아니하나, 국회의원의 임기가 만료된 때에는 그러하지 아니하다.
B. 대통령은 법률안의 일부에 대하여 국회에 재의를 요구할 수 있으나, 법률안을 수정하여 재의를 요구할 수는 없다.
C. 국회에서 의결된 법률안이 정부에 이송되어 15일 이내에 대통령이 법률안에 대하여 국회에 재의 요구를 하면 국회는 재의에 붙이고, 국회가 재적의원 과반수의 출석과 출석의원 3분의 2 이상의 찬성으로 전과 같은 의결을 하면 그 법률안은 법률로서 확정된다.
D. 국회에서 의결된 법률안이 정부로 이송되어 15일 이내에 대통령이 공포나 재의의 요구를 하지 않으면 그 법률안은 법률로서 확정된다.
","다음은 한국사회의 법에 대한 문제이다.
입법절차에 대한 설명으로 옳지 않은 것은?
A. 국회에 제출된 법률안은 회기 중에 의결되지 못한 이유로 폐기되지 아니하나, 국회의원의 임기가 만료된 때에는 그러하지 아니하다.
B. 대통령은 법률안의 일부에 대하여 국회에 재의를 요구할 수 있으나, 법률안을 수정하여 재의를 요구할 수는 없다.
C. 국회에서 의결된 법률안이 정부에 이송되어 15일 이내에 대통령이 법률안에 대하여 국회에 재의 요구를 하면 국회는 재의에 붙이고, 국회가 재적의원 과반수의 출석과 출석의원 3분의 2 이상의 찬성으로 전과 같은 의결을 하면 그 법률안은 법률로서 확정된다.
D. 국회에서 의결된 법률안이 정부로 이송되어 15일 이내에 대통령이 공포나 재의의 요구를 하지 않으면 그 법률안은 법률로서 확정된다.
","Next is the issue of law in Korean society.
Which of the following is incorrect regarding the legislative procedure?
A. A bill submitted to the National Assembly will not be discarded because it was not passed during the session, but this does not apply when the term of office of the National Assembly member has expired.
B. The President may request reconsideration of part of a bill from the National Assembly, but he cannot request reconsideration by amending the bill.
C. If a bill passed by the National Assembly is transferred to the government and the President requests the National Assembly to reconsider the bill within 15 days, the National Assembly reconsiders it, and the National Assembly passes the bill with the attendance of a majority of the registered members and the approval of more than two-thirds of the members present. If the same resolution is passed, the bill becomes final as law.
D. If a bill passed by the National Assembly is transferred to the government and the President does not request promulgation or reconsideration within 15 days, the bill is confirmed as law.
"
598,PSAT_20_6,,"다음은 한국사회의 법에 대한 문제이다.
헌법재판소에 대한 설명으로 옳은 것은?","['A. 헌법재판소 재판관은 탄핵 또는 금고 이상의 형의 선고에 의하지 아니하고는 파면되지 아니한다.', 'B. 헌법재판소장은 지정재판부를 두어 위헌법률심판의 사전심사를 담당하게 할 수 있다.', 'C. 헌법재판소 재판관은 헌법재판소장의 제청으로 대통령이 임명한다.', 'D. 헌법재판소 재판관 중 국회에서 선출되는 3인은 정당에 가입을 할 수 있다.']",A,"A. 헌법재판소 재판관은 탄핵 또는 금고 이상의 형의 선고에 의하지 아니하고는 파면되지 아니한다.
B. 헌법재판소장은 지정재판부를 두어 위헌법률심판의 사전심사를 담당하게 할 수 있다.
C. 헌법재판소 재판관은 헌법재판소장의 제청으로 대통령이 임명한다.
D. 헌법재판소 재판관 중 국회에서 선출되는 3인은 정당에 가입을 할 수 있다.
","다음은 한국사회의 법에 대한 문제이다.
헌법재판소에 대한 설명으로 옳은 것은?
A. 헌법재판소 재판관은 탄핵 또는 금고 이상의 형의 선고에 의하지 아니하고는 파면되지 아니한다.
B. 헌법재판소장은 지정재판부를 두어 위헌법률심판의 사전심사를 담당하게 할 수 있다.
C. 헌법재판소 재판관은 헌법재판소장의 제청으로 대통령이 임명한다.
D. 헌법재판소 재판관 중 국회에서 선출되는 3인은 정당에 가입을 할 수 있다.
","Next is the issue of law in Korean society.
Which of the following is correct about the Constitutional Court?
A. A judge of the Constitutional Court shall not be dismissed except by impeachment or a sentence of imprisonment or heavier punishment.
B. The President of the Constitutional Court may establish a designated tribunal to be in charge of preliminary review of unconstitutionality trials.
C. Justices of the Constitutional Court are appointed by the President upon the recommendation of the President of the Constitutional Court.
D. Among the judges of the Constitutional Court, three who are elected by the National Assembly can join a political party.
"
599,PSAT_20_7,,"다음은 한국사회의 법에 대한 문제이다.
헌법을 개정하여야만 할 수 있는 것은?","['A. 감사원의 감사위원을 12인으로 한다.', 'B. 국회의원 수를 400인으로 한다.', 'C. 국무위원 수를 15인으로 한다.', 'D. 대법관 수를 12인으로 한다.']",A,"A. 감사원의 감사위원을 12인으로 한다.
B. 국회의원 수를 400인으로 한다.
C. 국무위원 수를 15인으로 한다.
D. 대법관 수를 12인으로 한다.
","다음은 한국사회의 법에 대한 문제이다.
헌법을 개정하여야만 할 수 있는 것은?
A. 감사원의 감사위원을 12인으로 한다.
B. 국회의원 수를 400인으로 한다.
C. 국무위원 수를 15인으로 한다.
D. 대법관 수를 12인으로 한다.
","Next is the issue of law in Korean society.
What can only be done by amending the Constitution?
A. The Board of Audit and Inspection consists of 12 audit committee members.
B. The number of National Assembly members is 400.
C. The number of State Council members shall be 15.
D. The number of Supreme Court Justices shall be 12.
"
600,PSAT_20_8,,"다음은 한국사회의 법에 대한 문제이다.
대법원에 대한 설명으로 옳지 않은 것은?","['A. 대법원은 법률에서 저촉되지 아니하는 범위 안에서 소송에 관한 절차, 법원의 내부규율과 사무처리에 관한 규칙을 제정할 수 있다.', 'B. 대법원장의 임기는 6년으로 중임할 수 없지만, 대법관의 임기는 6년으로 법률이 정하는 바에 의하여 연임할 수 있다.', 'C. 대법원에는 대법관을 두지만, 법률이 정하는 바에 의하여 대법관이 아닌 법관을 둘 수도 있다.', 'D. 대통령, 국회의원, 지방자치단체의 장 및 지방의회의원 선거에 있어서 당선의 효력에 이의가 있는 선거인은 대법원에 소를 제기할 수 있다.']",D,"A. 대법원은 법률에서 저촉되지 아니하는 범위 안에서 소송에 관한 절차, 법원의 내부규율과 사무처리에 관한 규칙을 제정할 수 있다.
B. 대법원장의 임기는 6년으로 중임할 수 없지만, 대법관의 임기는 6년으로 법률이 정하는 바에 의하여 연임할 수 있다.
C. 대법원에는 대법관을 두지만, 법률이 정하는 바에 의하여 대법관이 아닌 법관을 둘 수도 있다.
D. 대통령, 국회의원, 지방자치단체의 장 및 지방의회의원 선거에 있어서 당선의 효력에 이의가 있는 선거인은 대법원에 소를 제기할 수 있다.
","다음은 한국사회의 법에 대한 문제이다.
대법원에 대한 설명으로 옳지 않은 것은?
A. 대법원은 법률에서 저촉되지 아니하는 범위 안에서 소송에 관한 절차, 법원의 내부규율과 사무처리에 관한 규칙을 제정할 수 있다.
B. 대법원장의 임기는 6년으로 중임할 수 없지만, 대법관의 임기는 6년으로 법률이 정하는 바에 의하여 연임할 수 있다.
C. 대법원에는 대법관을 두지만, 법률이 정하는 바에 의하여 대법관이 아닌 법관을 둘 수도 있다.
D. 대통령, 국회의원, 지방자치단체의 장 및 지방의회의원 선거에 있어서 당선의 효력에 이의가 있는 선거인은 대법원에 소를 제기할 수 있다.
","Next is the issue of law in Korean society.
Which of the following is incorrect regarding the Supreme Court?
A. The Supreme Court may establish rules regarding litigation procedures, the internal discipline of the court, and administrative procedures to the extent that they do not conflict with the law.
B. The term of office of the Chief Justice is 6 years and cannot be reappointed, but the term of office of the Supreme Court Justices is 6 years and can be reappointed as prescribed by law.
C. The Supreme Court shall have Supreme Court Justices, but judges other than Supreme Court Justices may be appointed as prescribed by law.
D. In elections for the President, National Assembly members, heads of local governments, and local council members, electors who have objections to the validity of their election may file a lawsuit with the Supreme Court.
"
601,PSAT_20_9,,"다음은 한국사회의 법에 대한 문제이다.
직업의 자유에 대한 설명으로 옳지 않은 것은? (다툼이 있는 경우 판례에 의함)","['A. 직업의 자유는 영업의 자유와 기업의 자유를 포함하고, 이러한 영업 및 기업의 자유를 근거로 원칙적으로 누구나가 자유롭게 경쟁에 참여할 수 있다.', 'B. 직업의 자유는 직장선택의 자유를 포함하며, 직장선택의 자유는 원하는 직장을 제공하여 줄 것을 청구하거나 한번 선택한 직장의 존속보호를 청구할 권리를 보장하는 것이다.', 'C. 공무담임권은 국가 등에게 능력주의를 존중하는 공정한 공직자선발을 요구할 수 있는 권리라는 점에서 직업선택의 자유보다는 그 기본권의 효과가 현실적ㆍ구체적이므로, 공직을 직업으로 선택하는 경우에 있어서 직업선택의 자유는 공무담임권을 통해서 그 기본권보호를 받게 된다.', 'D. 복수면허 의료인에게 양방이든 한방이든 하나의 의료기관만을 개설하도록 하는 것은 복수면허 의료인들의 직업의 자유를 침해한다.']",B,"A. 직업의 자유는 영업의 자유와 기업의 자유를 포함하고, 이러한 영업 및 기업의 자유를 근거로 원칙적으로 누구나가 자유롭게 경쟁에 참여할 수 있다.
B. 직업의 자유는 직장선택의 자유를 포함하며, 직장선택의 자유는 원하는 직장을 제공하여 줄 것을 청구하거나 한번 선택한 직장의 존속보호를 청구할 권리를 보장하는 것이다.
C. 공무담임권은 국가 등에게 능력주의를 존중하는 공정한 공직자선발을 요구할 수 있는 권리라는 점에서 직업선택의 자유보다는 그 기본권의 효과가 현실적ㆍ구체적이므로, 공직을 직업으로 선택하는 경우에 있어서 직업선택의 자유는 공무담임권을 통해서 그 기본권보호를 받게 된다.
D. 복수면허 의료인에게 양방이든 한방이든 하나의 의료기관만을 개설하도록 하는 것은 복수면허 의료인들의 직업의 자유를 침해한다.
","다음은 한국사회의 법에 대한 문제이다.
직업의 자유에 대한 설명으로 옳지 않은 것은? (다툼이 있는 경우 판례에 의함)
A. 직업의 자유는 영업의 자유와 기업의 자유를 포함하고, 이러한 영업 및 기업의 자유를 근거로 원칙적으로 누구나가 자유롭게 경쟁에 참여할 수 있다.
B. 직업의 자유는 직장선택의 자유를 포함하며, 직장선택의 자유는 원하는 직장을 제공하여 줄 것을 청구하거나 한번 선택한 직장의 존속보호를 청구할 권리를 보장하는 것이다.
C. 공무담임권은 국가 등에게 능력주의를 존중하는 공정한 공직자선발을 요구할 수 있는 권리라는 점에서 직업선택의 자유보다는 그 기본권의 효과가 현실적ㆍ구체적이므로, 공직을 직업으로 선택하는 경우에 있어서 직업선택의 자유는 공무담임권을 통해서 그 기본권보호를 받게 된다.
D. 복수면허 의료인에게 양방이든 한방이든 하나의 의료기관만을 개설하도록 하는 것은 복수면허 의료인들의 직업의 자유를 침해한다.
","Next is the issue of law in Korean society.
Which of the following is not correct regarding occupational freedom? (In case of dispute, according to precedent)
A. Freedom of occupation includes freedom of business and freedom of enterprise, and based on this freedom of business and enterprise, anyone can, in principle, freely participate in competition.
B. Freedom of occupation includes the freedom to choose a job, and the freedom to choose a job guarantees the right to request that the job of one's choice be provided or to claim protection for the continued existence of the job once selected.
C. In that the right to hold public office is the right to request the government to select fair public officials that respect meritocracy, the effect of that basic right is more realistic and specific than the freedom to choose a career, so in the case of choosing public service as an occupation, career choice Freedom of freedom is protected through the right to hold public office.
D. Requiring dual-license medical practitioners to open only one medical institution, either Western or Oriental medicine, infringes on the freedom of occupation of dual-licensed medical practitioners.
"
602,PSAT_20_10,,"다음은 한국사회의 법에 대한 문제이다.
권한쟁의심판에 대한 설명으로 옳지 않은 것은?","['A. 권한쟁의심판 청구는 그 사유가 있음을 안 날로부터 60일 이내에, 그 사유가 있은 날로부터 180일 이내에 하여야 한다.', 'B. 권한쟁의심판은 재판관 7인 이상의 출석으로 심리하며 종국심리에 관여한 재판관 과반수의 찬성으로 결정한다.', 'C. 권한쟁의심판에 있어서 국가기관 또는 지방자치단체의 처분을 취소하는 헌법재판소의 결정은 그 처분의 상대방에 대하여 이미 생긴 효력에 영향을 미친다.', 'D. 헌법재판소는 청구인의 신청에 의하여 종국결정의 선고 시까지 심판 대상이 된 피청구인의 처분의 효력을 정지하는 결정을 할 수 있다.']",C,"A. 권한쟁의심판 청구는 그 사유가 있음을 안 날로부터 60일 이내에, 그 사유가 있은 날로부터 180일 이내에 하여야 한다.
B. 권한쟁의심판은 재판관 7인 이상의 출석으로 심리하며 종국심리에 관여한 재판관 과반수의 찬성으로 결정한다.
C. 권한쟁의심판에 있어서 국가기관 또는 지방자치단체의 처분을 취소하는 헌법재판소의 결정은 그 처분의 상대방에 대하여 이미 생긴 효력에 영향을 미친다.
D. 헌법재판소는 청구인의 신청에 의하여 종국결정의 선고 시까지 심판 대상이 된 피청구인의 처분의 효력을 정지하는 결정을 할 수 있다.
","다음은 한국사회의 법에 대한 문제이다.
권한쟁의심판에 대한 설명으로 옳지 않은 것은?
A. 권한쟁의심판 청구는 그 사유가 있음을 안 날로부터 60일 이내에, 그 사유가 있은 날로부터 180일 이내에 하여야 한다.
B. 권한쟁의심판은 재판관 7인 이상의 출석으로 심리하며 종국심리에 관여한 재판관 과반수의 찬성으로 결정한다.
C. 권한쟁의심판에 있어서 국가기관 또는 지방자치단체의 처분을 취소하는 헌법재판소의 결정은 그 처분의 상대방에 대하여 이미 생긴 효력에 영향을 미친다.
D. 헌법재판소는 청구인의 신청에 의하여 종국결정의 선고 시까지 심판 대상이 된 피청구인의 처분의 효력을 정지하는 결정을 할 수 있다.
","Next is the issue of law in Korean society.
Which of the following is not correct regarding authority dispute adjudication?
A. A request for a power dispute adjudication must be made within 60 days from the date on which the reason exists and within 180 days from the date on which the reason arises.
B. The authority dispute trial is conducted with the presence of 7 or more judges and is decided with the approval of a majority of the judges involved in the final hearing.
C. In a power dispute adjudication, the decision of the Constitutional Court to cancel the disposition of a state agency or local government affects the effect that has already accrued on the other party to the disposition.
D. At the request of the claimant, the Constitutional Court may decide to suspend the effect of the respondent's disposition subject to judgment until the final decision is pronounced.
"
603,PSAT_20_11,,"다음은 한국사회의 법에 대한 문제이다.
선거관리위원회에 대한 설명으로 옳지 않은 것은?","['A. 선거와 국민투표의 공정한 관리 및 정당에 관한 사무를 처리하기 위하여 선거관리위원회를 둔다.', 'B. 중앙선거관리위원회는 대통령이 임명하는 3인, 국회에서 선출하는 3인과 대법원장이 지명하는 3인의 위원으로 구성한다.', 'C. 중앙선거관리위원회 위원장은 국회의 동의를 얻어 대통령이 임명한다.', 'D. 중앙선거관리위원회는 법령의 범위 안에서 선거관리ㆍ국민투표관리 또는 정당사무에 관한 규칙을 제정할 수 있으며, 법률에 저촉되지 아니하는 범위 안에서 내부규율에 관한 규칙을 제정할 수 있다.']",C,"A. 선거와 국민투표의 공정한 관리 및 정당에 관한 사무를 처리하기 위하여 선거관리위원회를 둔다.
B. 중앙선거관리위원회는 대통령이 임명하는 3인, 국회에서 선출하는 3인과 대법원장이 지명하는 3인의 위원으로 구성한다.
C. 중앙선거관리위원회 위원장은 국회의 동의를 얻어 대통령이 임명한다.
D. 중앙선거관리위원회는 법령의 범위 안에서 선거관리ㆍ국민투표관리 또는 정당사무에 관한 규칙을 제정할 수 있으며, 법률에 저촉되지 아니하는 범위 안에서 내부규율에 관한 규칙을 제정할 수 있다.
","다음은 한국사회의 법에 대한 문제이다.
선거관리위원회에 대한 설명으로 옳지 않은 것은?
A. 선거와 국민투표의 공정한 관리 및 정당에 관한 사무를 처리하기 위하여 선거관리위원회를 둔다.
B. 중앙선거관리위원회는 대통령이 임명하는 3인, 국회에서 선출하는 3인과 대법원장이 지명하는 3인의 위원으로 구성한다.
C. 중앙선거관리위원회 위원장은 국회의 동의를 얻어 대통령이 임명한다.
D. 중앙선거관리위원회는 법령의 범위 안에서 선거관리ㆍ국민투표관리 또는 정당사무에 관한 규칙을 제정할 수 있으며, 법률에 저촉되지 아니하는 범위 안에서 내부규율에 관한 규칙을 제정할 수 있다.
","Next is the issue of law in Korean society.
Which of the following is not correct regarding the Election Commission?
A. An election management committee is established to fairly manage elections and referendums and handle affairs related to political parties.
B. The National Election Commission is composed of three members appointed by the President, three members elected by the National Assembly, and three members appointed by the Chief Justice of the Supreme Court.
C. The Chairman of the National Election Commission is appointed by the President with the consent of the National Assembly.
D. The National Election Commission may establish rules on election management, referendum management, or political party affairs within the scope of laws and regulations, and may establish rules on internal discipline within the scope that do not conflict with the law.
"
604,PSAT_20_12,,"다음은 한국사회의 법에 대한 문제이다.
국회에 대한 설명으로 옳지 않은 것은?","['A. 국회는 본회의 의결로 국무총리, 국무위원 또는 정부위원의 출석을 요구할 수 있다.', 'B. 정기회의 회기는 100일을, 임시회의 회기는 30일을 초과할 수 없고, 임시회는 대통령 또는 국회 재적의원 5분의 1 이상의 요구에 의하여 집회된다.', 'C. 탄핵심판에서는 국회 법제사법위원회의 위원장이 소추위원이 된다.', 'D. 국회는 매년 정기회 집회일 이전에 국정감사 시작일부터 30일 이내의 기간을 정하여 국정감사를 실시하나, 본회의 의결로 정기회 기간 중에 국정감사를 실시할 수 있다.']",B,"A. 국회는 본회의 의결로 국무총리, 국무위원 또는 정부위원의 출석을 요구할 수 있다.
B. 정기회의 회기는 100일을, 임시회의 회기는 30일을 초과할 수 없고, 임시회는 대통령 또는 국회 재적의원 5분의 1 이상의 요구에 의하여 집회된다.
C. 탄핵심판에서는 국회 법제사법위원회의 위원장이 소추위원이 된다.
D. 국회는 매년 정기회 집회일 이전에 국정감사 시작일부터 30일 이내의 기간을 정하여 국정감사를 실시하나, 본회의 의결로 정기회 기간 중에 국정감사를 실시할 수 있다.
","다음은 한국사회의 법에 대한 문제이다.
국회에 대한 설명으로 옳지 않은 것은?
A. 국회는 본회의 의결로 국무총리, 국무위원 또는 정부위원의 출석을 요구할 수 있다.
B. 정기회의 회기는 100일을, 임시회의 회기는 30일을 초과할 수 없고, 임시회는 대통령 또는 국회 재적의원 5분의 1 이상의 요구에 의하여 집회된다.
C. 탄핵심판에서는 국회 법제사법위원회의 위원장이 소추위원이 된다.
D. 국회는 매년 정기회 집회일 이전에 국정감사 시작일부터 30일 이내의 기간을 정하여 국정감사를 실시하나, 본회의 의결로 정기회 기간 중에 국정감사를 실시할 수 있다.
","Next is the issue of law in Korean society.
Which of the following is not correct regarding the National Assembly?
A. The National Assembly may, by resolution of the plenary session, request the attendance of the Prime Minister, State Council members, or government members.
B. The regular session cannot exceed 100 days, and the special session cannot exceed 30 days, and the special session is held at the request of the President or more than one-fifth of the members of the National Assembly.
C. In an impeachment trial, the chairman of the National Assembly Legislation and Judiciary Committee becomes a member of the impeachment committee.
D. The National Assembly conducts an audit of government affairs every year, prior to the regular session, within a period of 30 days from the start date of the audit. However, the audit may be conducted during the regular session by resolution of the plenary session.
"
605,PSAT_20_13,,"다음은 한국사회의 법에 대한 문제이다.
정당에 대한 설명으로 옳지 않은 것은?","['A. 정당은 그 목적ㆍ조직과 활동이 민주적이어야 하며, 국민의 정치적 의사형성에 참여하는데 필요한 조직을 가져야 한다.', 'B. 정당의 목적이나 활동이 민주적 기본질서에 위배될 때에는 정부는 헌법재판소에 그 해산을 제소할 수 있고, 정당은 헌법재판소의 심판에 의하여 해산된다.', 'C. 정당의 해산을 명하는 헌법재판소의 결정은 국회가 정당법에 따라 집행한다.', 'D. 정당은 법률이 정하는 바에 의하여 국가의 보호를 받으며, 국가는 법률이 정하는 바에 의하여 정당운영에 필요한 자금을 보조할 수 있다.']",C,"A. 정당은 그 목적ㆍ조직과 활동이 민주적이어야 하며, 국민의 정치적 의사형성에 참여하는데 필요한 조직을 가져야 한다.
B. 정당의 목적이나 활동이 민주적 기본질서에 위배될 때에는 정부는 헌법재판소에 그 해산을 제소할 수 있고, 정당은 헌법재판소의 심판에 의하여 해산된다.
C. 정당의 해산을 명하는 헌법재판소의 결정은 국회가 정당법에 따라 집행한다.
D. 정당은 법률이 정하는 바에 의하여 국가의 보호를 받으며, 국가는 법률이 정하는 바에 의하여 정당운영에 필요한 자금을 보조할 수 있다.
","다음은 한국사회의 법에 대한 문제이다.
정당에 대한 설명으로 옳지 않은 것은?
A. 정당은 그 목적ㆍ조직과 활동이 민주적이어야 하며, 국민의 정치적 의사형성에 참여하는데 필요한 조직을 가져야 한다.
B. 정당의 목적이나 활동이 민주적 기본질서에 위배될 때에는 정부는 헌법재판소에 그 해산을 제소할 수 있고, 정당은 헌법재판소의 심판에 의하여 해산된다.
C. 정당의 해산을 명하는 헌법재판소의 결정은 국회가 정당법에 따라 집행한다.
D. 정당은 법률이 정하는 바에 의하여 국가의 보호를 받으며, 국가는 법률이 정하는 바에 의하여 정당운영에 필요한 자금을 보조할 수 있다.
","Next is the issue of law in Korean society.
Which of the following is not correct regarding political parties?
A. A political party must be democratic in its purpose, organization, and activities, and must have the necessary organization to participate in forming the political will of the people.
B. If the purpose or activities of a political party violate the basic democratic order, the government may file a petition for dissolution to the Constitutional Court, and the political party will be dissolved by the Constitutional Court's decision.
C. The decision of the Constitutional Court ordering the dissolution of a political party shall be executed by the National Assembly in accordance with the Political Party Act.
D. Political parties are protected by the state as prescribed by law, and the state may provide funds necessary for political party operations as prescribed by law.
"
606,PSAT_20_14,,"다음은 한국사회의 법에 대한 문제이다.
감사원에 대한 설명으로 옳은 것은?","['A. 감사원장이 사고로 인하여 직무를 수행할 수 없을 때에는 감사위원 중 연장자가 그 직무를 대행한다.', 'B. 국가의 세입ㆍ세출의 결산, 국가 및 법률이 정한 단체의 회계검사와 행정기관 및 공무원의 직무에 관한 감찰을 하기 위하여 국무총리 소속하에 감사원을 둔다.', 'C. 감사원장과 감사위원은 모두 70세를 정년으로 한다.', 'D. 감사원은 세입ㆍ세출의 결산을 매년 검사하여 대통령과 차년도 국회에 그 결과를 보고하여야 한다.']",D,"A. 감사원장이 사고로 인하여 직무를 수행할 수 없을 때에는 감사위원 중 연장자가 그 직무를 대행한다.
B. 국가의 세입ㆍ세출의 결산, 국가 및 법률이 정한 단체의 회계검사와 행정기관 및 공무원의 직무에 관한 감찰을 하기 위하여 국무총리 소속하에 감사원을 둔다.
C. 감사원장과 감사위원은 모두 70세를 정년으로 한다.
D. 감사원은 세입ㆍ세출의 결산을 매년 검사하여 대통령과 차년도 국회에 그 결과를 보고하여야 한다.
","다음은 한국사회의 법에 대한 문제이다.
감사원에 대한 설명으로 옳은 것은?
A. 감사원장이 사고로 인하여 직무를 수행할 수 없을 때에는 감사위원 중 연장자가 그 직무를 대행한다.
B. 국가의 세입ㆍ세출의 결산, 국가 및 법률이 정한 단체의 회계검사와 행정기관 및 공무원의 직무에 관한 감찰을 하기 위하여 국무총리 소속하에 감사원을 둔다.
C. 감사원장과 감사위원은 모두 70세를 정년으로 한다.
D. 감사원은 세입ㆍ세출의 결산을 매년 검사하여 대통령과 차년도 국회에 그 결과를 보고하여야 한다.
","Next is the issue of law in Korean society.
Which of the following is correct about the Board of Audit and Inspection?
A. When the Chairman of the Board of Audit and Inspection is unable to perform his duties due to an accident, an older member of the audit committee acts on his behalf.
B. The Board of Audit and Inspection shall be established under the Prime Minister in order to settle the accounts of national revenues and expenditures, inspect the accounting of organizations prescribed by the state and law, and inspect the duties of administrative agencies and public officials.
C. The retirement age for both the Chairman of the Board of Audit and Inspection and the Audit Committee members is 70 years old.
D. The Board of Audit and Inspection shall inspect the settlement of revenues and expenditures every year and report the results to the President and the National Assembly in the following year.
"
607,PSAT_20_15,,"다음은 한국사회의 법에 대한 문제이다.
근로기본권에 대한 설명으로 옳지 않은 것은? (다툼이 있는 경우 판례에 의함)","['A. 청원경찰은 일반근로자일 뿐 공무원이 아니므로, 이들의 근로3권을 전면적으로 제한하는 것은 헌법에 위반된다.', 'B. 헌법에서는 국가유공자의 유가족, 상이군경의 유가족 및 전몰군경의 유가족은 법률이 정하는 바에 의하여 우선적으로 근로의 기회를 부여받는다고 규정하고 있다.', 'C. 근로의 권리란 인간이 자신의 의사와 능력에 따라 근로관계를 형성하고, 타인의 방해를 받음이 없이 근로관계를 계속 유지하며, 근로의 기회를 얻지 못한 경우에는 국가에 대하여 근로의 기회를 제공하여 줄 것을 요구할 수 있는 권리를 말한다.', 'D. 근로의 권리는 사회적 기본권으로서, 국가에 대하여 직접 일자리를 청구하거나 일자리에 갈음하는 생계비의 지급청구권을 의미하는 것이 아니다.']",B,"A. 청원경찰은 일반근로자일 뿐 공무원이 아니므로, 이들의 근로3권을 전면적으로 제한하는 것은 헌법에 위반된다.
B. 헌법에서는 국가유공자의 유가족, 상이군경의 유가족 및 전몰군경의 유가족은 법률이 정하는 바에 의하여 우선적으로 근로의 기회를 부여받는다고 규정하고 있다.
C. 근로의 권리란 인간이 자신의 의사와 능력에 따라 근로관계를 형성하고, 타인의 방해를 받음이 없이 근로관계를 계속 유지하며, 근로의 기회를 얻지 못한 경우에는 국가에 대하여 근로의 기회를 제공하여 줄 것을 요구할 수 있는 권리를 말한다.
D. 근로의 권리는 사회적 기본권으로서, 국가에 대하여 직접 일자리를 청구하거나 일자리에 갈음하는 생계비의 지급청구권을 의미하는 것이 아니다.
","다음은 한국사회의 법에 대한 문제이다.
근로기본권에 대한 설명으로 옳지 않은 것은? (다툼이 있는 경우 판례에 의함)
A. 청원경찰은 일반근로자일 뿐 공무원이 아니므로, 이들의 근로3권을 전면적으로 제한하는 것은 헌법에 위반된다.
B. 헌법에서는 국가유공자의 유가족, 상이군경의 유가족 및 전몰군경의 유가족은 법률이 정하는 바에 의하여 우선적으로 근로의 기회를 부여받는다고 규정하고 있다.
C. 근로의 권리란 인간이 자신의 의사와 능력에 따라 근로관계를 형성하고, 타인의 방해를 받음이 없이 근로관계를 계속 유지하며, 근로의 기회를 얻지 못한 경우에는 국가에 대하여 근로의 기회를 제공하여 줄 것을 요구할 수 있는 권리를 말한다.
D. 근로의 권리는 사회적 기본권으로서, 국가에 대하여 직접 일자리를 청구하거나 일자리에 갈음하는 생계비의 지급청구권을 의미하는 것이 아니다.
","Next is the issue of law in Korean society.
Which of the following is not correct regarding basic labor rights? (In case of dispute, according to precedent)
A. Since petition police officers are only regular workers and not public officials, it is against the Constitution to completely restrict their three working rights.
B. The Constitution stipulates that the bereaved families of those who have served the country, the bereaved families of disabled soldiers and police officers, and the bereaved families of fallen soldiers and police officers are given preferential work opportunities in accordance with the provisions of the law.
C. The right to work means that a person can form a working relationship according to his or her own will and ability, maintain a working relationship without being interfered with by others, and, if he or she does not get a working opportunity, have a working relationship with the state. It refers to the right to request that something be provided.
D. The right to work is a basic social right, and does not mean the right to claim a job directly from the state or to claim payment of living expenses in lieu of a job.
"
608,PSAT_20_16,,"다음은 한국사회의 법에 대한 문제이다.
양심의 자유에 대한 설명으로 옳지 않은 것은? (다툼이 있는 경우 판례에 의함)","['A. 양심의 자유는 내심에서 우러나오는 윤리적 확신과 이에 반하는 외부적 법질서의 요구가 서로 회피할 수 없는 상태로 충돌할 때에만 침해될 수 있다.', 'B. 양심형성의 자유와 양심적 결정의 자유는 내심에 머무르는 한 절대적 자유라고 할 수 있지만, 양심실현의 자유는 상대적 자유라고 할 수 있다.', 'C. 양심에는 세계관ㆍ인생관ㆍ주의ㆍ신조 등은 물론, 이에 이르지 아니하여도 보다 널리 개인의 인격형성에 관계되는 내심에 있어서의 가치적ㆍ윤리적 판단도 포함될 수 있으나, 단순한 사실관계의 확인과 같이 가치적ㆍ윤리적 판단이 개입될 여지가 없는 경우는 그 보호대상이 아니다.', 'D. 특정한 내적인 확신 또는 신념이 양심으로 형성된 이상 그 내용 여하를 떠나 양심의 자유에 의해 보호되는 양심이 될 수 있으므로, 헌법상 양심의 자유에 의해 보호받는 양심으로 인정할 것인지의 판단은 그것이 깊고, 확고하며, 진실된 것인지 여부와 관계없다.']",D,"A. 양심의 자유는 내심에서 우러나오는 윤리적 확신과 이에 반하는 외부적 법질서의 요구가 서로 회피할 수 없는 상태로 충돌할 때에만 침해될 수 있다.
B. 양심형성의 자유와 양심적 결정의 자유는 내심에 머무르는 한 절대적 자유라고 할 수 있지만, 양심실현의 자유는 상대적 자유라고 할 수 있다.
C. 양심에는 세계관ㆍ인생관ㆍ주의ㆍ신조 등은 물론, 이에 이르지 아니하여도 보다 널리 개인의 인격형성에 관계되는 내심에 있어서의 가치적ㆍ윤리적 판단도 포함될 수 있으나, 단순한 사실관계의 확인과 같이 가치적ㆍ윤리적 판단이 개입될 여지가 없는 경우는 그 보호대상이 아니다.
D. 특정한 내적인 확신 또는 신념이 양심으로 형성된 이상 그 내용 여하를 떠나 양심의 자유에 의해 보호되는 양심이 될 수 있으므로, 헌법상 양심의 자유에 의해 보호받는 양심으로 인정할 것인지의 판단은 그것이 깊고, 확고하며, 진실된 것인지 여부와 관계없다.
","다음은 한국사회의 법에 대한 문제이다.
양심의 자유에 대한 설명으로 옳지 않은 것은? (다툼이 있는 경우 판례에 의함)
A. 양심의 자유는 내심에서 우러나오는 윤리적 확신과 이에 반하는 외부적 법질서의 요구가 서로 회피할 수 없는 상태로 충돌할 때에만 침해될 수 있다.
B. 양심형성의 자유와 양심적 결정의 자유는 내심에 머무르는 한 절대적 자유라고 할 수 있지만, 양심실현의 자유는 상대적 자유라고 할 수 있다.
C. 양심에는 세계관ㆍ인생관ㆍ주의ㆍ신조 등은 물론, 이에 이르지 아니하여도 보다 널리 개인의 인격형성에 관계되는 내심에 있어서의 가치적ㆍ윤리적 판단도 포함될 수 있으나, 단순한 사실관계의 확인과 같이 가치적ㆍ윤리적 판단이 개입될 여지가 없는 경우는 그 보호대상이 아니다.
D. 특정한 내적인 확신 또는 신념이 양심으로 형성된 이상 그 내용 여하를 떠나 양심의 자유에 의해 보호되는 양심이 될 수 있으므로, 헌법상 양심의 자유에 의해 보호받는 양심으로 인정할 것인지의 판단은 그것이 깊고, 확고하며, 진실된 것인지 여부와 관계없다.
","Next is the issue of law in Korean society.
Which of the following is incorrect regarding freedom of conscience? (In case of dispute, according to precedent)
A. Freedom of conscience can be violated only when the ethical convictions that come from within and the external demands of legal order that run counter to them clash in an unavoidable way.
B. Freedom to form conscience and freedom to make conscientious decisions can be said to be absolute freedom as long as it remains within, but freedom to realize conscience can be said to be relative freedom.
C. Conscience may include world view, life view, doctrine, creed, etc., as well as internal value and ethical judgments that are more broadly related to the formation of an individual's personality, but it is not limited to simple confirmation of facts. Cases where there is no room for value or ethical judgment are not eligible for protection.
D. As long as a specific internal conviction or belief is formed as conscience, it can be a conscience protected by freedom of conscience regardless of its content. Therefore, the judgment on whether to recognize it as a conscience protected by freedom of conscience under the Constitution is based on the deep, It is firm, regardless of whether it is true or not.
"
609,PSAT_20_17,,"다음은 한국사회의 법에 대한 문제이다.
지방자치에 대한 설명으로 옳지 않은 것은?","['A. 헌법재판소는 지방자치단체의 장 선거권은 헌법상 보장된 기본권이라고 판시하였다.', 'B. 지방자치단체는 법령의 범위 안에서 그 사무에 관하여 조례를 제정할 수 있으나, 주민의 권리 제한 또는 의무 부과에 관한 사항이나 벌칙을 정할 때에는 법률의 위임이 있어야 한다.', 'C. 지방자치단체는 법인으로 한다.', 'D. 광역자치단체의 명칭 변경은 법률에 의하여야 하나, 기초자치단체의 명칭 변경은 기초자치단체의 조례나 주민투표에 의하여 할 수 있다.']",D,"A. 헌법재판소는 지방자치단체의 장 선거권은 헌법상 보장된 기본권이라고 판시하였다.
B. 지방자치단체는 법령의 범위 안에서 그 사무에 관하여 조례를 제정할 수 있으나, 주민의 권리 제한 또는 의무 부과에 관한 사항이나 벌칙을 정할 때에는 법률의 위임이 있어야 한다.
C. 지방자치단체는 법인으로 한다.
D. 광역자치단체의 명칭 변경은 법률에 의하여야 하나, 기초자치단체의 명칭 변경은 기초자치단체의 조례나 주민투표에 의하여 할 수 있다.
","다음은 한국사회의 법에 대한 문제이다.
지방자치에 대한 설명으로 옳지 않은 것은?
A. 헌법재판소는 지방자치단체의 장 선거권은 헌법상 보장된 기본권이라고 판시하였다.
B. 지방자치단체는 법령의 범위 안에서 그 사무에 관하여 조례를 제정할 수 있으나, 주민의 권리 제한 또는 의무 부과에 관한 사항이나 벌칙을 정할 때에는 법률의 위임이 있어야 한다.
C. 지방자치단체는 법인으로 한다.
D. 광역자치단체의 명칭 변경은 법률에 의하여야 하나, 기초자치단체의 명칭 변경은 기초자치단체의 조례나 주민투표에 의하여 할 수 있다.
","Next is the issue of law in Korean society.
Which of the following is not correct regarding local autonomy?
A. The Constitutional Court ruled that the right to elect local government heads is a fundamental right guaranteed by the Constitution.
B. Local governments may enact ordinances regarding their affairs within the scope of the law, but when establishing matters or penalties related to limiting the rights of residents or imposing obligations, there must be legal delegation.
C. Local governments shall be corporations.
D. Changes in the name of a metropolitan government must be made by law, but changes in the name of a basic local government can be made through local government ordinances or a referendum.
"
610,PSAT_20_18,,"다음은 한국사회의 법에 대한 문제이다.
집회의 자유에 대한 설명으로 옳지 않은 것은? (다툼이 있는 경우 판례에 의함)","[""A. 헌법 제21조제2항의 '허가'는 '행정청이 주체가 되어 집회의 허용 여부를 사전에 결정하는 것'으로서 행정청에 의한 사전허가는 헌법상 금지되지만, 입법자가 법률로써 일반적으로 집회를 제한하는 것은 헌법상 '사전허가금지'에 해당하지 않는다."", 'B. 국회의사당의 경계지점으로부터 100미터 이내의 장소에서 옥외집회를 금지하는 것은 국회의 기능이나 역할에 비추어 볼 때 집회의 자유를 침해하는 것이 아니다.', 'C. 집회ㆍ시위 등 현장에서 집회ㆍ시위 참가자에 대한 사진이나 영상촬영 등의 행위는 집회ㆍ시위 참가자들에게 심리적 부담으로 작용하여 여론형성 및 민주적 토론절차에 영향을 주고 집회의 자유를 전체적으로 위축시키는 결과를 가져올 수 있으므로 집회의 자유를 제한한다.', 'D. 집회 및 시위에 관한 법률에서 옥외집회란 천장이 없거나 사방이 폐쇄되지 아니한 장소에서 여는 집회를 말한다.']",B,"A. 헌법 제21조제2항의 '허가'는 '행정청이 주체가 되어 집회의 허용 여부를 사전에 결정하는 것'으로서 행정청에 의한 사전허가는 헌법상 금지되지만, 입법자가 법률로써 일반적으로 집회를 제한하는 것은 헌법상 '사전허가금지'에 해당하지 않는다.
B. 국회의사당의 경계지점으로부터 100미터 이내의 장소에서 옥외집회를 금지하는 것은 국회의 기능이나 역할에 비추어 볼 때 집회의 자유를 침해하는 것이 아니다.
C. 집회ㆍ시위 등 현장에서 집회ㆍ시위 참가자에 대한 사진이나 영상촬영 등의 행위는 집회ㆍ시위 참가자들에게 심리적 부담으로 작용하여 여론형성 및 민주적 토론절차에 영향을 주고 집회의 자유를 전체적으로 위축시키는 결과를 가져올 수 있으므로 집회의 자유를 제한한다.
D. 집회 및 시위에 관한 법률에서 옥외집회란 천장이 없거나 사방이 폐쇄되지 아니한 장소에서 여는 집회를 말한다.
","다음은 한국사회의 법에 대한 문제이다.
집회의 자유에 대한 설명으로 옳지 않은 것은? (다툼이 있는 경우 판례에 의함)
A. 헌법 제21조제2항의 '허가'는 '행정청이 주체가 되어 집회의 허용 여부를 사전에 결정하는 것'으로서 행정청에 의한 사전허가는 헌법상 금지되지만, 입법자가 법률로써 일반적으로 집회를 제한하는 것은 헌법상 '사전허가금지'에 해당하지 않는다.
B. 국회의사당의 경계지점으로부터 100미터 이내의 장소에서 옥외집회를 금지하는 것은 국회의 기능이나 역할에 비추어 볼 때 집회의 자유를 침해하는 것이 아니다.
C. 집회ㆍ시위 등 현장에서 집회ㆍ시위 참가자에 대한 사진이나 영상촬영 등의 행위는 집회ㆍ시위 참가자들에게 심리적 부담으로 작용하여 여론형성 및 민주적 토론절차에 영향을 주고 집회의 자유를 전체적으로 위축시키는 결과를 가져올 수 있으므로 집회의 자유를 제한한다.
D. 집회 및 시위에 관한 법률에서 옥외집회란 천장이 없거나 사방이 폐쇄되지 아니한 장소에서 여는 집회를 말한다.
","Next is the issue of law in Korean society.
Which of the following is incorrect regarding freedom of assembly? (In case of dispute, according to precedent)
A. ‘Permission’ in Article 21, Paragraph 2 of the Constitution means ‘the administrative agency takes the lead and decides in advance whether or not to allow an assembly.’ Prior permission by the administrative agency is prohibited under the Constitution, but legislators generally restrict assemblies by law. This does not fall under the ‘prohibition of prior permission’ under the Constitution.
B. Prohibiting outdoor gatherings within 100 meters from the border point of the National Assembly does not infringe on freedom of assembly in light of the function or role of the National Assembly.
C. Activities such as taking photos or videos of participants in rallies or demonstrations at the site of rallies or demonstrations exert a psychological burden on the participants, affecting the formation of public opinion and democratic discussion procedures and reducing the overall freedom of assembly. Restrict freedom of assembly because it may have consequences.
D. In the Act on Assembly and Demonstration, an outdoor assembly refers to an assembly held in a place where there is no ceiling or all sides are not closed.
"
611,PSAT_20_19,,"다음은 한국사회의 법에 대한 문제이다.
기본권에 대한 설명으로 옳지 않은 것은? (다툼이 있는 경우 판례에 의함)","['A. 영토권을 헌법소원의 대상인 기본권의 하나로 간주하는 것은 가능하다.', ""B. '헌법전문에 기재된 3/1정신'은 헌법소원의 대상인 헌법상 보장된 기본권에 해당하지 아니한다."", 'C. 행복추구권 속에는 일반적 행동자유권, 개성의 자유로운 발현권이 포함되어 있다.', 'D. 평화적 생존권은 헌법 제10조와 제37조제1항에 의하여 인정된 기본권으로서 침략전쟁에 강제되지 않고 평화적 생존을 할 수 있도록 국가에 요청할 수 있는 권리이다.']",D,"A. 영토권을 헌법소원의 대상인 기본권의 하나로 간주하는 것은 가능하다.
B. '헌법전문에 기재된 3/1정신'은 헌법소원의 대상인 헌법상 보장된 기본권에 해당하지 아니한다.
C. 행복추구권 속에는 일반적 행동자유권, 개성의 자유로운 발현권이 포함되어 있다.
D. 평화적 생존권은 헌법 제10조와 제37조제1항에 의하여 인정된 기본권으로서 침략전쟁에 강제되지 않고 평화적 생존을 할 수 있도록 국가에 요청할 수 있는 권리이다.
","다음은 한국사회의 법에 대한 문제이다.
기본권에 대한 설명으로 옳지 않은 것은? (다툼이 있는 경우 판례에 의함)
A. 영토권을 헌법소원의 대상인 기본권의 하나로 간주하는 것은 가능하다.
B. '헌법전문에 기재된 3/1정신'은 헌법소원의 대상인 헌법상 보장된 기본권에 해당하지 아니한다.
C. 행복추구권 속에는 일반적 행동자유권, 개성의 자유로운 발현권이 포함되어 있다.
D. 평화적 생존권은 헌법 제10조와 제37조제1항에 의하여 인정된 기본권으로서 침략전쟁에 강제되지 않고 평화적 생존을 할 수 있도록 국가에 요청할 수 있는 권리이다.
","Next is the issue of law in Korean society.
Which of the following is incorrect regarding basic rights? (In case of dispute, according to precedent)
A. It is possible to regard territorial rights as one of the fundamental rights subject to constitutional complaints.
B. The '3/1 spirit stated in the preamble to the Constitution' does not correspond to the fundamental rights guaranteed by the Constitution that are the subject of constitutional complaints.
C. The right to pursue happiness includes the general right to freedom of action and the right to free expression of individuality.
D. The right to peaceful existence is a basic right recognized by Article 10 and Article 37, Paragraph 1 of the Constitution, and is the right to request the state to allow one to live peacefully without being forced into a war of aggression.
"
612,PSAT_20_20,,"다음은 한국사회의 법에 대한 문제이다.
신체의 자유에 대한 설명으로 옳지 않은 것은? (다툼이 있는 경우 판례에 의함)","['A. 헌법은 동일한 범죄에 대하여 거듭 처벌받지 않는다고 하고 있는데, 여기서 말하는 처벌은 국가가 행하는 일체의 제재나 불이익처분을 모두 포함하는 것이다.', 'B. 모든 국민은 고문을 받지 아니하며, 형사상 자기에게 불리한 진술을 강요당하지 아니한다.', 'C. 체포ㆍ구속ㆍ압수 또는 수색을 할 때에는 적법한 절차에 따라 검사의 신청에 의하여 법관이 발부한 영장을 제시하여야 한다.', 'D. 체포 또는 구속을 당한 자의 가족 등 법률이 정하는 자에게는 그 이유와 일시ㆍ장소가 지체없이 통지되어야 한다.']",A,"A. 헌법은 동일한 범죄에 대하여 거듭 처벌받지 않는다고 하고 있는데, 여기서 말하는 처벌은 국가가 행하는 일체의 제재나 불이익처분을 모두 포함하는 것이다.
B. 모든 국민은 고문을 받지 아니하며, 형사상 자기에게 불리한 진술을 강요당하지 아니한다.
C. 체포ㆍ구속ㆍ압수 또는 수색을 할 때에는 적법한 절차에 따라 검사의 신청에 의하여 법관이 발부한 영장을 제시하여야 한다.
D. 체포 또는 구속을 당한 자의 가족 등 법률이 정하는 자에게는 그 이유와 일시ㆍ장소가 지체없이 통지되어야 한다.
","다음은 한국사회의 법에 대한 문제이다.
신체의 자유에 대한 설명으로 옳지 않은 것은? (다툼이 있는 경우 판례에 의함)
A. 헌법은 동일한 범죄에 대하여 거듭 처벌받지 않는다고 하고 있는데, 여기서 말하는 처벌은 국가가 행하는 일체의 제재나 불이익처분을 모두 포함하는 것이다.
B. 모든 국민은 고문을 받지 아니하며, 형사상 자기에게 불리한 진술을 강요당하지 아니한다.
C. 체포ㆍ구속ㆍ압수 또는 수색을 할 때에는 적법한 절차에 따라 검사의 신청에 의하여 법관이 발부한 영장을 제시하여야 한다.
D. 체포 또는 구속을 당한 자의 가족 등 법률이 정하는 자에게는 그 이유와 일시ㆍ장소가 지체없이 통지되어야 한다.
","Next is the issue of law in Korean society.
Which of the following is not correct regarding physical freedom? (In case of dispute, according to precedent)
A. The Constitution states that a person shall not be punished repeatedly for the same crime, and the punishment referred to here includes all sanctions or disadvantageous measures imposed by the state.
B. No citizen shall be tortured or forced to make a criminal statement against him.
C. When arresting, detaining, confiscating, or searching, a warrant issued by a judge must be presented at the request of a prosecutor in accordance with legal procedures.
D. Persons specified by law, such as family members of the person arrested or detained, must be notified without delay of the reason, time, and location.
"
613,PSAT_20_21,,"다음은 한국사회의 법에 대한 문제이다.
대통령의 국가긴급권에 대한 설명으로 옳지 않은 것은? (다툼이 있는 경우 판례에 의함)","['A. 대통령은 국가의 안위에 관계되는 중대한 교전상태에 있어서 국가를 보위하기 위하여 긴급한 조치가 필요하고 국회의 집회를 기다릴 여유가 없는 때에 한하여 법률의 효력을 가지는 명령을 발할 수 있다.', 'B. 대통령은 긴급명령을 한 때에는 지체없이 국회에 보고하여 그 승인을 얻어야 한다.', 'C. 대통령이 긴급명령을 발하기 위해서는 국무회의의 심의를 거쳐야 한다.', 'D. 대통령의 긴급재정경제명령은 국가긴급권의 일종으로서 고도의 정치적 결단에 의하여 발동되는 행위이고 그 결단을 존중하여야 할 필요성이 있는 행위라는 의미에서 통치행위에 속한다.']",A,"A. 대통령은 국가의 안위에 관계되는 중대한 교전상태에 있어서 국가를 보위하기 위하여 긴급한 조치가 필요하고 국회의 집회를 기다릴 여유가 없는 때에 한하여 법률의 효력을 가지는 명령을 발할 수 있다.
B. 대통령은 긴급명령을 한 때에는 지체없이 국회에 보고하여 그 승인을 얻어야 한다.
C. 대통령이 긴급명령을 발하기 위해서는 국무회의의 심의를 거쳐야 한다.
D. 대통령의 긴급재정경제명령은 국가긴급권의 일종으로서 고도의 정치적 결단에 의하여 발동되는 행위이고 그 결단을 존중하여야 할 필요성이 있는 행위라는 의미에서 통치행위에 속한다.
","다음은 한국사회의 법에 대한 문제이다.
대통령의 국가긴급권에 대한 설명으로 옳지 않은 것은? (다툼이 있는 경우 판례에 의함)
A. 대통령은 국가의 안위에 관계되는 중대한 교전상태에 있어서 국가를 보위하기 위하여 긴급한 조치가 필요하고 국회의 집회를 기다릴 여유가 없는 때에 한하여 법률의 효력을 가지는 명령을 발할 수 있다.
B. 대통령은 긴급명령을 한 때에는 지체없이 국회에 보고하여 그 승인을 얻어야 한다.
C. 대통령이 긴급명령을 발하기 위해서는 국무회의의 심의를 거쳐야 한다.
D. 대통령의 긴급재정경제명령은 국가긴급권의 일종으로서 고도의 정치적 결단에 의하여 발동되는 행위이고 그 결단을 존중하여야 할 필요성이 있는 행위라는 의미에서 통치행위에 속한다.
","Next is the issue of law in Korean society.
Which of the following is incorrect regarding the president's national emergency powers? (In case of dispute, according to precedent)
A. The President may issue an order having the force of law only when urgent measures are needed to defend the nation in a state of serious war affecting the national security and there is no time to wait for a meeting of the National Assembly.
B. When the President issues an emergency order, he must report it to the National Assembly without delay and obtain approval.
C. In order for the President to issue an emergency order, it must be reviewed by the State Council.
D. The President's emergency fiscal and economic order is a type of national emergency power and is an act of governance in the sense that it is an act that is triggered by a high-level political decision and that there is a need to respect that decision.
"
614,PSAT_20_22,,"다음은 한국사회의 법에 대한 문제이다.
국회의 재정권한에 대한 설명으로 옳지 않은 것은? (다툼이 있는 경우 판례에 의함)","['A. 어떤 공적 과제에 관한 재정을 조달할 경우 조세와 부담금 중 어느 형식을 이용할 것인지를 입법자가 자유롭게 선택해서는 안 된다.', 'B. 예산총계주의는 국가재정의 모든 수지를 예산에 반영함으로써 그 전체를 분명하게 하고 국회와 국민에 의한 재정상의 감독을 용이하게 하려는 것이다.', 'C. 예산은 일종의 법규범이고 법률과 마찬가지로 국회의 의결을 거쳐 제정되고 국가기관과 일반국민을 모두 구속하므로, 국회의 예산안 의결은 헌법소원의 대상이 된다.', 'D. 국회는 정부의 동의없이 정부가 제출한 지출예산 각항의 금액을 증가하거나 새 비목을 설치할 수 없다.']",C,"A. 어떤 공적 과제에 관한 재정을 조달할 경우 조세와 부담금 중 어느 형식을 이용할 것인지를 입법자가 자유롭게 선택해서는 안 된다.
B. 예산총계주의는 국가재정의 모든 수지를 예산에 반영함으로써 그 전체를 분명하게 하고 국회와 국민에 의한 재정상의 감독을 용이하게 하려는 것이다.
C. 예산은 일종의 법규범이고 법률과 마찬가지로 국회의 의결을 거쳐 제정되고 국가기관과 일반국민을 모두 구속하므로, 국회의 예산안 의결은 헌법소원의 대상이 된다.
D. 국회는 정부의 동의없이 정부가 제출한 지출예산 각항의 금액을 증가하거나 새 비목을 설치할 수 없다.
","다음은 한국사회의 법에 대한 문제이다.
국회의 재정권한에 대한 설명으로 옳지 않은 것은? (다툼이 있는 경우 판례에 의함)
A. 어떤 공적 과제에 관한 재정을 조달할 경우 조세와 부담금 중 어느 형식을 이용할 것인지를 입법자가 자유롭게 선택해서는 안 된다.
B. 예산총계주의는 국가재정의 모든 수지를 예산에 반영함으로써 그 전체를 분명하게 하고 국회와 국민에 의한 재정상의 감독을 용이하게 하려는 것이다.
C. 예산은 일종의 법규범이고 법률과 마찬가지로 국회의 의결을 거쳐 제정되고 국가기관과 일반국민을 모두 구속하므로, 국회의 예산안 의결은 헌법소원의 대상이 된다.
D. 국회는 정부의 동의없이 정부가 제출한 지출예산 각항의 금액을 증가하거나 새 비목을 설치할 수 없다.
","Next is the issue of law in Korean society.
Which of the following is incorrect regarding the fiscal authority of the National Assembly? (In case of dispute, according to precedent)
A. When financing a public project, legislators should not be free to choose which form of tax or levy to use.
B. Total budgetism is intended to clarify the overall balance of national finances by reflecting them in the budget and to facilitate financial supervision by the National Assembly and the people.
C. The budget is a type of legal norm, and like laws, it is enacted through the resolution of the National Assembly and binds both state agencies and the general public, so the National Assembly's resolution of the budget is subject to constitutional appeal.
D. The National Assembly cannot increase the amount of each item of the expenditure budget submitted by the government or establish new expenses without the consent of the government.
"
615,PSAT_20_23,,"다음은 한국사회의 법에 대한 문제이다.
대통령선거에 대한 설명으로 옳지 않은 것은?","['A. 대통령후보자가 1인일 때에는 그 득표수가 선거권자 총수의 3분의 1 이상이 아니면 대통령으로 당선될 수 없다.', 'B. 대통령으로 선거될 수 있는 자는 국회의원의 피선거권이 있고 선거일 현재 45세에 달하여야 한다.', 'C. 헌법은 대통령의 임기가 만료되는 때에는 임기만료 70일 내지 40일 전에 후임자를 선거한다고 규정하고 있다.', 'D. 대통령이 궐위된 때 또는 대통령 당선자가 사망하거나 판결 기타의 사유로 그 자격을 상실한 때에는 60일 이내에 후임자를 선거한다.']",B,"A. 대통령후보자가 1인일 때에는 그 득표수가 선거권자 총수의 3분의 1 이상이 아니면 대통령으로 당선될 수 없다.
B. 대통령으로 선거될 수 있는 자는 국회의원의 피선거권이 있고 선거일 현재 45세에 달하여야 한다.
C. 헌법은 대통령의 임기가 만료되는 때에는 임기만료 70일 내지 40일 전에 후임자를 선거한다고 규정하고 있다.
D. 대통령이 궐위된 때 또는 대통령 당선자가 사망하거나 판결 기타의 사유로 그 자격을 상실한 때에는 60일 이내에 후임자를 선거한다.
","다음은 한국사회의 법에 대한 문제이다.
대통령선거에 대한 설명으로 옳지 않은 것은?
A. 대통령후보자가 1인일 때에는 그 득표수가 선거권자 총수의 3분의 1 이상이 아니면 대통령으로 당선될 수 없다.
B. 대통령으로 선거될 수 있는 자는 국회의원의 피선거권이 있고 선거일 현재 45세에 달하여야 한다.
C. 헌법은 대통령의 임기가 만료되는 때에는 임기만료 70일 내지 40일 전에 후임자를 선거한다고 규정하고 있다.
D. 대통령이 궐위된 때 또는 대통령 당선자가 사망하거나 판결 기타의 사유로 그 자격을 상실한 때에는 60일 이내에 후임자를 선거한다.
","Next is the issue of law in Korean society.
Which of the following is not an accurate explanation of the presidential election?
A. When there is only one presidential candidate, he cannot be elected as president unless the number of votes received is more than one-third of the total number of voters.
B. A person who can be elected as president must have the right to be elected as a member of the National Assembly and must be 45 years old as of the election date.
C. The Constitution stipulates that when the president's term expires, a successor is elected 70 to 40 days before the expiration of the term.
D. When there is a vacancy in the presidency or when the president-elect dies or loses his/her qualifications due to judgment or other reasons, a successor is elected within 60 days.
"
616,PSAT_20_24,,"다음은 한국사회의 법에 대한 문제이다.
헌법개정에 대한 설명으로 옳지 않은 것은?","['A. 헌법개정은 국회재적의원 3분의 1 이상 또는 대통령의 발의로 제안된다.', 'B. 대통령의 임기연장 또는 중임변경을 위한 헌법개정은 그 헌법개정 제안 당시의 대통령에 대하여는 효력이 없다.', 'C. 국회는 헌법개정안이 공고된 날로부터 60일 이내에 의결하여야 하며, 국회의 의결은 재적의원 3분의 2 이상의 찬성을 얻어야 한다.', 'D. 헌법개정안은 국회가 의결한 후 30일 이내에 국민투표에 붙여 국회의원선거권자 과반수의 투표와 투표자 과반수의 찬성을 얻어야 한다.']",A,"A. 헌법개정은 국회재적의원 3분의 1 이상 또는 대통령의 발의로 제안된다.
B. 대통령의 임기연장 또는 중임변경을 위한 헌법개정은 그 헌법개정 제안 당시의 대통령에 대하여는 효력이 없다.
C. 국회는 헌법개정안이 공고된 날로부터 60일 이내에 의결하여야 하며, 국회의 의결은 재적의원 3분의 2 이상의 찬성을 얻어야 한다.
D. 헌법개정안은 국회가 의결한 후 30일 이내에 국민투표에 붙여 국회의원선거권자 과반수의 투표와 투표자 과반수의 찬성을 얻어야 한다.
","다음은 한국사회의 법에 대한 문제이다.
헌법개정에 대한 설명으로 옳지 않은 것은?
A. 헌법개정은 국회재적의원 3분의 1 이상 또는 대통령의 발의로 제안된다.
B. 대통령의 임기연장 또는 중임변경을 위한 헌법개정은 그 헌법개정 제안 당시의 대통령에 대하여는 효력이 없다.
C. 국회는 헌법개정안이 공고된 날로부터 60일 이내에 의결하여야 하며, 국회의 의결은 재적의원 3분의 2 이상의 찬성을 얻어야 한다.
D. 헌법개정안은 국회가 의결한 후 30일 이내에 국민투표에 붙여 국회의원선거권자 과반수의 투표와 투표자 과반수의 찬성을 얻어야 한다.
","Next is the issue of law in Korean society.
Which of the following is incorrect regarding the constitutional amendment?
A. Constitutional amendments are proposed by the motion of more than one-third of the members of the National Assembly or the President.
B. Constitutional amendments to extend the President's term of office or change his/her term of office have no effect on the President at the time of the proposed constitutional amendment.
C. The National Assembly must pass a resolution on the constitutional amendment within 60 days from the date it is announced, and the resolution of the National Assembly must receive the approval of more than two-thirds of the registered members.
D. The constitutional amendment must be submitted to a national referendum within 30 days after resolution by the National Assembly and must be approved by a majority of voters eligible to vote in the National Assembly.
"
617,PSAT_20_25,,"다음은 한국사회의 법에 대한 문제이다.
국회의장과 부의장에 대한 설명으로 옳지 않은 것은?","['A. 국회의장과 부의장은 국회의 동의를 받아 그 직을 사임할 수 있다.', 'B. 국회의장과 부의장은 특별히 법률로 정한 경우를 제외하고는 국회의원 외의 직을 겸할 수 없다.', 'C. 국회의원이 국회의장 또는 부의장으로 당선된 때에는 당선된 다음 날부터 국회의장 또는 부의장으로 재직하는 동안은 당적을 가질 수 없다.', 'D. 국회의장은 위원회에 출석하여 발언할 수 있으나 표결에는 참가할 수 없다.']",C,"A. 국회의장과 부의장은 국회의 동의를 받아 그 직을 사임할 수 있다.
B. 국회의장과 부의장은 특별히 법률로 정한 경우를 제외하고는 국회의원 외의 직을 겸할 수 없다.
C. 국회의원이 국회의장 또는 부의장으로 당선된 때에는 당선된 다음 날부터 국회의장 또는 부의장으로 재직하는 동안은 당적을 가질 수 없다.
D. 국회의장은 위원회에 출석하여 발언할 수 있으나 표결에는 참가할 수 없다.
","다음은 한국사회의 법에 대한 문제이다.
국회의장과 부의장에 대한 설명으로 옳지 않은 것은?
A. 국회의장과 부의장은 국회의 동의를 받아 그 직을 사임할 수 있다.
B. 국회의장과 부의장은 특별히 법률로 정한 경우를 제외하고는 국회의원 외의 직을 겸할 수 없다.
C. 국회의원이 국회의장 또는 부의장으로 당선된 때에는 당선된 다음 날부터 국회의장 또는 부의장으로 재직하는 동안은 당적을 가질 수 없다.
D. 국회의장은 위원회에 출석하여 발언할 수 있으나 표결에는 참가할 수 없다.
","Next is the issue of law in Korean society.
Which of the following is incorrect regarding the Speaker and Vice-Chairman of the National Assembly?
A. The Speaker and Vice-Chairman of the National Assembly may resign from their positions with the consent of the National Assembly.
B. The Speaker and Vice-Chairman of the National Assembly cannot concurrently hold positions other than those of the National Assembly, except in cases specifically provided for by law.
C. When a member of the National Assembly is elected as the Speaker or Vice-Speaker of the National Assembly, he/she cannot have party affiliation from the day after he/she is elected and while he/she is serving as the Speaker or Vice-Speaker of the National Assembly.
D. The Speaker of the National Assembly may attend the committee and speak, but cannot participate in voting.
"
618,PSAT_21_1,,"다음은 한국사회의 법에 대한 문제이다.
헌법전문(前文)에 대한 설명으로 옳지 않은 것은? (다툼이 있는 경우 판례에 의함)","['A. 우리 헌법은 전문에서 모든 사회적 폐습과 불의를 타파한다고 규정하고 있다.', ""B. '헌법전문에 기재된 3/1정신'은 우리나라 헌법의 연혁적ㆍ이념적 기초로서 헌법이나 법률해석에서의 해석기준으로 작용한다고 할 수 있지만, 그에 기하여 곧바로 국민의 개별적 기본권성을 도출해낼 수는 없다."", 'C. 국가는 일제로부터 조국의 자주독립을 위하여 공헌한 독립유공자와 그 유족에 대하여 응분의 예우를 하여야 할 법률상의 의무를 지닐 뿐 헌법적 의무를 지닌다고 보기는 어렵다.', 'D. 일제강점기에 일본군위안부로 강제 동원되어 인간의 존엄과 가치가 말살된 상태에서 장기간 비극적인 삶을 영위하였던 피해자들의 훼손된 인간의 존엄과 가치를 회복시켜야 할 의무는 대한민국임시정부의 법통을 계승한 지금의 정부가 국민에 대하여 부담하는 가장 근본적인 보호의무에 속한다.']",C,"A. 우리 헌법은 전문에서 모든 사회적 폐습과 불의를 타파한다고 규정하고 있다.
B. '헌법전문에 기재된 3/1정신'은 우리나라 헌법의 연혁적ㆍ이념적 기초로서 헌법이나 법률해석에서의 해석기준으로 작용한다고 할 수 있지만, 그에 기하여 곧바로 국민의 개별적 기본권성을 도출해낼 수는 없다.
C. 국가는 일제로부터 조국의 자주독립을 위하여 공헌한 독립유공자와 그 유족에 대하여 응분의 예우를 하여야 할 법률상의 의무를 지닐 뿐 헌법적 의무를 지닌다고 보기는 어렵다.
D. 일제강점기에 일본군위안부로 강제 동원되어 인간의 존엄과 가치가 말살된 상태에서 장기간 비극적인 삶을 영위하였던 피해자들의 훼손된 인간의 존엄과 가치를 회복시켜야 할 의무는 대한민국임시정부의 법통을 계승한 지금의 정부가 국민에 대하여 부담하는 가장 근본적인 보호의무에 속한다.
","다음은 한국사회의 법에 대한 문제이다.
헌법전문(前文)에 대한 설명으로 옳지 않은 것은? (다툼이 있는 경우 판례에 의함)
A. 우리 헌법은 전문에서 모든 사회적 폐습과 불의를 타파한다고 규정하고 있다.
B. '헌법전문에 기재된 3/1정신'은 우리나라 헌법의 연혁적ㆍ이념적 기초로서 헌법이나 법률해석에서의 해석기준으로 작용한다고 할 수 있지만, 그에 기하여 곧바로 국민의 개별적 기본권성을 도출해낼 수는 없다.
C. 국가는 일제로부터 조국의 자주독립을 위하여 공헌한 독립유공자와 그 유족에 대하여 응분의 예우를 하여야 할 법률상의 의무를 지닐 뿐 헌법적 의무를 지닌다고 보기는 어렵다.
D. 일제강점기에 일본군위안부로 강제 동원되어 인간의 존엄과 가치가 말살된 상태에서 장기간 비극적인 삶을 영위하였던 피해자들의 훼손된 인간의 존엄과 가치를 회복시켜야 할 의무는 대한민국임시정부의 법통을 계승한 지금의 정부가 국민에 대하여 부담하는 가장 근본적인 보호의무에 속한다.
","Next is the issue of law in Korean society.
Which of the following is incorrect regarding the preamble to the Constitution? (In case of dispute, according to precedent)
A. Our Constitution stipulates in its preamble that all social practices and injustices will be eradicated.
B. The 'Spirit of 3/1' stated in the Preamble to the Constitution can be said to serve as an interpretive standard in the interpretation of the Constitution or laws as the historical and ideological basis of our country's Constitution, but it cannot directly derive the individual fundamental rights of citizens based on it. does not exist.
C. The state only has a legal obligation to give due respect to independence activists and their surviving families who contributed to the country's independence from Japanese colonial rule, but it is difficult to say that it has a constitutional obligation.
D. The obligation to restore the damaged human dignity and value of the victims who were forcibly mobilized as comfort women for the Japanese military during the Japanese colonial period and led a long, tragic life with their human dignity and value obliterated is a duty inherited from the legal tradition of the Provisional Government of the Republic of Korea. It is one of the most fundamental protective duties that the current government owes to its citizens.
"
619,PSAT_21_2,,"다음은 한국사회의 법에 대한 문제이다.
형사보상청구권에 대한 설명으로 옳은 것은?","['A. 보상청구는 무죄재판을 한 법원의 상급법원에 대하여 하여야 한다.', 'B. 보상을 청구하는 경우에는 국가배상을 청구할 수 없다.', 'C. 보상청구는 무죄재판이 확정된 사실을 안 날부터 3년, 무죄재판이 확정된 때부터 5년 이내에 하여야 한다.', 'D. 보상청구는 대리인을 통하여 할 수 없다.']",C,"A. 보상청구는 무죄재판을 한 법원의 상급법원에 대하여 하여야 한다.
B. 보상을 청구하는 경우에는 국가배상을 청구할 수 없다.
C. 보상청구는 무죄재판이 확정된 사실을 안 날부터 3년, 무죄재판이 확정된 때부터 5년 이내에 하여야 한다.
D. 보상청구는 대리인을 통하여 할 수 없다.
","다음은 한국사회의 법에 대한 문제이다.
형사보상청구권에 대한 설명으로 옳은 것은?
A. 보상청구는 무죄재판을 한 법원의 상급법원에 대하여 하여야 한다.
B. 보상을 청구하는 경우에는 국가배상을 청구할 수 없다.
C. 보상청구는 무죄재판이 확정된 사실을 안 날부터 3년, 무죄재판이 확정된 때부터 5년 이내에 하여야 한다.
D. 보상청구는 대리인을 통하여 할 수 없다.
","Next is the issue of law in Korean society.
Which of the following is correct regarding the right to claim criminal compensation?
A. Claims for compensation must be made to the superior court of the court that acquitted the person.
B. If compensation is claimed, national compensation cannot be claimed.
C. Claims for compensation must be made within 3 years from the date of learning of the fact that the acquittal was confirmed, and within 5 years from the time the acquittal was confirmed.
D. Claims for compensation cannot be made through an agent.
"
620,PSAT_21_3,,"다음은 한국사회의 법에 대한 문제이다.
법인의 기본권 주체성에 대한 설명으로 옳지 않은 것은? (다툼이 있는 경우 판례에 의함)","['A. 본래 자연인에게 적용되는 기본권 규정이라도 성질상 법인이 누릴 수 있는 기본권은 당연히 법인에게도 적용하여야 한다.', 'B. 법인도 법인의 목적과 사회적 기능에 비추어 볼 때 그 성질에 반하지 않는 범위 내에서 인격권의 한 내용인 사회적 신용이나 명예 등의 주체가 될 수 있다.', ""C. 국립서울대학교는 공권력 행사의 주체인 공법인으로서 기본권의 '수범자'이므로 기본권의 주체가 될 수는 없다."", 'D. 법인 아닌 사단ㆍ재단이라고 하더라도 대표자의 정함이 있고 독립된 사회적 조직체로서 활동하는 때에는 성질상 법인이 누릴 수 있는 기본권을 침해당하게 되면 법인 아닌 사단ㆍ재단의 이름으로 헌법소원심판을 청구할 수 있다.']",C,"A. 본래 자연인에게 적용되는 기본권 규정이라도 성질상 법인이 누릴 수 있는 기본권은 당연히 법인에게도 적용하여야 한다.
B. 법인도 법인의 목적과 사회적 기능에 비추어 볼 때 그 성질에 반하지 않는 범위 내에서 인격권의 한 내용인 사회적 신용이나 명예 등의 주체가 될 수 있다.
C. 국립서울대학교는 공권력 행사의 주체인 공법인으로서 기본권의 '수범자'이므로 기본권의 주체가 될 수는 없다.
D. 법인 아닌 사단ㆍ재단이라고 하더라도 대표자의 정함이 있고 독립된 사회적 조직체로서 활동하는 때에는 성질상 법인이 누릴 수 있는 기본권을 침해당하게 되면 법인 아닌 사단ㆍ재단의 이름으로 헌법소원심판을 청구할 수 있다.
","다음은 한국사회의 법에 대한 문제이다.
법인의 기본권 주체성에 대한 설명으로 옳지 않은 것은? (다툼이 있는 경우 판례에 의함)
A. 본래 자연인에게 적용되는 기본권 규정이라도 성질상 법인이 누릴 수 있는 기본권은 당연히 법인에게도 적용하여야 한다.
B. 법인도 법인의 목적과 사회적 기능에 비추어 볼 때 그 성질에 반하지 않는 범위 내에서 인격권의 한 내용인 사회적 신용이나 명예 등의 주체가 될 수 있다.
C. 국립서울대학교는 공권력 행사의 주체인 공법인으로서 기본권의 '수범자'이므로 기본권의 주체가 될 수는 없다.
D. 법인 아닌 사단ㆍ재단이라고 하더라도 대표자의 정함이 있고 독립된 사회적 조직체로서 활동하는 때에는 성질상 법인이 누릴 수 있는 기본권을 침해당하게 되면 법인 아닌 사단ㆍ재단의 이름으로 헌법소원심판을 청구할 수 있다.
","Next is the issue of law in Korean society.
Which of the following is incorrect regarding the fundamental rights of corporations? (In case of dispute, according to precedent)
A. Even if the basic rights provisions originally apply to natural persons, the basic rights that corporations can enjoy due to their nature must also be applied to corporations.
B. In light of the purpose and social function of the corporation, a corporation can also be the subject of social credit or honor, which is a part of personality rights, to the extent that it does not conflict with its nature.
C. Seoul National University is a public corporation that exercises public power and is a 'observer' of fundamental rights, so it cannot be the subject of fundamental rights.
D. Even if it is an unincorporated association or foundation, when it has a designated representative and operates as an independent social organization, if the basic rights that a corporation can enjoy due to its nature are violated, a constitutional appeal can be filed in the name of the unincorporated association or foundation.
"
621,PSAT_21_5,,"다음은 한국사회의 법에 대한 문제이다.
신체의 자유에 대한 설명으로 옳지 않은 것은? (다툼이 있는 경우 판례에 의함)","['A. 검찰수사관이 정당한 사유없이 피의자신문에 참여한 변호인에게 피의자 후방에 앉으라고 요구한 행위는 변호인의 변호권을 침해하는 것이다.', 'B. 외국에서 실제로 형의 집행을 받았음에도 불구하고 우리 형법에 의한 처벌 시 이를 전혀 고려하지 않더라도 과도한 제한이라고 할 수 없으므로 신체의 자유를 침해하지 아니한다.', 'C. 현행범인인 경우와 장기 3년 이상의 형에 해당하는 죄를 범하고 도피 또는 증거인멸의 염려가 있을 때에는 사후에 영장을 청구할 수 있다.', ""D. 헌법 제12조제4항 본문에 규정된 '구속'은 사법절차에서 이루어진 구속뿐 아니라, 행정절차에서 이루어진 구속까지 포함한다.""]",B,"A. 검찰수사관이 정당한 사유없이 피의자신문에 참여한 변호인에게 피의자 후방에 앉으라고 요구한 행위는 변호인의 변호권을 침해하는 것이다.
B. 외국에서 실제로 형의 집행을 받았음에도 불구하고 우리 형법에 의한 처벌 시 이를 전혀 고려하지 않더라도 과도한 제한이라고 할 수 없으므로 신체의 자유를 침해하지 아니한다.
C. 현행범인인 경우와 장기 3년 이상의 형에 해당하는 죄를 범하고 도피 또는 증거인멸의 염려가 있을 때에는 사후에 영장을 청구할 수 있다.
D. 헌법 제12조제4항 본문에 규정된 '구속'은 사법절차에서 이루어진 구속뿐 아니라, 행정절차에서 이루어진 구속까지 포함한다.
","다음은 한국사회의 법에 대한 문제이다.
신체의 자유에 대한 설명으로 옳지 않은 것은? (다툼이 있는 경우 판례에 의함)
A. 검찰수사관이 정당한 사유없이 피의자신문에 참여한 변호인에게 피의자 후방에 앉으라고 요구한 행위는 변호인의 변호권을 침해하는 것이다.
B. 외국에서 실제로 형의 집행을 받았음에도 불구하고 우리 형법에 의한 처벌 시 이를 전혀 고려하지 않더라도 과도한 제한이라고 할 수 없으므로 신체의 자유를 침해하지 아니한다.
C. 현행범인인 경우와 장기 3년 이상의 형에 해당하는 죄를 범하고 도피 또는 증거인멸의 염려가 있을 때에는 사후에 영장을 청구할 수 있다.
D. 헌법 제12조제4항 본문에 규정된 '구속'은 사법절차에서 이루어진 구속뿐 아니라, 행정절차에서 이루어진 구속까지 포함한다.
","Next is the issue of law in Korean society.
Which of the following is not correct regarding physical freedom? (In case of dispute, according to precedent)
A. The act of a prosecutor's investigator requesting a lawyer who participated in the interrogation of a suspect to sit behind the suspect without justifiable cause is a violation of the lawyer's right to defense.
B. Even though the sentence was actually executed in a foreign country and this is not taken into consideration at all when punishing under our criminal law, it cannot be said to be an excessive restriction, so it does not infringe on personal freedom.
C. In the case of an active criminal or a person who has committed a crime punishable by a sentence of 3 years or more and there is a risk of escape or destruction of evidence, a warrant may be requested after the fact.
D. 'Arrest' as stipulated in the main text of Article 12, Paragraph 4 of the Constitution includes not only arrests made in judicial proceedings but also arrests made in administrative proceedings.
"
622,PSAT_21_6,,"다음은 한국사회의 법에 대한 문제이다.
기본권 보호의무에 대한 설명으로 옳지 않은 것은? (다툼이 있는 경우 판례에 의함)","['A. 국가의 기본권 보호의무는 기본권적 법익을 기본권 주체인 사인에 의한 위법한 침해 또는 침해의 위험으로부터 보호해야 하는 국가의 의무로서 주로 사인인 제3자에 의한 개인의 생명이나 신체의 훼손에서 문제된다.', 'B. 국가가 기본권 보호의무를 어떻게 실현할 것인지는 입법자의 책임범위에 속하는 것으로서 보호의무 이행을 위한 행위의 형식에 관하여도 폭넓은 형성의 자유가 인정되고, 반드시 법령에 의하여야 하는 것은 아니다.', 'C. 공직선거법이 선거운동을 위해 확성장치를 사용할 수 있는 기간과 장소, 시간, 사용 개수 등을 규정하고 있는 이상, 확성장치의 소음 규제기준을 정하지 않았다고 하여 기본권 보호의무를 과소하게 이행하였다고 볼 수는 없다.', 'D. 국가가 국민의 법익을 보호하기 위하여 아무런 보호조치를 취하지 않았든지 아니면 취한 조치가 법익을 보호하기에 명백하게 부적합하거나 불충분한 경우에 한하여 국가의 보호의무의 위반을 확인할 수 있다.']",C,"A. 국가의 기본권 보호의무는 기본권적 법익을 기본권 주체인 사인에 의한 위법한 침해 또는 침해의 위험으로부터 보호해야 하는 국가의 의무로서 주로 사인인 제3자에 의한 개인의 생명이나 신체의 훼손에서 문제된다.
B. 국가가 기본권 보호의무를 어떻게 실현할 것인지는 입법자의 책임범위에 속하는 것으로서 보호의무 이행을 위한 행위의 형식에 관하여도 폭넓은 형성의 자유가 인정되고, 반드시 법령에 의하여야 하는 것은 아니다.
C. 공직선거법이 선거운동을 위해 확성장치를 사용할 수 있는 기간과 장소, 시간, 사용 개수 등을 규정하고 있는 이상, 확성장치의 소음 규제기준을 정하지 않았다고 하여 기본권 보호의무를 과소하게 이행하였다고 볼 수는 없다.
D. 국가가 국민의 법익을 보호하기 위하여 아무런 보호조치를 취하지 않았든지 아니면 취한 조치가 법익을 보호하기에 명백하게 부적합하거나 불충분한 경우에 한하여 국가의 보호의무의 위반을 확인할 수 있다.
","다음은 한국사회의 법에 대한 문제이다.
기본권 보호의무에 대한 설명으로 옳지 않은 것은? (다툼이 있는 경우 판례에 의함)
A. 국가의 기본권 보호의무는 기본권적 법익을 기본권 주체인 사인에 의한 위법한 침해 또는 침해의 위험으로부터 보호해야 하는 국가의 의무로서 주로 사인인 제3자에 의한 개인의 생명이나 신체의 훼손에서 문제된다.
B. 국가가 기본권 보호의무를 어떻게 실현할 것인지는 입법자의 책임범위에 속하는 것으로서 보호의무 이행을 위한 행위의 형식에 관하여도 폭넓은 형성의 자유가 인정되고, 반드시 법령에 의하여야 하는 것은 아니다.
C. 공직선거법이 선거운동을 위해 확성장치를 사용할 수 있는 기간과 장소, 시간, 사용 개수 등을 규정하고 있는 이상, 확성장치의 소음 규제기준을 정하지 않았다고 하여 기본권 보호의무를 과소하게 이행하였다고 볼 수는 없다.
D. 국가가 국민의 법익을 보호하기 위하여 아무런 보호조치를 취하지 않았든지 아니면 취한 조치가 법익을 보호하기에 명백하게 부적합하거나 불충분한 경우에 한하여 국가의 보호의무의 위반을 확인할 수 있다.
","Next is the issue of law in Korean society.
Which of the following is incorrect regarding the obligation to protect basic rights? (In case of dispute, according to precedent)
A. The state's duty to protect fundamental rights is the state's duty to protect fundamental rights and legal interests from illegal infringement or the risk of infringement by private parties who are the subject of fundamental rights. This is mainly a problem in damage to the life or body of an individual by a third party who is a private person. do.
B. How the state realizes its obligation to protect basic rights falls within the scope of responsibility of the legislator, and a wide freedom of formation is recognized regarding the form of action to fulfill the obligation to protect, and it does not necessarily have to be based on laws.
C. Since the Public Official Election Act stipulates the period, place, time, number of loudspeakers used, etc. for election campaigns, the failure to set noise regulation standards for loudspeakers can be seen as insufficiently fulfilling the obligation to protect basic rights. There is no
D. A violation of the state's duty of protection can be confirmed only when the state has not taken any protective measures to protect the legal interests of citizens or when the measures taken are clearly inappropriate or insufficient to protect the legal interests.
"
623,PSAT_21_7,,"다음은 한국사회의 법에 대한 문제이다.
보건에 관한 권리에 대한 설명으로 옳지 않은 것은? (다툼이 있는 경우 판례에 의함)","['A. 모든 국민은 보건에 관하여 국가의 보호를 받는다.', 'B. 국가는 국민의 건강을 소극적으로 침해하여서는 아니 될 의무를 부담하는 것에서 한 걸음 더 나아가 적극적으로 국민의 보건을 위한 정책을 수립하고 시행하여야 할 의무를 부담한다.', 'C. 헌법 제10조, 제36조제3항에 따라 국가는 국민의 생명신체의 안전이 위협받거나 받게 될 우려가 있는 경우 국민의 생명신체의 안전을 보호하기에 필요한 적절하고 효율적인 조치를 취하여 그 침해의 위험을 방지하고 이를 유지할 포괄적 의무를 진다.', 'D. 국민의 보건에 관한 권리는 국민이 자신의 건강을 유지하는데 필요한 국가적 급부와 배려까지 요구할 수 있는 권리를 포함하는 것은 아니다.']",D,"A. 모든 국민은 보건에 관하여 국가의 보호를 받는다.
B. 국가는 국민의 건강을 소극적으로 침해하여서는 아니 될 의무를 부담하는 것에서 한 걸음 더 나아가 적극적으로 국민의 보건을 위한 정책을 수립하고 시행하여야 할 의무를 부담한다.
C. 헌법 제10조, 제36조제3항에 따라 국가는 국민의 생명신체의 안전이 위협받거나 받게 될 우려가 있는 경우 국민의 생명신체의 안전을 보호하기에 필요한 적절하고 효율적인 조치를 취하여 그 침해의 위험을 방지하고 이를 유지할 포괄적 의무를 진다.
D. 국민의 보건에 관한 권리는 국민이 자신의 건강을 유지하는데 필요한 국가적 급부와 배려까지 요구할 수 있는 권리를 포함하는 것은 아니다.
","다음은 한국사회의 법에 대한 문제이다.
보건에 관한 권리에 대한 설명으로 옳지 않은 것은? (다툼이 있는 경우 판례에 의함)
A. 모든 국민은 보건에 관하여 국가의 보호를 받는다.
B. 국가는 국민의 건강을 소극적으로 침해하여서는 아니 될 의무를 부담하는 것에서 한 걸음 더 나아가 적극적으로 국민의 보건을 위한 정책을 수립하고 시행하여야 할 의무를 부담한다.
C. 헌법 제10조, 제36조제3항에 따라 국가는 국민의 생명신체의 안전이 위협받거나 받게 될 우려가 있는 경우 국민의 생명신체의 안전을 보호하기에 필요한 적절하고 효율적인 조치를 취하여 그 침해의 위험을 방지하고 이를 유지할 포괄적 의무를 진다.
D. 국민의 보건에 관한 권리는 국민이 자신의 건강을 유지하는데 필요한 국가적 급부와 배려까지 요구할 수 있는 권리를 포함하는 것은 아니다.
","Next is the issue of law in Korean society.
Which of the following is incorrect regarding the right to health? (In case of dispute, according to precedent)
A. All citizens are protected by the state regarding their health.
B. The state goes one step further than bearing the obligation not to passively infringe on the health of its citizens, but also bears the obligation to actively establish and implement policies for the health of its citizens.
C. Pursuant to Article 10 and Paragraph 3 of Article 36 of the Constitution, the state shall take appropriate and efficient measures necessary to protect the safety of citizens' lives and bodies when the safety of citizens' lives and bodies is threatened or threatened. We have a comprehensive obligation to prevent and maintain risks.
D. The right to public health does not include the right of citizens to demand government benefits and considerations necessary to maintain their health.
"
624,PSAT_21_8,,"다음은 한국사회의 법에 대한 문제이다.
개인정보자기결정권에 대한 설명으로 옳지 않은 것은? (다툼이 있는 경우 판례에 의함)","['A. 제13조제1항이 과잉금지원칙에 위반되어 정보주체의 개인정보자기결정권을 침해한다고 판시하였다.', ""B. '각급학교 교원의 교원단체 및 교원노조 가입현황 실명자료'를 인터넷을 통하여 일반 대중에게 공개하는 국회의원의 행위는 해당 교원들의 개인정보자기결정권을 침해한다."", 'C. 개인정보자기결정권은 자신에 관한 정보가 언제 누구에게 어느 범위까지 알려지고 또 이용되도록 할 것인지를 그 정보주체가 스스로 결정할 수 있는 권리로서, 헌법 제10조제1문에서 도출되는 일반적 인격권 및 헌법 제17조의 사생활의 비밀과 자유에 의하여 보장된다.', 'D. 수형인등이 재범하지 않고 상당 기간을 경과하는 경우에는 재범의 위험성이 그만큼 줄어든다고 할 것임에도 일률적으로 이들 대상자가 사망할 때까지 디엔에이신원확인정보를 보관하는 것은 과잉금지원칙에 위반하여 수형인등의 개인정보자기결정권을 침해한다.']",D,"A. 제13조제1항이 과잉금지원칙에 위반되어 정보주체의 개인정보자기결정권을 침해한다고 판시하였다.
B. '각급학교 교원의 교원단체 및 교원노조 가입현황 실명자료'를 인터넷을 통하여 일반 대중에게 공개하는 국회의원의 행위는 해당 교원들의 개인정보자기결정권을 침해한다.
C. 개인정보자기결정권은 자신에 관한 정보가 언제 누구에게 어느 범위까지 알려지고 또 이용되도록 할 것인지를 그 정보주체가 스스로 결정할 수 있는 권리로서, 헌법 제10조제1문에서 도출되는 일반적 인격권 및 헌법 제17조의 사생활의 비밀과 자유에 의하여 보장된다.
D. 수형인등이 재범하지 않고 상당 기간을 경과하는 경우에는 재범의 위험성이 그만큼 줄어든다고 할 것임에도 일률적으로 이들 대상자가 사망할 때까지 디엔에이신원확인정보를 보관하는 것은 과잉금지원칙에 위반하여 수형인등의 개인정보자기결정권을 침해한다.
","다음은 한국사회의 법에 대한 문제이다.
개인정보자기결정권에 대한 설명으로 옳지 않은 것은? (다툼이 있는 경우 판례에 의함)
A. 제13조제1항이 과잉금지원칙에 위반되어 정보주체의 개인정보자기결정권을 침해한다고 판시하였다.
B. '각급학교 교원의 교원단체 및 교원노조 가입현황 실명자료'를 인터넷을 통하여 일반 대중에게 공개하는 국회의원의 행위는 해당 교원들의 개인정보자기결정권을 침해한다.
C. 개인정보자기결정권은 자신에 관한 정보가 언제 누구에게 어느 범위까지 알려지고 또 이용되도록 할 것인지를 그 정보주체가 스스로 결정할 수 있는 권리로서, 헌법 제10조제1문에서 도출되는 일반적 인격권 및 헌법 제17조의 사생활의 비밀과 자유에 의하여 보장된다.
D. 수형인등이 재범하지 않고 상당 기간을 경과하는 경우에는 재범의 위험성이 그만큼 줄어든다고 할 것임에도 일률적으로 이들 대상자가 사망할 때까지 디엔에이신원확인정보를 보관하는 것은 과잉금지원칙에 위반하여 수형인등의 개인정보자기결정권을 침해한다.
","Next is the issue of law in Korean society.
Which of the following is not correct regarding the right to self-determination of personal information? (In case of dispute, according to precedent)
A. It was ruled that Article 13, Paragraph 1 violated the principle of prohibition of excess and infringed on the information subject's right to self-determination of personal information.
B. The act of a member of the National Assembly disclosing ‘real-name data on the membership status of teachers’ organizations and teachers’ unions of teachers at each level’ to the general public through the Internet violates the teachers’ right to self-determination of personal information.
C. The right to self-determination of personal information is the right of the information subject to decide for himself when and to whom and to what extent information about him will be known and used, and is a general personality right derived from Article 10, Sentence 1 of the Constitution and the Constitution. It is guaranteed by the confidentiality and freedom of private life in Article 17.
D. Although it is said that if a considerable period of time passes without a convict reoffending, the risk of reoffending decreases accordingly, keeping DNA identification information until the death of these inmates violates the principle of prohibition of excess. Infringes on the right to self-determination of personal information.
"
625,PSAT_21_9,,"다음은 한국사회의 법에 대한 문제이다.
대통령에 대한 설명으로 옳지 않은 것은?","['A. 대통령은 필요하다고 인정할 때에는 국회의 동의를 얻어 외교ㆍ국방ㆍ통일 기타 국가안위에 관한 중요정책을 국민투표에 붙인다.', ""B. 대통령이 재직 중 탄핵결정을 받아 퇴임한 경우 '필요한 기간의 경호 및 경비'를 제외하고는 전직대통령 예우에 관한 법률에 따른 전직대통령으로서의 예우를 하지 아니한다."", 'C. 대통령은 조약을 체결ㆍ비준하고, 외교사절을 신임ㆍ접수 또는 파견하며, 선전포고와 강화를 한다.', 'D. 대통령은 조국의 평화적 통일을 위한 성실한 의무를 지며, 이에 대해 취임에 즈음하여 선서한다.']",A,"A. 대통령은 필요하다고 인정할 때에는 국회의 동의를 얻어 외교ㆍ국방ㆍ통일 기타 국가안위에 관한 중요정책을 국민투표에 붙인다.
B. 대통령이 재직 중 탄핵결정을 받아 퇴임한 경우 '필요한 기간의 경호 및 경비'를 제외하고는 전직대통령 예우에 관한 법률에 따른 전직대통령으로서의 예우를 하지 아니한다.
C. 대통령은 조약을 체결ㆍ비준하고, 외교사절을 신임ㆍ접수 또는 파견하며, 선전포고와 강화를 한다.
D. 대통령은 조국의 평화적 통일을 위한 성실한 의무를 지며, 이에 대해 취임에 즈음하여 선서한다.
","다음은 한국사회의 법에 대한 문제이다.
대통령에 대한 설명으로 옳지 않은 것은?
A. 대통령은 필요하다고 인정할 때에는 국회의 동의를 얻어 외교ㆍ국방ㆍ통일 기타 국가안위에 관한 중요정책을 국민투표에 붙인다.
B. 대통령이 재직 중 탄핵결정을 받아 퇴임한 경우 '필요한 기간의 경호 및 경비'를 제외하고는 전직대통령 예우에 관한 법률에 따른 전직대통령으로서의 예우를 하지 아니한다.
C. 대통령은 조약을 체결ㆍ비준하고, 외교사절을 신임ㆍ접수 또는 파견하며, 선전포고와 강화를 한다.
D. 대통령은 조국의 평화적 통일을 위한 성실한 의무를 지며, 이에 대해 취임에 즈음하여 선서한다.
","Next is the issue of law in Korean society.
Which of the following is not an accurate description of the president?
A. When deemed necessary, the President shall, with the consent of the National Assembly, submit important policies related to diplomacy, national defense, unification, and other national security to a national referendum.
B. If the President is impeached while in office and leaves office, he will not be treated as a former President in accordance with the Act on Treating Former Presidents, except for 'security and security for the necessary period'.
C. The President concludes and ratifies treaties, appoints, receives or dispatches diplomatic missions, and declares and strengthens war.
D. The President assumes a sincere duty for the peaceful unification of the country and takes an oath to this effect upon taking office.
"
626,PSAT_21_10,,"다음은 한국사회의 법에 대한 문제이다.
행정부에 대한 설명으로 옳지 않은 것은? (다툼이 있는 경우 판례에 의함)","['A. 감사원장은 국회의 동의를 얻어 대통령이 임명하고, 그 임기는 4년으로 하며, 1차에 한하여 중임할 수 있다.', 'B. 정부조직법상 정부의 구성단위로서 그 권한에 속하는 사항을 집행하는 모든 중앙행정기관이 곧 헌법 제86조제2항 소정의 행정각부라고 할 것이다.', 'C. 국가안전보장에 관련되는 대외정책ㆍ군사정책과 국내정책의 수립에 관하여 국무회의의 심의에 앞서 대통령의 자문에 응하기 위하여 국가안전보장회의를 둔다.', 'D. 군인은 현역을 면한 후가 아니면 국무위원으로 임명될 수 없다.']",B,"A. 감사원장은 국회의 동의를 얻어 대통령이 임명하고, 그 임기는 4년으로 하며, 1차에 한하여 중임할 수 있다.
B. 정부조직법상 정부의 구성단위로서 그 권한에 속하는 사항을 집행하는 모든 중앙행정기관이 곧 헌법 제86조제2항 소정의 행정각부라고 할 것이다.
C. 국가안전보장에 관련되는 대외정책ㆍ군사정책과 국내정책의 수립에 관하여 국무회의의 심의에 앞서 대통령의 자문에 응하기 위하여 국가안전보장회의를 둔다.
D. 군인은 현역을 면한 후가 아니면 국무위원으로 임명될 수 없다.
","다음은 한국사회의 법에 대한 문제이다.
행정부에 대한 설명으로 옳지 않은 것은? (다툼이 있는 경우 판례에 의함)
A. 감사원장은 국회의 동의를 얻어 대통령이 임명하고, 그 임기는 4년으로 하며, 1차에 한하여 중임할 수 있다.
B. 정부조직법상 정부의 구성단위로서 그 권한에 속하는 사항을 집행하는 모든 중앙행정기관이 곧 헌법 제86조제2항 소정의 행정각부라고 할 것이다.
C. 국가안전보장에 관련되는 대외정책ㆍ군사정책과 국내정책의 수립에 관하여 국무회의의 심의에 앞서 대통령의 자문에 응하기 위하여 국가안전보장회의를 둔다.
D. 군인은 현역을 면한 후가 아니면 국무위원으로 임명될 수 없다.
","Next is the issue of law in Korean society.
Which of the following is not a correct description of the administration? (In case of dispute, according to precedent)
A. The Chairman of the Board of Audit and Inspection is appointed by the President with the consent of the National Assembly, and his term of office is four years, and he can be reappointed only once.
B. According to the Government Organization Act, all central administrative agencies that execute matters falling under their authority as a constituent unit of the government will be referred to as administrative departments as prescribed in Article 86 (2) of the Constitution.
C. The National Security Council is established to respond to the advice of the President prior to deliberation by the State Council regarding the establishment of foreign policy, military policy, and domestic policy related to national security.
D. Soldiers cannot be appointed as members of the State Council unless they are relieved of active duty.
"
627,PSAT_21_11,,"다음은 한국사회의 법에 대한 문제이다.
국무총리에 대한 설명으로 옳지 않은 것은?","['A. 국무총리는 국무회의의 부의장이 된다.', 'B. 국무총리가 탄핵결정을 받은 때에는 공직으로부터 파면함에 그치지만, 이에 의하여 민사상이나 형사상의 책임이 면제되지는 아니한다.', 'C. 국무총리는 중앙행정기관의 장의 명령이나 처분이 위법 또는 부당하다고 인정될 경우에는 대통령의 승인을 받지 않고 이를 중지 또는 취소할 수 있다.', 'D. 국무총리는 국회의 동의를 얻어 대통령이 임명하며, 행정에 관하여 대통령의 명을 받아 행정각부를 통할한다.']",C,"A. 국무총리는 국무회의의 부의장이 된다.
B. 국무총리가 탄핵결정을 받은 때에는 공직으로부터 파면함에 그치지만, 이에 의하여 민사상이나 형사상의 책임이 면제되지는 아니한다.
C. 국무총리는 중앙행정기관의 장의 명령이나 처분이 위법 또는 부당하다고 인정될 경우에는 대통령의 승인을 받지 않고 이를 중지 또는 취소할 수 있다.
D. 국무총리는 국회의 동의를 얻어 대통령이 임명하며, 행정에 관하여 대통령의 명을 받아 행정각부를 통할한다.
","다음은 한국사회의 법에 대한 문제이다.
국무총리에 대한 설명으로 옳지 않은 것은?
A. 국무총리는 국무회의의 부의장이 된다.
B. 국무총리가 탄핵결정을 받은 때에는 공직으로부터 파면함에 그치지만, 이에 의하여 민사상이나 형사상의 책임이 면제되지는 아니한다.
C. 국무총리는 중앙행정기관의 장의 명령이나 처분이 위법 또는 부당하다고 인정될 경우에는 대통령의 승인을 받지 않고 이를 중지 또는 취소할 수 있다.
D. 국무총리는 국회의 동의를 얻어 대통령이 임명하며, 행정에 관하여 대통령의 명을 받아 행정각부를 통할한다.
","Next is the issue of law in Korean society.
Which of the following is not an accurate description of the Prime Minister?
A. The Prime Minister becomes the vice-chairman of the State Council.
B. When the Prime Minister receives a decision to impeach, he is merely dismissed from public office, but this does not exempt him from civil or criminal liability.
C. If an order or disposition by the head of a central administrative agency is deemed illegal or unreasonable, the Prime Minister may suspend or cancel it without obtaining approval from the President.
D. The Prime Minister is appointed by the President with the consent of the National Assembly, and supervises all administrative departments under the orders of the President.
"
628,PSAT_21_12,,"다음은 한국사회의 법에 대한 문제이다.
국무회의에 대한 설명으로 옳지 않은 것은?","['A. 제26조제1항에 규정된 순서에 따라 국무위원이 그 직무를 대행한다.', 'B. 국무위원은 정무직으로 하며 의장에게 의안을 제출할 수 있으나, 국무회의의 소집을 요구할 수는 없다.', 'C. 국무회의는 대통령ㆍ국무총리와 15인 이상 30인 이하의 국무위원으로 구성한다.', 'D. 국정처리상황의 평가ㆍ분석은 국무회의의 심의를 거쳐야 한다.']",B,"A. 제26조제1항에 규정된 순서에 따라 국무위원이 그 직무를 대행한다.
B. 국무위원은 정무직으로 하며 의장에게 의안을 제출할 수 있으나, 국무회의의 소집을 요구할 수는 없다.
C. 국무회의는 대통령ㆍ국무총리와 15인 이상 30인 이하의 국무위원으로 구성한다.
D. 국정처리상황의 평가ㆍ분석은 국무회의의 심의를 거쳐야 한다.
","다음은 한국사회의 법에 대한 문제이다.
국무회의에 대한 설명으로 옳지 않은 것은?
A. 제26조제1항에 규정된 순서에 따라 국무위원이 그 직무를 대행한다.
B. 국무위원은 정무직으로 하며 의장에게 의안을 제출할 수 있으나, 국무회의의 소집을 요구할 수는 없다.
C. 국무회의는 대통령ㆍ국무총리와 15인 이상 30인 이하의 국무위원으로 구성한다.
D. 국정처리상황의 평가ㆍ분석은 국무회의의 심의를 거쳐야 한다.
","Next is the issue of law in Korean society.
Which of the following is incorrect regarding the Cabinet meeting?
A. The State Council member performs the duties in accordance with the order stipulated in Article 26, Paragraph 1.
B. State Council members hold political office and can submit bills to the Chairman, but cannot request the convening of a State Council meeting.
C. The State Council is composed of the President, Prime Minister, and 15 to 30 State Council members.
D. Evaluation and analysis of the status of state affairs must be reviewed by the State Council.
"
629,PSAT_21_13,,"다음은 한국사회의 법에 대한 문제이다.
권한쟁의심판에 대한 설명으로 옳은 것은? (다툼이 있는 경우 판례에 의함)","[""A. 제62조제1항제1호가 국가기관 상호간의 권한쟁의심판을 '국회, 정부, 법원 및 중앙선거관리위원회 상호간의 권한쟁의심판'이라고 규정하고 있으므로, 이들 기관 외에는 권한쟁의심판의 당사자가 될 수 없다."", 'B. 정당은 공권력 행사 주체로서 국가기관의 지위를 가지므로 권한쟁의심판의 당사자가 될 수 있다.', 'C. 교섭단체가 갖는 권한은 원활한 국회 의사진행을 위하여 헌법이 인정하는 권한이므로, 교섭단체는 그 권한침해를 이유로 권한쟁의심판의 당사자가 될 수 있다.', 'D. 권한쟁의심판은 피청구인의 처분 또는 부작위가 헌법 또는 법률에 의하여 부여받은 청구인의 권한을 침해하였거나 침해할 현저한 위험이 있는 경우에만 청구할 수 있다.']",D,"A. 제62조제1항제1호가 국가기관 상호간의 권한쟁의심판을 '국회, 정부, 법원 및 중앙선거관리위원회 상호간의 권한쟁의심판'이라고 규정하고 있으므로, 이들 기관 외에는 권한쟁의심판의 당사자가 될 수 없다.
B. 정당은 공권력 행사 주체로서 국가기관의 지위를 가지므로 권한쟁의심판의 당사자가 될 수 있다.
C. 교섭단체가 갖는 권한은 원활한 국회 의사진행을 위하여 헌법이 인정하는 권한이므로, 교섭단체는 그 권한침해를 이유로 권한쟁의심판의 당사자가 될 수 있다.
D. 권한쟁의심판은 피청구인의 처분 또는 부작위가 헌법 또는 법률에 의하여 부여받은 청구인의 권한을 침해하였거나 침해할 현저한 위험이 있는 경우에만 청구할 수 있다.
","다음은 한국사회의 법에 대한 문제이다.
권한쟁의심판에 대한 설명으로 옳은 것은? (다툼이 있는 경우 판례에 의함)
A. 제62조제1항제1호가 국가기관 상호간의 권한쟁의심판을 '국회, 정부, 법원 및 중앙선거관리위원회 상호간의 권한쟁의심판'이라고 규정하고 있으므로, 이들 기관 외에는 권한쟁의심판의 당사자가 될 수 없다.
B. 정당은 공권력 행사 주체로서 국가기관의 지위를 가지므로 권한쟁의심판의 당사자가 될 수 있다.
C. 교섭단체가 갖는 권한은 원활한 국회 의사진행을 위하여 헌법이 인정하는 권한이므로, 교섭단체는 그 권한침해를 이유로 권한쟁의심판의 당사자가 될 수 있다.
D. 권한쟁의심판은 피청구인의 처분 또는 부작위가 헌법 또는 법률에 의하여 부여받은 청구인의 권한을 침해하였거나 침해할 현저한 위험이 있는 경우에만 청구할 수 있다.
","Next is the issue of law in Korean society.
Which of the following is correct regarding authority dispute adjudication? (In case of dispute, according to precedent)
A. Since Article 62, Paragraph 1, Subparagraph 1 stipulates that the authority dispute adjudication between state agencies is ‘the authority dispute adjudication between the National Assembly, the government, the courts, and the National Election Commission,’ other than these institutions cannot be parties to the authority dispute adjudication. does not exist.
B. Political parties are the entities exercising public power and have the status of state institutions, so they can become parties to authority dispute trials.
C. Since the authority of the negotiating body is recognized by the Constitution for the smooth progress of the National Assembly, the negotiating body may become a party to a power dispute adjudication on the grounds of infringement of its authority.
D. A power dispute adjudication may be requested only when the respondent's disposition or omission has infringed upon or is at significant risk of infringing on the claimant's authority granted by the Constitution or law.
"
630,PSAT_21_14,,"다음은 한국사회의 법에 대한 문제이다.
법원에 대한 설명으로 옳지 않은 것은?","['A. 재판의 심리와 판결은 국가의 안전보장 또는 안녕질서를 방해하거나 선량한 풍속을 해할 염려가 있을 때에는 법원의 결정으로 공개하지 아니할 수 있다.', 'B. 법관이 중대한 심신상의 장해로 직무를 수행할 수 없을 때에는 법률이 정하는 바에 의하여 퇴직하게 할 수 있다.', 'C. 군사법원의 상고심은 대법원에서 관할한다.', 'D. 대법원장과 대법관이 아닌 법관은 대법관회의의 동의를 얻어 대법원장이 임명한다.']",A,"A. 재판의 심리와 판결은 국가의 안전보장 또는 안녕질서를 방해하거나 선량한 풍속을 해할 염려가 있을 때에는 법원의 결정으로 공개하지 아니할 수 있다.
B. 법관이 중대한 심신상의 장해로 직무를 수행할 수 없을 때에는 법률이 정하는 바에 의하여 퇴직하게 할 수 있다.
C. 군사법원의 상고심은 대법원에서 관할한다.
D. 대법원장과 대법관이 아닌 법관은 대법관회의의 동의를 얻어 대법원장이 임명한다.
","다음은 한국사회의 법에 대한 문제이다.
법원에 대한 설명으로 옳지 않은 것은?
A. 재판의 심리와 판결은 국가의 안전보장 또는 안녕질서를 방해하거나 선량한 풍속을 해할 염려가 있을 때에는 법원의 결정으로 공개하지 아니할 수 있다.
B. 법관이 중대한 심신상의 장해로 직무를 수행할 수 없을 때에는 법률이 정하는 바에 의하여 퇴직하게 할 수 있다.
C. 군사법원의 상고심은 대법원에서 관할한다.
D. 대법원장과 대법관이 아닌 법관은 대법관회의의 동의를 얻어 대법원장이 임명한다.
","Next is the issue of law in Korean society.
Which of the following is not an accurate description of the court?
A. The trial hearing and judgment may not be made public by court decision if there is a risk of interfering with national security or order or harming good morals.
B. If a judge is unable to perform his or her duties due to a serious mental or physical disability, he or she may be forced to retire in accordance with the provisions of the law.
C. The Supreme Court has jurisdiction over appeals from military courts.
D. Judges other than the Chief Justice of the Supreme Court and Justices of the Supreme Court are appointed by the Chief Justice of the Supreme Court with the consent of the Supreme Court Justices' Conference.
"
631,PSAT_21_15,,"다음은 한국사회의 법에 대한 문제이다.
선거관리위원회에 대한 설명으로 옳지 않은 것은?","['A. 중앙선거관리위원회 위원의 임기는 6년으로 하며, 법률이 정하는 바에 의하여 연임할 수 있다.', 'B. 중앙선거관리위원회는 대통령이 임명하는 3인, 국회에서 선출하는 3인과 대법원장이 지명하는 3인의 위원으로 구성하며, 위원장은 위원 중에서 호선한다.', 'C. 중앙선거관리위원회 위원은 정당에 가입하거나 정치에 관여할 수 없다.', 'D. 선거에 관한 경비는 법률이 정하는 경우를 제외하고는 정당 또는 후보자에게 부담시킬 수 없다.']",A,"A. 중앙선거관리위원회 위원의 임기는 6년으로 하며, 법률이 정하는 바에 의하여 연임할 수 있다.
B. 중앙선거관리위원회는 대통령이 임명하는 3인, 국회에서 선출하는 3인과 대법원장이 지명하는 3인의 위원으로 구성하며, 위원장은 위원 중에서 호선한다.
C. 중앙선거관리위원회 위원은 정당에 가입하거나 정치에 관여할 수 없다.
D. 선거에 관한 경비는 법률이 정하는 경우를 제외하고는 정당 또는 후보자에게 부담시킬 수 없다.
","다음은 한국사회의 법에 대한 문제이다.
선거관리위원회에 대한 설명으로 옳지 않은 것은?
A. 중앙선거관리위원회 위원의 임기는 6년으로 하며, 법률이 정하는 바에 의하여 연임할 수 있다.
B. 중앙선거관리위원회는 대통령이 임명하는 3인, 국회에서 선출하는 3인과 대법원장이 지명하는 3인의 위원으로 구성하며, 위원장은 위원 중에서 호선한다.
C. 중앙선거관리위원회 위원은 정당에 가입하거나 정치에 관여할 수 없다.
D. 선거에 관한 경비는 법률이 정하는 경우를 제외하고는 정당 또는 후보자에게 부담시킬 수 없다.
","Next is the issue of law in Korean society.
Which of the following is not correct regarding the Election Commission?
A. The term of office of members of the National Election Commission is six years, and they may be reappointed as prescribed by law.
B. The National Election Commission is composed of three members appointed by the President, three members elected by the National Assembly, and three members appointed by the Chief Justice of the Supreme Court, and the chairman is elected from among the members.
C. National Election Commission members cannot join a political party or engage in politics.
D. Election-related expenses cannot be borne by political parties or candidates except in cases prescribed by law.
"
632,PSAT_21_16,,"다음은 한국사회의 법에 대한 문제이다.
국회의 안건의 신속처리에 대한 설명으로 옳은 것은?","['A. 신속처리안건에 대한 지정동의가 소관 위원회 위원장에게 제출된 경우 안건의 소관 위원회 위원장은 지체 없이 신속처리안건 지정동의를 기명투표로 표결한다.', 'B. 소관 위원회는 원칙적으로 신속처리대상안건에 대한 심사를 그 지정일부터 90일 이내에 마쳐야 한다.', 'C. 법제사법위원회가 신속처리대상안건에 대하여 그 지정일부터 60일 이내에 심사를 마치지 아니하였을 때에는 그 기간이 끝난 다음 날에 법제사법위원회에서 심사를 마치고 바로 본회의에 부의된 것으로 본다.', 'D. 신속처리대상안건을 심사하는 안건조정위원회는 그 안건이 관련 규정에 따라 법제사법위원회에 회부되거나 바로 본회의에 부의된 것으로 보는 경우에는 안건조정위원회의 활동기한이 남았더라도 그 활동을 종료한다.']",D,"A. 신속처리안건에 대한 지정동의가 소관 위원회 위원장에게 제출된 경우 안건의 소관 위원회 위원장은 지체 없이 신속처리안건 지정동의를 기명투표로 표결한다.
B. 소관 위원회는 원칙적으로 신속처리대상안건에 대한 심사를 그 지정일부터 90일 이내에 마쳐야 한다.
C. 법제사법위원회가 신속처리대상안건에 대하여 그 지정일부터 60일 이내에 심사를 마치지 아니하였을 때에는 그 기간이 끝난 다음 날에 법제사법위원회에서 심사를 마치고 바로 본회의에 부의된 것으로 본다.
D. 신속처리대상안건을 심사하는 안건조정위원회는 그 안건이 관련 규정에 따라 법제사법위원회에 회부되거나 바로 본회의에 부의된 것으로 보는 경우에는 안건조정위원회의 활동기한이 남았더라도 그 활동을 종료한다.
","다음은 한국사회의 법에 대한 문제이다.
국회의 안건의 신속처리에 대한 설명으로 옳은 것은?
A. 신속처리안건에 대한 지정동의가 소관 위원회 위원장에게 제출된 경우 안건의 소관 위원회 위원장은 지체 없이 신속처리안건 지정동의를 기명투표로 표결한다.
B. 소관 위원회는 원칙적으로 신속처리대상안건에 대한 심사를 그 지정일부터 90일 이내에 마쳐야 한다.
C. 법제사법위원회가 신속처리대상안건에 대하여 그 지정일부터 60일 이내에 심사를 마치지 아니하였을 때에는 그 기간이 끝난 다음 날에 법제사법위원회에서 심사를 마치고 바로 본회의에 부의된 것으로 본다.
D. 신속처리대상안건을 심사하는 안건조정위원회는 그 안건이 관련 규정에 따라 법제사법위원회에 회부되거나 바로 본회의에 부의된 것으로 보는 경우에는 안건조정위원회의 활동기한이 남았더라도 그 활동을 종료한다.
","Next is the issue of law in Korean society.
Which of the following is correct regarding the speedy processing of agenda items in the National Assembly?
A. If a motion for designation of an agenda for expedited processing is submitted to the chairperson of the relevant committee, the chairperson of the committee responsible for the agenda shall vote on the motion for designation of an agenda for expedited processing without delay by a written vote.
B. In principle, the relevant committee must complete the review of agenda items subject to expedited processing within 90 days from the designated date.
C. If the Legislation and Judiciary Committee has not completed its review of an agenda subject to expedited processing within 60 days from the designated date, it is deemed to have been reviewed by the Legislation and Judiciary Committee on the day following the end of the period and immediately submitted to the plenary session.
D. If the Agenda Coordination Committee, which examines agenda items subject to expedited processing, deems that the agenda has been referred to the Legislation and Judiciary Committee or submitted directly to the plenary session in accordance with the relevant regulations, its activities shall be terminated even if the Agenda Coordination Committee's activity deadline remains.
"
633,PSAT_21_17,,"다음은 한국사회의 법에 대한 문제이다.
국회에 대한 설명으로 옳지 않은 것은?","['A. 국회는 정부의 동의없이 정부가 제출한 지출예산 각항의 금액을 증가하거나 새 비목을 설치할 수 없다.', 'B. 국회의원의 자격심사 청구, 예산안에 대한 수정동의는 각각 의원 50명 이상의 찬성이 있어야 한다.', ""C. 국회의원이 본회의에 부의된 안건에 대하여 '무제한토론'을 하려는 경우에는 재적의원 3분의 1 이상이 서명한 요구서를 의장에게 제출하여야 한다."", 'D. 국회의 경호업무는 의장의 지휘를 받아 수행하되, 경위는 회의장 건물 안에서, 경찰공무원은 회의장 건물 밖에서 경호한다.']",B,"A. 국회는 정부의 동의없이 정부가 제출한 지출예산 각항의 금액을 증가하거나 새 비목을 설치할 수 없다.
B. 국회의원의 자격심사 청구, 예산안에 대한 수정동의는 각각 의원 50명 이상의 찬성이 있어야 한다.
C. 국회의원이 본회의에 부의된 안건에 대하여 '무제한토론'을 하려는 경우에는 재적의원 3분의 1 이상이 서명한 요구서를 의장에게 제출하여야 한다.
D. 국회의 경호업무는 의장의 지휘를 받아 수행하되, 경위는 회의장 건물 안에서, 경찰공무원은 회의장 건물 밖에서 경호한다.
","다음은 한국사회의 법에 대한 문제이다.
국회에 대한 설명으로 옳지 않은 것은?
A. 국회는 정부의 동의없이 정부가 제출한 지출예산 각항의 금액을 증가하거나 새 비목을 설치할 수 없다.
B. 국회의원의 자격심사 청구, 예산안에 대한 수정동의는 각각 의원 50명 이상의 찬성이 있어야 한다.
C. 국회의원이 본회의에 부의된 안건에 대하여 '무제한토론'을 하려는 경우에는 재적의원 3분의 1 이상이 서명한 요구서를 의장에게 제출하여야 한다.
D. 국회의 경호업무는 의장의 지휘를 받아 수행하되, 경위는 회의장 건물 안에서, 경찰공무원은 회의장 건물 밖에서 경호한다.
","Next is the issue of law in Korean society.
Which of the following is not correct regarding the National Assembly?
A. The National Assembly cannot increase the amount of each item of the expenditure budget submitted by the government or install new expenses without the consent of the government.
B. Requests for qualification review by members of the National Assembly and motions to amend the budget plan must each have the approval of at least 50 members.
C. If a member of the National Assembly wishes to have 'unlimited discussion' on an agenda item submitted to the plenary session, he or she must submit a request signed by more than one-third of the registered members to the Speaker.
D. The security work of the National Assembly is carried out under the direction of the Speaker, but the security guards guard inside the conference hall building and police officers guard outside the conference hall building.
"
634,PSAT_21_18,,"다음은 한국사회의 법에 대한 문제이다.
국회의 위원회에 대한 설명으로 옳은 것은?","['A. 정보위원회의 위원은 의장이 각 교섭단체 대표의원으로부터 해당 교섭단체 소속 의원 중에서 후보를 추천받아 부의장 및 각 교섭단체 대표의원과 협의하여 선임하거나 개선하며, 각 교섭단체 대표의원은 정보위원회의 위원이 된다.', 'B. 예산결산특별위원회와 윤리특별위원회는 활동기한을 정해서 그 기한의 종료 시까지만 존속한다.', 'C. 정무위원회는 대통령비서실과 국무총리비서실의 소관사항을 관장한다.', 'D. 소위원회는 폐회 중에는 활동할 수 없으며, 법률안을 심사하는 소위원회는 매월 2회 이상 개회한다.']",A,"A. 정보위원회의 위원은 의장이 각 교섭단체 대표의원으로부터 해당 교섭단체 소속 의원 중에서 후보를 추천받아 부의장 및 각 교섭단체 대표의원과 협의하여 선임하거나 개선하며, 각 교섭단체 대표의원은 정보위원회의 위원이 된다.
B. 예산결산특별위원회와 윤리특별위원회는 활동기한을 정해서 그 기한의 종료 시까지만 존속한다.
C. 정무위원회는 대통령비서실과 국무총리비서실의 소관사항을 관장한다.
D. 소위원회는 폐회 중에는 활동할 수 없으며, 법률안을 심사하는 소위원회는 매월 2회 이상 개회한다.
","다음은 한국사회의 법에 대한 문제이다.
국회의 위원회에 대한 설명으로 옳은 것은?
A. 정보위원회의 위원은 의장이 각 교섭단체 대표의원으로부터 해당 교섭단체 소속 의원 중에서 후보를 추천받아 부의장 및 각 교섭단체 대표의원과 협의하여 선임하거나 개선하며, 각 교섭단체 대표의원은 정보위원회의 위원이 된다.
B. 예산결산특별위원회와 윤리특별위원회는 활동기한을 정해서 그 기한의 종료 시까지만 존속한다.
C. 정무위원회는 대통령비서실과 국무총리비서실의 소관사항을 관장한다.
D. 소위원회는 폐회 중에는 활동할 수 없으며, 법률안을 심사하는 소위원회는 매월 2회 이상 개회한다.
","Next is the issue of law in Korean society.
Which of the following is correct regarding committees in the National Assembly?
A. The members of the Information Committee are appointed or improved by the Chairman after receiving recommendations from the representative members of each negotiating group from among the members of the relevant negotiating group and in consultation with the Vice-Chairman and the representative members of each negotiating group, and the representative members of each negotiating group are members of the Information Committee. This happens.
B. The Special Committee on Budget and Accounts and the Special Committee on Ethics establish a period of activity and shall continue until the end of the period.
C. The Political Affairs Committee manages matters under the jurisdiction of the Presidential Secretariat and the Prime Minister's Secretariat.
D. Subcommittees cannot operate while closed, and subcommittees that review bills meet at least twice a month.
"
635,PSAT_21_19,,"다음은 한국사회의 법에 대한 문제이다.
국회의원선거에 대한 설명으로 옳지 않은 것은?","['A. 국회의원선거구획정위원회는 중앙선거관리위원회 위원장이 위촉하는 9명의 위원으로 구성하되, 위원장은 위원 중에서 호선한다.', 'B. 국회는 국회의원지역구를 선거일 전 180일까지 확정하여야 한다.', 'C. 국회의원의 임기가 개시된 후에 실시하는 보궐선거에 의한 의원의 임기는 당선이 결정된 때부터 개시되며 전임자의 잔임기간으로 한다.', 'D. 선거일 현재 금고 이상의 형의 선고를 받고 그 형이 실효되지 아니한 자는 피선거권이 없다.']",B,"A. 국회의원선거구획정위원회는 중앙선거관리위원회 위원장이 위촉하는 9명의 위원으로 구성하되, 위원장은 위원 중에서 호선한다.
B. 국회는 국회의원지역구를 선거일 전 180일까지 확정하여야 한다.
C. 국회의원의 임기가 개시된 후에 실시하는 보궐선거에 의한 의원의 임기는 당선이 결정된 때부터 개시되며 전임자의 잔임기간으로 한다.
D. 선거일 현재 금고 이상의 형의 선고를 받고 그 형이 실효되지 아니한 자는 피선거권이 없다.
","다음은 한국사회의 법에 대한 문제이다.
국회의원선거에 대한 설명으로 옳지 않은 것은?
A. 국회의원선거구획정위원회는 중앙선거관리위원회 위원장이 위촉하는 9명의 위원으로 구성하되, 위원장은 위원 중에서 호선한다.
B. 국회는 국회의원지역구를 선거일 전 180일까지 확정하여야 한다.
C. 국회의원의 임기가 개시된 후에 실시하는 보궐선거에 의한 의원의 임기는 당선이 결정된 때부터 개시되며 전임자의 잔임기간으로 한다.
D. 선거일 현재 금고 이상의 형의 선고를 받고 그 형이 실효되지 아니한 자는 피선거권이 없다.
","Next is the issue of law in Korean society.
Which of the following is not correct regarding the National Assembly elections?
A. The National Assembly Constituency Demarcation Committee shall be composed of nine members appointed by the Chairman of the National Election Commission, and the Chairman shall be elected from among the members.
B. The National Assembly must confirm constituencies for National Assembly members by 180 days before the election date.
C. The term of office of a member of the National Assembly through a by-election held after the term of office of the member of the National Assembly begins begins from the time the election is decided and shall be the remaining term of office of the predecessor.
D. A person who has been sentenced to imprisonment or heavier punishment as of the election date and whose sentence has not lapsed is not entitled to election.
"
636,PSAT_21_20,,"다음은 한국사회의 법에 대한 문제이다.
탄핵심판에 대한 설명으로 옳은 것은?","['A. 탄핵의 대상이 되는 공직자는 대통령, 국무총리, 국무위원, 행정각부의 장, 헌법재판소 재판관, 법관, 중앙선거관리위원회 위원, 감사원장, 감사위원 기타 법률이 정한 공무원이다.', 'B. 대통령에 대한 탄핵소추는 국회재적의원 3분의 1 이상의 발의와 국회재적의원 과반수의 찬성에 의한 의결로 이루어지고, 탄핵의 결정에는 헌법재판소 재판관 6인 이상의 찬성이 있어야 한다.', 'C. 탄핵심판이 있을 때까지 탄핵소추의 의결을 받은 자의 권한행사가 정지되는지 여부에 대하여 헌법상 명문으로 규정하고 있지 않다.', 'D. 탄핵심판은 고위공직자에 의한 헌법침해로부터 헌법을 보호하기 위한 헌법재판제도로서, 제5차 개정헌법에서 최초 도입된 이래로 존속되어 온 제도이다.']",A,"A. 탄핵의 대상이 되는 공직자는 대통령, 국무총리, 국무위원, 행정각부의 장, 헌법재판소 재판관, 법관, 중앙선거관리위원회 위원, 감사원장, 감사위원 기타 법률이 정한 공무원이다.
B. 대통령에 대한 탄핵소추는 국회재적의원 3분의 1 이상의 발의와 국회재적의원 과반수의 찬성에 의한 의결로 이루어지고, 탄핵의 결정에는 헌법재판소 재판관 6인 이상의 찬성이 있어야 한다.
C. 탄핵심판이 있을 때까지 탄핵소추의 의결을 받은 자의 권한행사가 정지되는지 여부에 대하여 헌법상 명문으로 규정하고 있지 않다.
D. 탄핵심판은 고위공직자에 의한 헌법침해로부터 헌법을 보호하기 위한 헌법재판제도로서, 제5차 개정헌법에서 최초 도입된 이래로 존속되어 온 제도이다.
","다음은 한국사회의 법에 대한 문제이다.
탄핵심판에 대한 설명으로 옳은 것은?
A. 탄핵의 대상이 되는 공직자는 대통령, 국무총리, 국무위원, 행정각부의 장, 헌법재판소 재판관, 법관, 중앙선거관리위원회 위원, 감사원장, 감사위원 기타 법률이 정한 공무원이다.
B. 대통령에 대한 탄핵소추는 국회재적의원 3분의 1 이상의 발의와 국회재적의원 과반수의 찬성에 의한 의결로 이루어지고, 탄핵의 결정에는 헌법재판소 재판관 6인 이상의 찬성이 있어야 한다.
C. 탄핵심판이 있을 때까지 탄핵소추의 의결을 받은 자의 권한행사가 정지되는지 여부에 대하여 헌법상 명문으로 규정하고 있지 않다.
D. 탄핵심판은 고위공직자에 의한 헌법침해로부터 헌법을 보호하기 위한 헌법재판제도로서, 제5차 개정헌법에서 최초 도입된 이래로 존속되어 온 제도이다.
","Next is the issue of law in Korean society.
Which of the following is correct about the impeachment trial?
A. Public officials subject to impeachment include the President, Prime Minister, State Council members, heads of administrative departments, judges of the Constitutional Court, judges, members of the National Election Commission, the Chairman of the Board of Audit and Inspection, members of the Board of Audit and Inspection, and other public officials determined by law.
B. Impeachment of the President is made upon the motion of more than one-third of the members of the National Assembly and resolution by the approval of a majority of the members of the National Assembly, and the decision to impeach must receive the approval of at least six judges of the Constitutional Court.
C. The Constitution does not explicitly stipulate whether the exercise of authority by a person who has been voted on for impeachment is suspended until an impeachment trial occurs.
D. Impeachment trial is a constitutional trial system to protect the Constitution from infringement by high-ranking public officials, and is a system that has existed since it was first introduced in the 5th Amendment to the Constitution.
"
637,PSAT_21_21,,"다음은 한국사회의 법에 대한 문제이다.
사법권의 독립에 대한 설명으로 옳지 않은 것은? (다툼이 있는 경우 판례에 의함)","['A. 명령ㆍ규칙 또는 처분이 헌법이나 법률에 위반되는 여부가 재판의 전제가 된 경우에는 대법원은 이를 최종적으로 심사할 권한을 가진다.', 'B. 국정감사 또는 국정조사는 계속 중인 재판에 관여할 목적으로 행사되어서는 아니된다.', 'C. 대법원장은 다른 국가기관으로부터 법관의 파견근무 요청을 받은 경우에 업무의 성질상 법관을 파견하는 것이 타당하다고 인정되면 해당 법관이 파견근무에 동의하지 않는 경우에도 이를 허가할 수 있다.', 'D. 형사재판에 있어서 사법권독립은 심판기관인 법원과 소추기관인 검찰청의 분리를 요구함과 동시에 법관이 실제 재판에 있어서 소송당사자인 검사와 피고인으로부터 부당한 간섭을 받지 않은 채 독립하여야 할 것을 요구한다.']",C,"A. 명령ㆍ규칙 또는 처분이 헌법이나 법률에 위반되는 여부가 재판의 전제가 된 경우에는 대법원은 이를 최종적으로 심사할 권한을 가진다.
B. 국정감사 또는 국정조사는 계속 중인 재판에 관여할 목적으로 행사되어서는 아니된다.
C. 대법원장은 다른 국가기관으로부터 법관의 파견근무 요청을 받은 경우에 업무의 성질상 법관을 파견하는 것이 타당하다고 인정되면 해당 법관이 파견근무에 동의하지 않는 경우에도 이를 허가할 수 있다.
D. 형사재판에 있어서 사법권독립은 심판기관인 법원과 소추기관인 검찰청의 분리를 요구함과 동시에 법관이 실제 재판에 있어서 소송당사자인 검사와 피고인으로부터 부당한 간섭을 받지 않은 채 독립하여야 할 것을 요구한다.
","다음은 한국사회의 법에 대한 문제이다.
사법권의 독립에 대한 설명으로 옳지 않은 것은? (다툼이 있는 경우 판례에 의함)
A. 명령ㆍ규칙 또는 처분이 헌법이나 법률에 위반되는 여부가 재판의 전제가 된 경우에는 대법원은 이를 최종적으로 심사할 권한을 가진다.
B. 국정감사 또는 국정조사는 계속 중인 재판에 관여할 목적으로 행사되어서는 아니된다.
C. 대법원장은 다른 국가기관으로부터 법관의 파견근무 요청을 받은 경우에 업무의 성질상 법관을 파견하는 것이 타당하다고 인정되면 해당 법관이 파견근무에 동의하지 않는 경우에도 이를 허가할 수 있다.
D. 형사재판에 있어서 사법권독립은 심판기관인 법원과 소추기관인 검찰청의 분리를 요구함과 동시에 법관이 실제 재판에 있어서 소송당사자인 검사와 피고인으로부터 부당한 간섭을 받지 않은 채 독립하여야 할 것을 요구한다.
","Next is the issue of law in Korean society.
Which of the following is incorrect regarding the independence of judicial power? (In case of dispute, according to precedent)
A. If the premise of the trial is whether an order, rule, or disposition violates the Constitution or laws, the Supreme Court has the authority to make the final review.
B. Government audits or investigations shall not be exercised for the purpose of interfering with pending trials.
C. When the Chief Justice of the Supreme Court receives a request for dispatched work for a judge from another state agency, and if it is deemed appropriate to dispatch a judge due to the nature of the work, he/she may grant permission even if the judge does not agree to the dispatched work.
D. Judicial independence in criminal trials requires the separation of the court, which is the adjudicatory body, and the prosecutor's office, which is the prosecutorial body, and at the same time, it requires that judges be independent without undue interference from prosecutors and defendants, the parties to the lawsuit, in the actual trial.
"
638,PSAT_21_22,,"다음은 한국사회의 법에 대한 문제이다.
지방자치에 대한 설명으로 옳지 않은 것은? (다툼이 있는 경우 판례에 의함)","['A. 지방자치단체는 주민의 복리에 관한 사무를 처리하고 재산을 관리하며, 법령의 범위안에서 자치에 관한 규정을 제정할 수 있다.', 'B. 헌법 제117조와 제118조에 의하여 제도적으로 보장되는 지방자치는 지방자치의 본질적 내용인 핵심영역이 어떠한 경우라도 입법 기타 중앙정부의 침해로부터 보호되어야 한다는 것을 의미한다.', 'C. 주민투표권은 법률이 보장하는 권리일 뿐이지 헌법이 보장하는 기본권 또는 헌법상 제도적으로 보장되는 주관적 공권으로 볼 수 없다.', 'D. 지방자치단체의 자치권이 미치는 관할구역의 범위에는 육지만 포함되므로, 공유수면에 대해서는 지방자치단체의 자치권한이 존재하지 않는다.']",D,"A. 지방자치단체는 주민의 복리에 관한 사무를 처리하고 재산을 관리하며, 법령의 범위안에서 자치에 관한 규정을 제정할 수 있다.
B. 헌법 제117조와 제118조에 의하여 제도적으로 보장되는 지방자치는 지방자치의 본질적 내용인 핵심영역이 어떠한 경우라도 입법 기타 중앙정부의 침해로부터 보호되어야 한다는 것을 의미한다.
C. 주민투표권은 법률이 보장하는 권리일 뿐이지 헌법이 보장하는 기본권 또는 헌법상 제도적으로 보장되는 주관적 공권으로 볼 수 없다.
D. 지방자치단체의 자치권이 미치는 관할구역의 범위에는 육지만 포함되므로, 공유수면에 대해서는 지방자치단체의 자치권한이 존재하지 않는다.
","다음은 한국사회의 법에 대한 문제이다.
지방자치에 대한 설명으로 옳지 않은 것은? (다툼이 있는 경우 판례에 의함)
A. 지방자치단체는 주민의 복리에 관한 사무를 처리하고 재산을 관리하며, 법령의 범위안에서 자치에 관한 규정을 제정할 수 있다.
B. 헌법 제117조와 제118조에 의하여 제도적으로 보장되는 지방자치는 지방자치의 본질적 내용인 핵심영역이 어떠한 경우라도 입법 기타 중앙정부의 침해로부터 보호되어야 한다는 것을 의미한다.
C. 주민투표권은 법률이 보장하는 권리일 뿐이지 헌법이 보장하는 기본권 또는 헌법상 제도적으로 보장되는 주관적 공권으로 볼 수 없다.
D. 지방자치단체의 자치권이 미치는 관할구역의 범위에는 육지만 포함되므로, 공유수면에 대해서는 지방자치단체의 자치권한이 존재하지 않는다.
","Next is the issue of law in Korean society.
Which of the following is not correct regarding local autonomy? (In case of dispute, according to precedent)
A. Local governments handle affairs related to the welfare of residents, manage property, and can enact regulations on self-government within the scope of laws.
B. Local autonomy, which is institutionally guaranteed by Articles 117 and 118 of the Constitution, means that core areas, which are the essential content of local autonomy, must be protected from infringement by legislation or other central government in any case.
C. The right to vote is only a right guaranteed by law, and cannot be viewed as a fundamental right guaranteed by the Constitution or a subjective public right guaranteed institutionally by the Constitution.
D. Since the scope of jurisdiction over which the local government's autonomy extends includes only land, the local government's autonomy does not exist over public waters.
"
639,PSAT_21_23,,"다음은 한국사회의 법에 대한 문제이다.
대의제도에 대한 설명으로 옳은 것은? (다툼이 있는 경우 판례에 의함)","['A. 국회의원이 계속 특정 상임위원회에서 활동하기를 원하고 있다면 그 위원회와 관련하여 위법하거나 부당한 행위를 한 사실이 인정되는 경우가 아닌 한 본인의 의사에 반하여 강제로 위원회에서 사임시킬 수는 없다.', 'B. 국민의 국회의원 선거권은 국회의원을 보통ㆍ평등ㆍ직접ㆍ비밀선거에 의하여 국민의 대표자로 선출하는 권리에 그치는 것이기 때문에 유권자가 설정한 국회의석분포에 국회의원들을 기속시키는 것은 대의제도의 본질에 반하는 것이다.', 'C. 대의제를 보완하는 직접민주주의 요소로서 우리 헌법은 국민투표만을 규정하였을 뿐 우리 헌정사상 국민발안제나 국민소환제를 채택한 적은 없다.', 'D. 국민과 국회의원은 자유위임관계에 있는 것이 아니라 명령적 위임관계에 있다.']",B,"A. 국회의원이 계속 특정 상임위원회에서 활동하기를 원하고 있다면 그 위원회와 관련하여 위법하거나 부당한 행위를 한 사실이 인정되는 경우가 아닌 한 본인의 의사에 반하여 강제로 위원회에서 사임시킬 수는 없다.
B. 국민의 국회의원 선거권은 국회의원을 보통ㆍ평등ㆍ직접ㆍ비밀선거에 의하여 국민의 대표자로 선출하는 권리에 그치는 것이기 때문에 유권자가 설정한 국회의석분포에 국회의원들을 기속시키는 것은 대의제도의 본질에 반하는 것이다.
C. 대의제를 보완하는 직접민주주의 요소로서 우리 헌법은 국민투표만을 규정하였을 뿐 우리 헌정사상 국민발안제나 국민소환제를 채택한 적은 없다.
D. 국민과 국회의원은 자유위임관계에 있는 것이 아니라 명령적 위임관계에 있다.
","다음은 한국사회의 법에 대한 문제이다.
대의제도에 대한 설명으로 옳은 것은? (다툼이 있는 경우 판례에 의함)
A. 국회의원이 계속 특정 상임위원회에서 활동하기를 원하고 있다면 그 위원회와 관련하여 위법하거나 부당한 행위를 한 사실이 인정되는 경우가 아닌 한 본인의 의사에 반하여 강제로 위원회에서 사임시킬 수는 없다.
B. 국민의 국회의원 선거권은 국회의원을 보통ㆍ평등ㆍ직접ㆍ비밀선거에 의하여 국민의 대표자로 선출하는 권리에 그치는 것이기 때문에 유권자가 설정한 국회의석분포에 국회의원들을 기속시키는 것은 대의제도의 본질에 반하는 것이다.
C. 대의제를 보완하는 직접민주주의 요소로서 우리 헌법은 국민투표만을 규정하였을 뿐 우리 헌정사상 국민발안제나 국민소환제를 채택한 적은 없다.
D. 국민과 국회의원은 자유위임관계에 있는 것이 아니라 명령적 위임관계에 있다.
","Next is the issue of law in Korean society.
Which of the following is correct about the representative system? (In case of dispute, according to precedent)
A. If a member of the National Assembly wishes to continue serving in a specific standing committee, he or she cannot be forced to resign from the committee against his or her will, unless it is acknowledged that he or she has committed an illegal or unfair act in relation to that committee.
B. Since the people's right to vote for members of the National Assembly is limited to the right to elect members of the National Assembly as representatives of the people through universal, equal, direct, and secret elections, binding members of the National Assembly to the distribution of seats in the National Assembly set by voters runs counter to the essence of the representative system. .
C. As an element of direct democracy that complements the representative system, our Constitution only provides for a national referendum and has never adopted a national initiative system or national recall system in our constitutional history.
D. The people and the National Assembly are not in a free delegation relationship but in an imperative delegation relationship.
"
640,PSAT_21_24,,"다음은 한국사회의 법에 대한 문제이다.
경제조항에 대한 설명으로 옳지 않은 것은?","['A. 국가는 농지에 관하여 경자유전의 원칙이 달성될 수 있도록 노력하여야 하며, 농지의 소작제도는 금지된다.', 'B. 국가는 건전한 소비행위를 계도하고 생산품의 품질향상을 촉구하기 위한 소비자보호운동을 법률이 정하는 바에 의하여 보장한다.', 'C. 국가는 지역간의 균형있는 발전을 위하여 지역경제를 육성할 의무를 지나, 중소기업을 보호ㆍ육성하여야 할 의무를 지지 아니한다.', 'D. 국가는 농수산물의 수급균형과 유통구조의 개선에 노력하여 가격안정을 도모함으로써 농ㆍ어민의 이익을 보호한다.']",C,"A. 국가는 농지에 관하여 경자유전의 원칙이 달성될 수 있도록 노력하여야 하며, 농지의 소작제도는 금지된다.
B. 국가는 건전한 소비행위를 계도하고 생산품의 품질향상을 촉구하기 위한 소비자보호운동을 법률이 정하는 바에 의하여 보장한다.
C. 국가는 지역간의 균형있는 발전을 위하여 지역경제를 육성할 의무를 지나, 중소기업을 보호ㆍ육성하여야 할 의무를 지지 아니한다.
D. 국가는 농수산물의 수급균형과 유통구조의 개선에 노력하여 가격안정을 도모함으로써 농ㆍ어민의 이익을 보호한다.
","다음은 한국사회의 법에 대한 문제이다.
경제조항에 대한 설명으로 옳지 않은 것은?
A. 국가는 농지에 관하여 경자유전의 원칙이 달성될 수 있도록 노력하여야 하며, 농지의 소작제도는 금지된다.
B. 국가는 건전한 소비행위를 계도하고 생산품의 품질향상을 촉구하기 위한 소비자보호운동을 법률이 정하는 바에 의하여 보장한다.
C. 국가는 지역간의 균형있는 발전을 위하여 지역경제를 육성할 의무를 지나, 중소기업을 보호ㆍ육성하여야 할 의무를 지지 아니한다.
D. 국가는 농수산물의 수급균형과 유통구조의 개선에 노력하여 가격안정을 도모함으로써 농ㆍ어민의 이익을 보호한다.
","Next is the issue of law in Korean society.
Which of the following is incorrect regarding economic provisions?
A. The state must strive to achieve the principle of agricultural inheritance with regard to farmland, and the tenancy system of farmland is prohibited.
B. The state guarantees consumer protection campaigns to encourage healthy consumption behavior and improve the quality of products as prescribed by law.
C. The state does not have the obligation to protect and foster small and medium-sized enterprises beyond the obligation to foster the local economy for balanced development among regions.
D. The state protects the interests of farmers and fishermen by seeking to stabilize prices by working to improve the supply and demand balance and distribution structure of agricultural and fishery products.
"
641,PSAT_22_1,,"다음은 한국사회의 법에 대한 문제이다.
정당제도에 대한 설명으로 옳지 않은 것은? (다툼이 있는 경우 판례에 의함)","['A. 정당의 자유는 국민이 개인적으로 갖는 기본권일 뿐만 아니라, 단체로서의 정당이 가지는 기본권이기도 하다.', 'B. 공직선거법상 법원의 판결에 의하여 선거일 현재 선거권이 정지된 18세 국민이라도 정당법에 따른 정당의 발기인은 될 수 있다.', 'C. 정당설립의 자유는 개인이 정당 일반 또는 특정 정당에 가입하지 아니할 자유, 가입했던 정당으로부터 탈퇴할 자유 등 소극적 자유도 포함한다.', 'D. 정당이 최근 4년간 임기만료에 의한 국회의원선거 또는 임기만료에 의한 지방자치단체의 장선거나 시ㆍ도의회의원선거에 참여하지 아니한 때에는 당해 선거관리위원회는 그 등록을 취소한다.']",B,"A. 정당의 자유는 국민이 개인적으로 갖는 기본권일 뿐만 아니라, 단체로서의 정당이 가지는 기본권이기도 하다.
B. 공직선거법상 법원의 판결에 의하여 선거일 현재 선거권이 정지된 18세 국민이라도 정당법에 따른 정당의 발기인은 될 수 있다.
C. 정당설립의 자유는 개인이 정당 일반 또는 특정 정당에 가입하지 아니할 자유, 가입했던 정당으로부터 탈퇴할 자유 등 소극적 자유도 포함한다.
D. 정당이 최근 4년간 임기만료에 의한 국회의원선거 또는 임기만료에 의한 지방자치단체의 장선거나 시ㆍ도의회의원선거에 참여하지 아니한 때에는 당해 선거관리위원회는 그 등록을 취소한다.
","다음은 한국사회의 법에 대한 문제이다.
정당제도에 대한 설명으로 옳지 않은 것은? (다툼이 있는 경우 판례에 의함)
A. 정당의 자유는 국민이 개인적으로 갖는 기본권일 뿐만 아니라, 단체로서의 정당이 가지는 기본권이기도 하다.
B. 공직선거법상 법원의 판결에 의하여 선거일 현재 선거권이 정지된 18세 국민이라도 정당법에 따른 정당의 발기인은 될 수 있다.
C. 정당설립의 자유는 개인이 정당 일반 또는 특정 정당에 가입하지 아니할 자유, 가입했던 정당으로부터 탈퇴할 자유 등 소극적 자유도 포함한다.
D. 정당이 최근 4년간 임기만료에 의한 국회의원선거 또는 임기만료에 의한 지방자치단체의 장선거나 시ㆍ도의회의원선거에 참여하지 아니한 때에는 당해 선거관리위원회는 그 등록을 취소한다.
","Next is the issue of law in Korean society.
Which of the following is not an accurate explanation of the political party system? (In case of dispute, according to precedent)
A. Freedom of political parties is not only a basic right held by citizens as individuals, but is also a fundamental right held by political parties as an organization.
B. Under the Public Official Election Act, even an 18-year-old citizen whose voting rights have been suspended as of the election date by a court decision can become a promoter of a political party under the Political Party Act.
C. The freedom to establish a political party also includes negative freedoms, such as the freedom of individuals not to join a political party in general or a specific political party, and the freedom to withdraw from a political party they have joined.
D. If a political party has not participated in the election of members of the National Assembly due to the expiration of its term of office or the election of local government heads or city/provincial council members due to the expiration of its term of office over the past four years, the relevant election commission shall cancel its registration.
"
642,PSAT_22_2,,"다음은 한국사회의 법에 대한 문제이다.
대한민국 헌정사에 대한 설명으로 옳은 것은?","['A. 1960년 제3차 개정헌법은 대법원장과 대법관의 선거제를 처음 채택하였다.', 'B. 1972년 제7차 개정헌법은 중앙선거관리위원회를 헌법기관으로 처음 도입하였다.', 'C. 1980년 제8차 개정헌법은 인간의 존엄과 가치를 최초로 규정하였다.', 'D. 1987년 제9차 개정헌법은 국가의 적정임금보장을 최초로 규정하였다.']",A,"A. 1960년 제3차 개정헌법은 대법원장과 대법관의 선거제를 처음 채택하였다.
B. 1972년 제7차 개정헌법은 중앙선거관리위원회를 헌법기관으로 처음 도입하였다.
C. 1980년 제8차 개정헌법은 인간의 존엄과 가치를 최초로 규정하였다.
D. 1987년 제9차 개정헌법은 국가의 적정임금보장을 최초로 규정하였다.
","다음은 한국사회의 법에 대한 문제이다.
대한민국 헌정사에 대한 설명으로 옳은 것은?
A. 1960년 제3차 개정헌법은 대법원장과 대법관의 선거제를 처음 채택하였다.
B. 1972년 제7차 개정헌법은 중앙선거관리위원회를 헌법기관으로 처음 도입하였다.
C. 1980년 제8차 개정헌법은 인간의 존엄과 가치를 최초로 규정하였다.
D. 1987년 제9차 개정헌법은 국가의 적정임금보장을 최초로 규정하였다.
","Next is the issue of law in Korean society.
Which of the following is a correct explanation of the constitutional history of the Republic of Korea?
A. The Third Amendment to the Constitution in 1960 first adopted the election system for the Chief Justice and Justices of the Supreme Court.
B. The 7th Amendment to the Constitution in 1972 first introduced the National Election Commission as a constitutional institution.
C. The 8th Amendment to the Constitution in 1980 was the first to define human dignity and value.
D. The 9th Amendment to the Constitution in 1987 was the first to stipulate the national guarantee of appropriate wages.
"
643,PSAT_22_3,,"다음은 한국사회의 법에 대한 문제이다.
공무원제도에 대한 설명으로 옳지 않은 것은? (다툼이 있는 경우 판례에 의함)","[""A. 조항은 '공무원의 지위를 이용하지 아니한 행위'에까지 적용하는 한 헌법에 위반한다."", 'B. 정당의 공직선거 후보자 선출은 자발적 조직 내부의 의사결정에 지나지 아니하므로, 정당의 내부경선에 참여할 권리는 헌법이 보장하는 공무담임권의 내용에 포함된다고 보기 어렵다.', ""C. 선거에서의 중립의무가 부과되어야 하는 모든 공무원은 구체적으로 '자유선거원칙'과 '선거에서의 정당의 기회균등'을 위협할 수 있는 모든 공무원을 의미하므로, 여기에는 대통령, 국무총리, 국무위원, 도지사, 시장, 군수, 구청장 등 지방자치단체의 장은 물론 국회의원과 지방의회의원도 포함된다."", 'D. 공적 관심의 정도가 약한 4급 이상의 공무원들까지 대상으로 삼아 모든 질병명을 아무런 예외 없이 공개토록 한 것은 입법목적 실현에 치중한 나머지 사생활 보호의 헌법적 요청을 현저히 무시한 것으로 해당 공무원들의 사생활의 비밀과 자유를 침해하는 것이다.']",C,"A. 조항은 '공무원의 지위를 이용하지 아니한 행위'에까지 적용하는 한 헌법에 위반한다.
B. 정당의 공직선거 후보자 선출은 자발적 조직 내부의 의사결정에 지나지 아니하므로, 정당의 내부경선에 참여할 권리는 헌법이 보장하는 공무담임권의 내용에 포함된다고 보기 어렵다.
C. 선거에서의 중립의무가 부과되어야 하는 모든 공무원은 구체적으로 '자유선거원칙'과 '선거에서의 정당의 기회균등'을 위협할 수 있는 모든 공무원을 의미하므로, 여기에는 대통령, 국무총리, 국무위원, 도지사, 시장, 군수, 구청장 등 지방자치단체의 장은 물론 국회의원과 지방의회의원도 포함된다.
D. 공적 관심의 정도가 약한 4급 이상의 공무원들까지 대상으로 삼아 모든 질병명을 아무런 예외 없이 공개토록 한 것은 입법목적 실현에 치중한 나머지 사생활 보호의 헌법적 요청을 현저히 무시한 것으로 해당 공무원들의 사생활의 비밀과 자유를 침해하는 것이다.
","다음은 한국사회의 법에 대한 문제이다.
공무원제도에 대한 설명으로 옳지 않은 것은? (다툼이 있는 경우 판례에 의함)
A. 조항은 '공무원의 지위를 이용하지 아니한 행위'에까지 적용하는 한 헌법에 위반한다.
B. 정당의 공직선거 후보자 선출은 자발적 조직 내부의 의사결정에 지나지 아니하므로, 정당의 내부경선에 참여할 권리는 헌법이 보장하는 공무담임권의 내용에 포함된다고 보기 어렵다.
C. 선거에서의 중립의무가 부과되어야 하는 모든 공무원은 구체적으로 '자유선거원칙'과 '선거에서의 정당의 기회균등'을 위협할 수 있는 모든 공무원을 의미하므로, 여기에는 대통령, 국무총리, 국무위원, 도지사, 시장, 군수, 구청장 등 지방자치단체의 장은 물론 국회의원과 지방의회의원도 포함된다.
D. 공적 관심의 정도가 약한 4급 이상의 공무원들까지 대상으로 삼아 모든 질병명을 아무런 예외 없이 공개토록 한 것은 입법목적 실현에 치중한 나머지 사생활 보호의 헌법적 요청을 현저히 무시한 것으로 해당 공무원들의 사생활의 비밀과 자유를 침해하는 것이다.
","Next is the issue of law in Korean society.
Which of the following is not correct regarding the civil service system? (In case of dispute, according to precedent)
A. The provision violates the Constitution insofar as it applies to ‘acts that do not utilize the position of a public official.’
B. Since the selection of a political party's candidate for public office is nothing more than a decision-making within a voluntary organization, it is difficult to say that the right to participate in a political party's internal primary is included in the right to hold public office guaranteed by the Constitution.
C. All public officials who must be subject to the duty of neutrality in elections specifically refer to all public officials who may threaten the ‘principle of free elections’ and ‘equality of opportunity for political parties in elections’, and therefore include the President, Prime Minister, and the State Department. This includes heads of local governments such as committee members, governors, mayors, county governors, and district heads, as well as members of the National Assembly and local councils.
D. The fact that the names of all diseases were made public without any exception, even targeting level 4 or higher public servants with little public interest, was focused on realizing the legislative purpose and markedly ignored the constitutional request for privacy protection, thereby increasing the confidentiality of the private lives of those public officials. and is a violation of freedom.
"
644,PSAT_22_4,,"다음은 한국사회의 법에 대한 문제이다.
직업의 자유에 대한 설명으로 옳은 것은? (다툼이 있는 경우 판례에 의함)","['A. 조항은 일반적 행동의 자유 또는 직업의 자유를 침해하지 않는다.', ""B. 소송사건의 대리인인 변호사가 수형자를 접견하고자 하는 경우 소송계속 사실을 소명할 수 있는 자료를 제출하도록 규정하고 있는 형의 집행 및 수용자의 처우에 관한 법률 시행규칙 중 '수형자 접견'에 관한 부분은 변호사의 직업수행의 자유를 침해하지 않는다."", 'C. 학원의 설립ㆍ운영 및 과외교습에 관한 법률에 따라 설립된 학원 및 체육시설의 설치ㆍ이용에 관한 법률에 따라 설립된 체육시설에서 어린이통학버스를 운영함에 있어서 어린이 등과 함께 보호자를 의무적으로 동승하여 운행하도록 하는 도로교통법 조항은 학원 및 체육시설 운영자의 직업수행의 자유를 침해한다.', 'D. “약사 또는 한약사가 아니면 약국을 개설할 수 없다.”고 규정한 약사법 조항은 법인을 구성하여 약국을 개설ㆍ운영하려고 하는 약사들 및 이들로 구성된 법인의 직업선택(직업수행)의 자유와 결사의 자유를 침해한다.']",D,"A. 조항은 일반적 행동의 자유 또는 직업의 자유를 침해하지 않는다.
B. 소송사건의 대리인인 변호사가 수형자를 접견하고자 하는 경우 소송계속 사실을 소명할 수 있는 자료를 제출하도록 규정하고 있는 형의 집행 및 수용자의 처우에 관한 법률 시행규칙 중 '수형자 접견'에 관한 부분은 변호사의 직업수행의 자유를 침해하지 않는다.
C. 학원의 설립ㆍ운영 및 과외교습에 관한 법률에 따라 설립된 학원 및 체육시설의 설치ㆍ이용에 관한 법률에 따라 설립된 체육시설에서 어린이통학버스를 운영함에 있어서 어린이 등과 함께 보호자를 의무적으로 동승하여 운행하도록 하는 도로교통법 조항은 학원 및 체육시설 운영자의 직업수행의 자유를 침해한다.
D. “약사 또는 한약사가 아니면 약국을 개설할 수 없다.”고 규정한 약사법 조항은 법인을 구성하여 약국을 개설ㆍ운영하려고 하는 약사들 및 이들로 구성된 법인의 직업선택(직업수행)의 자유와 결사의 자유를 침해한다.
","다음은 한국사회의 법에 대한 문제이다.
직업의 자유에 대한 설명으로 옳은 것은? (다툼이 있는 경우 판례에 의함)
A. 조항은 일반적 행동의 자유 또는 직업의 자유를 침해하지 않는다.
B. 소송사건의 대리인인 변호사가 수형자를 접견하고자 하는 경우 소송계속 사실을 소명할 수 있는 자료를 제출하도록 규정하고 있는 형의 집행 및 수용자의 처우에 관한 법률 시행규칙 중 '수형자 접견'에 관한 부분은 변호사의 직업수행의 자유를 침해하지 않는다.
C. 학원의 설립ㆍ운영 및 과외교습에 관한 법률에 따라 설립된 학원 및 체육시설의 설치ㆍ이용에 관한 법률에 따라 설립된 체육시설에서 어린이통학버스를 운영함에 있어서 어린이 등과 함께 보호자를 의무적으로 동승하여 운행하도록 하는 도로교통법 조항은 학원 및 체육시설 운영자의 직업수행의 자유를 침해한다.
D. “약사 또는 한약사가 아니면 약국을 개설할 수 없다.”고 규정한 약사법 조항은 법인을 구성하여 약국을 개설ㆍ운영하려고 하는 약사들 및 이들로 구성된 법인의 직업선택(직업수행)의 자유와 결사의 자유를 침해한다.
","Next is the issue of law in Korean society.
Which of the following is correct about occupational freedom? (In case of dispute, according to precedent)
A. The provisions do not infringe on general freedom of action or freedom of occupation.
B. The section on ‘contact with inmates’ in the Enforcement Rules of the Act on Execution of Sentences and Treatment of Inmates, which stipulates that when a lawyer representing a litigation case wishes to meet with a prisoner, he must submit materials that can explain the fact that the lawsuit is continuing. does not infringe on the freedom of lawyers to practice their profession.
C. When operating a school bus for children at academies established pursuant to the Act on the Establishment and Operation of Academies and the Act on Establishment and Use of Sports Facilities and the Act on Establishment and Use of Sports Facilities, it is mandatory for a guardian to accompany the children. The provisions of the Road Traffic Act that require operators to operate infringing upon the freedom of academy and sports facility operators to perform their jobs.
D. The Pharmaceutical Affairs Act stipulates that “no one but a pharmacist or oriental pharmacist may open a pharmacy.” The provisions of the Pharmaceutical Affairs Act stipulate that pharmacists who intend to open and operate a pharmacy by forming a corporation and the corporation comprised of them are free to choose their profession (perform their profession) and Infringes on freedom of association.
"
645,PSAT_22_5,,"다음은 한국사회의 법에 대한 문제이다.
근로의 권리에 대한 설명으로 옳은 것은? (다툼이 있는 경우 판례에 의함)","[""A. 조항 중 '피보험자등이 출국한 때부터 14일 이내' 부분은 해당 외국인근로자의 근로의 권리를 침해한다."", 'B. 근로의 권리는 사회적 기본권으로서, 고용증진을 위한 사회적ㆍ경제적 정책을 요구할 수 있는 권리뿐만 아니라, 국가에 대하여 직접 일자리(직장)를 청구하거나 일자리에 갈음하는 생계비의 지급청구권을 의미한다.', 'C. 해고예고제도의 적용제외사유 중 하나로 일용근로자로서 3개월을 계속 근무하지 아니한 자를 규정하고 있는 근로기준법 조항은 해당 일용근로자의 근로의 권리를 침해한다.', 'D. 사용자로 하여금 2년을 초과하여 기간제근로자를 사용할 수 없도록 한 기간제 및 단시간근로자 보호 등에 관한 법률 조항은 해당 기간제근로자의 계약의 자유를 침해하지 않는다.']",D,"A. 조항 중 '피보험자등이 출국한 때부터 14일 이내' 부분은 해당 외국인근로자의 근로의 권리를 침해한다.
B. 근로의 권리는 사회적 기본권으로서, 고용증진을 위한 사회적ㆍ경제적 정책을 요구할 수 있는 권리뿐만 아니라, 국가에 대하여 직접 일자리(직장)를 청구하거나 일자리에 갈음하는 생계비의 지급청구권을 의미한다.
C. 해고예고제도의 적용제외사유 중 하나로 일용근로자로서 3개월을 계속 근무하지 아니한 자를 규정하고 있는 근로기준법 조항은 해당 일용근로자의 근로의 권리를 침해한다.
D. 사용자로 하여금 2년을 초과하여 기간제근로자를 사용할 수 없도록 한 기간제 및 단시간근로자 보호 등에 관한 법률 조항은 해당 기간제근로자의 계약의 자유를 침해하지 않는다.
","다음은 한국사회의 법에 대한 문제이다.
근로의 권리에 대한 설명으로 옳은 것은? (다툼이 있는 경우 판례에 의함)
A. 조항 중 '피보험자등이 출국한 때부터 14일 이내' 부분은 해당 외국인근로자의 근로의 권리를 침해한다.
B. 근로의 권리는 사회적 기본권으로서, 고용증진을 위한 사회적ㆍ경제적 정책을 요구할 수 있는 권리뿐만 아니라, 국가에 대하여 직접 일자리(직장)를 청구하거나 일자리에 갈음하는 생계비의 지급청구권을 의미한다.
C. 해고예고제도의 적용제외사유 중 하나로 일용근로자로서 3개월을 계속 근무하지 아니한 자를 규정하고 있는 근로기준법 조항은 해당 일용근로자의 근로의 권리를 침해한다.
D. 사용자로 하여금 2년을 초과하여 기간제근로자를 사용할 수 없도록 한 기간제 및 단시간근로자 보호 등에 관한 법률 조항은 해당 기간제근로자의 계약의 자유를 침해하지 않는다.
","Next is the issue of law in Korean society.
Which of the following is correct regarding the right to work? (In case of dispute, according to precedent)
A. The clause ‘within 14 days from the time the insured person leaves the country’ violates the foreign worker’s right to work.
B. The right to work is a basic social right, meaning not only the right to demand social and economic policies to promote employment, but also the right to claim a job (job) directly from the state or payment of living expenses in lieu of a job.
C. The provision of the Labor Standards Act, which stipulates that a daily worker who has not worked for three months as one of the reasons for exclusion from the application of the dismissal notice system, infringes on the daily worker's right to work.
D. The provisions of the law on the protection of fixed-term and part-time workers that prohibit employers from using fixed-term workers for more than two years do not infringe on the freedom of contract of the relevant fixed-term workers.
"
646,PSAT_22_6,,"다음은 한국사회의 법에 대한 문제이다.
평등권에 대한 설명으로 옳은 것은? (다툼이 있는 경우 판례에 의함)","['A. 초ㆍ중등학교 교원에 대하여는 정당가입을 금지하면서 대학교원에게는 허용하는 것은 기초적인 지식전달, 연구기능 등 직무의 본질이 서로 다른 점을 고려한 합리적 차별이므로 평등원칙에 반하지 아니한다.', 'B. 국민참여재판 배심원의 자격을 만 20세 이상으로 정한 것은 민법상 성년연령이 만 19세로 개정된 점이나 선거권 연령이 만 18세로 개정된 점을 고려해 볼 때, 만 19세 및 만 18세의 국민을 합리적인 이유 없이 차별취급 하는 것이다.', 'C. 형벌체계에 있어서 법정형의 균형은 한치의 오차도 없이 반드시 실현되어야 하는 헌법상 절대원칙이므로, 특정한 범죄에 대한 형벌이 그 자체로서의 책임과 형벌의 비례원칙에 위반되지 않더라도 보호법익과 죄질이 유사한 범죄에 대한 형벌과 비교할 때 형벌체계상의 균형을 상실할 우려가 있는 경우에는 평등원칙에 반한다고 할 수 있다.', 'D. 근로자의 날을 법정유급휴일로 할 것인지에 있어서 공무원과 일반근로자를 다르게 취급할 이유가 없으므로 근로자의 날을 공무원의 법정유급휴일로 정하지 않은 것은 공무원과 일반근로자를 자의적으로 차별하는 것에 해당하여 평등권을 침해한다.']",A,"A. 초ㆍ중등학교 교원에 대하여는 정당가입을 금지하면서 대학교원에게는 허용하는 것은 기초적인 지식전달, 연구기능 등 직무의 본질이 서로 다른 점을 고려한 합리적 차별이므로 평등원칙에 반하지 아니한다.
B. 국민참여재판 배심원의 자격을 만 20세 이상으로 정한 것은 민법상 성년연령이 만 19세로 개정된 점이나 선거권 연령이 만 18세로 개정된 점을 고려해 볼 때, 만 19세 및 만 18세의 국민을 합리적인 이유 없이 차별취급 하는 것이다.
C. 형벌체계에 있어서 법정형의 균형은 한치의 오차도 없이 반드시 실현되어야 하는 헌법상 절대원칙이므로, 특정한 범죄에 대한 형벌이 그 자체로서의 책임과 형벌의 비례원칙에 위반되지 않더라도 보호법익과 죄질이 유사한 범죄에 대한 형벌과 비교할 때 형벌체계상의 균형을 상실할 우려가 있는 경우에는 평등원칙에 반한다고 할 수 있다.
D. 근로자의 날을 법정유급휴일로 할 것인지에 있어서 공무원과 일반근로자를 다르게 취급할 이유가 없으므로 근로자의 날을 공무원의 법정유급휴일로 정하지 않은 것은 공무원과 일반근로자를 자의적으로 차별하는 것에 해당하여 평등권을 침해한다.
","다음은 한국사회의 법에 대한 문제이다.
평등권에 대한 설명으로 옳은 것은? (다툼이 있는 경우 판례에 의함)
A. 초ㆍ중등학교 교원에 대하여는 정당가입을 금지하면서 대학교원에게는 허용하는 것은 기초적인 지식전달, 연구기능 등 직무의 본질이 서로 다른 점을 고려한 합리적 차별이므로 평등원칙에 반하지 아니한다.
B. 국민참여재판 배심원의 자격을 만 20세 이상으로 정한 것은 민법상 성년연령이 만 19세로 개정된 점이나 선거권 연령이 만 18세로 개정된 점을 고려해 볼 때, 만 19세 및 만 18세의 국민을 합리적인 이유 없이 차별취급 하는 것이다.
C. 형벌체계에 있어서 법정형의 균형은 한치의 오차도 없이 반드시 실현되어야 하는 헌법상 절대원칙이므로, 특정한 범죄에 대한 형벌이 그 자체로서의 책임과 형벌의 비례원칙에 위반되지 않더라도 보호법익과 죄질이 유사한 범죄에 대한 형벌과 비교할 때 형벌체계상의 균형을 상실할 우려가 있는 경우에는 평등원칙에 반한다고 할 수 있다.
D. 근로자의 날을 법정유급휴일로 할 것인지에 있어서 공무원과 일반근로자를 다르게 취급할 이유가 없으므로 근로자의 날을 공무원의 법정유급휴일로 정하지 않은 것은 공무원과 일반근로자를 자의적으로 차별하는 것에 해당하여 평등권을 침해한다.
","Next is the issue of law in Korean society.
Which of the following is correct about equal rights? (In case of dispute, according to precedent)
A. Banning political party membership for elementary and middle school teachers while allowing university teachers to do so is reasonable discrimination considering the differences in the nature of their jobs, such as basic knowledge transmission and research functions, and does not conflict with the principle of equality.
B. The reason that the qualifications for jurors in public participation trials are set at 20 years or older is that considering that the age of majority under the Civil Act was revised to 19 years old and the voting age was revised to 18 years old, citizens aged 19 and 18 years old is treated differently without any reasonable reason.
C. In the punishment system, the balance of statutory punishment is an absolute principle under the Constitution that must be realized without the slightest error, so even if the punishment for a specific crime does not violate the principle of proportionality between responsibility and punishment in itself, the protected legal interests and the nature of the crime are similar. If there is a risk of losing the balance in the punishment system compared to the punishment for a crime, it can be said to be against the principle of equality.
D. There is no reason to treat public officials and ordinary workers differently in deciding whether to make Labor Day a statutory paid holiday. Therefore, not setting Labor Day as a statutory paid holiday for public servants amounts to arbitrary discrimination between public servants and general workers, which constitutes equal rights. violates.
"
647,PSAT_22_7,,"다음은 한국사회의 법에 대한 문제이다.
자기결정권에 대한 설명으로 옳지 않은 것은? (다툼이 있는 경우 판례에 의함)","['A. 상 자기낙태죄 조항은 입법목적을 달성하기 위하여 필요한 최소한의 정도를 넘어 임신한 여성의 자기결정권을 제한하고 있어 침해의 최소성을 갖추지 못하였고, 태아의 생명 보호라는 공익에 대하여만 일방적이고 절대적인 우위를 부여함으로써 법익균형성의 원칙도 위반하였으므로 과잉금지원칙을 위반하여 임신한 여성의 자기결정권을 침해한다.', 'B. 성폭력범죄의 처벌 등에 관한 특례법상 정신적인 장애로 항거불능 또는 항거곤란 상태에 있음을 이용하여 사람을 간음한 사람을 무기징역 또는 7년 이상의 징역에 처하도록 규정한 것은 정신적 장애인의 성적 자기결정권을 침해한다.', 'C. 전동킥보드의 최고속도를 25km/h 이내로 제한하는 것은 소비자가 그보다 빠른 제품을 구매하지 못하여 겪는 자기결정권 및 일반적 행동자유권의 제약에 비하여, 소비자의 생명ㆍ신체에 대한 위해 및 도로교통상의 위험을 방지하고 향후 자전거도로 통행이 가능해질 경우를 대비하여 소비자의 편의를 도모한다는 공익이 중대하므로 과잉금지원칙에 위반되지 않는다.', 'D. 본인이 해부용 시체로 제공되는 것에 대해 반대하는 의사표시를 명시적으로 표시할 수 있는 절차도 마련하지 않고 본인의 의사와는 무관하게 인수자가 없는 시체를 해부용으로 제공될 수 있도록 규정하고 있는 시체 해부 및 보존에 관한 법률 조항은 사실상 연고가 없는 청구인의 시체 처분에 대한 자기결정권을 침해한다.']",B,"A. 상 자기낙태죄 조항은 입법목적을 달성하기 위하여 필요한 최소한의 정도를 넘어 임신한 여성의 자기결정권을 제한하고 있어 침해의 최소성을 갖추지 못하였고, 태아의 생명 보호라는 공익에 대하여만 일방적이고 절대적인 우위를 부여함으로써 법익균형성의 원칙도 위반하였으므로 과잉금지원칙을 위반하여 임신한 여성의 자기결정권을 침해한다.
B. 성폭력범죄의 처벌 등에 관한 특례법상 정신적인 장애로 항거불능 또는 항거곤란 상태에 있음을 이용하여 사람을 간음한 사람을 무기징역 또는 7년 이상의 징역에 처하도록 규정한 것은 정신적 장애인의 성적 자기결정권을 침해한다.
C. 전동킥보드의 최고속도를 25km/h 이내로 제한하는 것은 소비자가 그보다 빠른 제품을 구매하지 못하여 겪는 자기결정권 및 일반적 행동자유권의 제약에 비하여, 소비자의 생명ㆍ신체에 대한 위해 및 도로교통상의 위험을 방지하고 향후 자전거도로 통행이 가능해질 경우를 대비하여 소비자의 편의를 도모한다는 공익이 중대하므로 과잉금지원칙에 위반되지 않는다.
D. 본인이 해부용 시체로 제공되는 것에 대해 반대하는 의사표시를 명시적으로 표시할 수 있는 절차도 마련하지 않고 본인의 의사와는 무관하게 인수자가 없는 시체를 해부용으로 제공될 수 있도록 규정하고 있는 시체 해부 및 보존에 관한 법률 조항은 사실상 연고가 없는 청구인의 시체 처분에 대한 자기결정권을 침해한다.
","다음은 한국사회의 법에 대한 문제이다.
자기결정권에 대한 설명으로 옳지 않은 것은? (다툼이 있는 경우 판례에 의함)
A. 상 자기낙태죄 조항은 입법목적을 달성하기 위하여 필요한 최소한의 정도를 넘어 임신한 여성의 자기결정권을 제한하고 있어 침해의 최소성을 갖추지 못하였고, 태아의 생명 보호라는 공익에 대하여만 일방적이고 절대적인 우위를 부여함으로써 법익균형성의 원칙도 위반하였으므로 과잉금지원칙을 위반하여 임신한 여성의 자기결정권을 침해한다.
B. 성폭력범죄의 처벌 등에 관한 특례법상 정신적인 장애로 항거불능 또는 항거곤란 상태에 있음을 이용하여 사람을 간음한 사람을 무기징역 또는 7년 이상의 징역에 처하도록 규정한 것은 정신적 장애인의 성적 자기결정권을 침해한다.
C. 전동킥보드의 최고속도를 25km/h 이내로 제한하는 것은 소비자가 그보다 빠른 제품을 구매하지 못하여 겪는 자기결정권 및 일반적 행동자유권의 제약에 비하여, 소비자의 생명ㆍ신체에 대한 위해 및 도로교통상의 위험을 방지하고 향후 자전거도로 통행이 가능해질 경우를 대비하여 소비자의 편의를 도모한다는 공익이 중대하므로 과잉금지원칙에 위반되지 않는다.
D. 본인이 해부용 시체로 제공되는 것에 대해 반대하는 의사표시를 명시적으로 표시할 수 있는 절차도 마련하지 않고 본인의 의사와는 무관하게 인수자가 없는 시체를 해부용으로 제공될 수 있도록 규정하고 있는 시체 해부 및 보존에 관한 법률 조항은 사실상 연고가 없는 청구인의 시체 처분에 대한 자기결정권을 침해한다.
","Next is the issue of law in Korean society.
Which of the following is not correct regarding the right to self-determination? (In case of dispute, according to precedent)
A. The self-abortion crime clause restricts the right to self-determination of pregnant women beyond the minimum necessary to achieve the legislative purpose, so it does not meet the minimum infringement, and is unilateral and absolute only with respect to the public interest of protecting the life of the fetus. By giving priority, it also violates the principle of legal and interest balance, thus violating the principle of prohibition of excess and infringing on the pregnant woman's right to self-determination.
B. The Special Act on the Punishment of Sexual Crimes, etc. stipulates that a person who commits adultery by taking advantage of the person's inability or difficulty to resist due to a mental disability shall be sentenced to life imprisonment or imprisonment for 7 years or more, which is in accordance with the right to sexual self-determination of the mentally disabled person. violates.
C. Limiting the maximum speed of electric kickboards to within 25 km/h reduces the risk of harm to consumers' lives and bodies and road traffic risks compared to the restrictions on consumers' right to self-determination and general freedom of action due to not being able to purchase products faster than that. It does not violate the principle of prohibition of excessive use, as the public interest in preventing and promoting convenience for consumers in case bicycle traffic becomes possible in the future is important.
D. It stipulates that corpses without a buyer can be provided for dissection regardless of the person's will, without establishing procedures to explicitly express objection to the person being provided as a corpse for dissection. The provisions of the law on the dissection and preservation of corpses actually infringe on the self-determination rights of unrelated claimants regarding the disposal of corpses.
"
648,PSAT_22_8,,"다음은 한국사회의 법에 대한 문제이다.
집회의 자유에 대한 설명으로 옳지 않은 것은? (다툼이 있는 경우 판례에 의함)","[""A. 상의 '시위'는 반드시 '일반인이 자유로이 통행할 수 있는 장소'에서 이루어져야 한다거나 '행진' 등 장소 이동을 동반해야만 성립하는 것은 아니다."", 'B. 집회의 자유는 민주국가에서 사회ㆍ정치현상에 대한 불만과 비판을 공개적으로 표출케 함으로써 정치적 불만이 있는 자를 사회에 통합하고 정치적 안정에 기여하는 기능을 하는 중요한 수단이기 때문에, 평화적 수단을 이용한 의견의 표명뿐만 아니라 폭력을 사용한 의견의 강요 역시 헌법적으로 보호된다.', 'C. 집회는 특별한 상징적 의미나 집회와 특별한 연관성을 갖는 장소에서 이루어져야 의견표명이 효과적으로 이루어질 수 있으므로 집회 장소를 선택할 자유는 집회의 자유의 실질적 부분을 형성한다.', 'D. 집회 및 시위에 관한 법률상 미신고 옥외집회 또는 시위를 해산명령 대상으로 하면서 별도의 해산 요건을 정하고 있지 않더라도, 그 옥외집회 또는 시위로 인하여 타인의 법익이나 공공의 안녕질서에 대한 직접적인 위험이 명백하게 초래된 경우에 한하여 해산을 명할 수 있다.']",B,"A. 상의 '시위'는 반드시 '일반인이 자유로이 통행할 수 있는 장소'에서 이루어져야 한다거나 '행진' 등 장소 이동을 동반해야만 성립하는 것은 아니다.
B. 집회의 자유는 민주국가에서 사회ㆍ정치현상에 대한 불만과 비판을 공개적으로 표출케 함으로써 정치적 불만이 있는 자를 사회에 통합하고 정치적 안정에 기여하는 기능을 하는 중요한 수단이기 때문에, 평화적 수단을 이용한 의견의 표명뿐만 아니라 폭력을 사용한 의견의 강요 역시 헌법적으로 보호된다.
C. 집회는 특별한 상징적 의미나 집회와 특별한 연관성을 갖는 장소에서 이루어져야 의견표명이 효과적으로 이루어질 수 있으므로 집회 장소를 선택할 자유는 집회의 자유의 실질적 부분을 형성한다.
D. 집회 및 시위에 관한 법률상 미신고 옥외집회 또는 시위를 해산명령 대상으로 하면서 별도의 해산 요건을 정하고 있지 않더라도, 그 옥외집회 또는 시위로 인하여 타인의 법익이나 공공의 안녕질서에 대한 직접적인 위험이 명백하게 초래된 경우에 한하여 해산을 명할 수 있다.
","다음은 한국사회의 법에 대한 문제이다.
집회의 자유에 대한 설명으로 옳지 않은 것은? (다툼이 있는 경우 판례에 의함)
A. 상의 '시위'는 반드시 '일반인이 자유로이 통행할 수 있는 장소'에서 이루어져야 한다거나 '행진' 등 장소 이동을 동반해야만 성립하는 것은 아니다.
B. 집회의 자유는 민주국가에서 사회ㆍ정치현상에 대한 불만과 비판을 공개적으로 표출케 함으로써 정치적 불만이 있는 자를 사회에 통합하고 정치적 안정에 기여하는 기능을 하는 중요한 수단이기 때문에, 평화적 수단을 이용한 의견의 표명뿐만 아니라 폭력을 사용한 의견의 강요 역시 헌법적으로 보호된다.
C. 집회는 특별한 상징적 의미나 집회와 특별한 연관성을 갖는 장소에서 이루어져야 의견표명이 효과적으로 이루어질 수 있으므로 집회 장소를 선택할 자유는 집회의 자유의 실질적 부분을 형성한다.
D. 집회 및 시위에 관한 법률상 미신고 옥외집회 또는 시위를 해산명령 대상으로 하면서 별도의 해산 요건을 정하고 있지 않더라도, 그 옥외집회 또는 시위로 인하여 타인의 법익이나 공공의 안녕질서에 대한 직접적인 위험이 명백하게 초래된 경우에 한하여 해산을 명할 수 있다.
","Next is the issue of law in Korean society.
Which of the following is incorrect regarding freedom of assembly? (In case of dispute, according to precedent)
A. The 'demonstration' described above does not necessarily have to be held in a 'place where the general public can freely pass' or be accompanied by a movement of places such as a 'march'.
B. Freedom of assembly is an important means of integrating those with political dissatisfaction into society and contributing to political stability by allowing them to publicly express dissatisfaction and criticism about social and political phenomena in democratic countries, so it is possible to use peaceful means. Not only the expression of opinions, but also the coercion of opinions using violence is constitutionally protected.
C. In order for opinions to be expressed effectively, an assembly must be held in a place that has a special symbolic meaning or a special connection with the assembly, so the freedom to choose the location of the assembly forms a substantive part of the freedom of assembly.
D. Even if undeclared outdoor assemblies or demonstrations are subject to a dispersal order under the Assembly and Demonstration Act and there are no separate requirements for dispersal, it is clear that there is a direct risk to the legal interests of others or public peace and order due to the outdoor assemblies or demonstrations. Dissolution may be ordered only in such cases.
"
649,PSAT_22_9,,"다음은 한국사회의 법에 대한 문제이다.
사생활의 비밀과 자유에 대한 설명으로 옳지 않은 것은? (다툼이 있는 경우 판례에 의함)","['A. 사생활의 비밀은 국가가 사생활영역을 들여다보는 것에 대한 보호를 제공하는 기본권이며, 사생활의 자유는 국가가 사생활의 자유로운 형성을 방해하거나 금지하는 것에 대한 보호를 의미한다.', 'B. 인터넷회선 감청은 타인과의 관계를 전제로 하는 개인의 사적 영역을 보호하려는 헌법 제18조의 통신의 비밀과 자유 외에 헌법 제17조 사생활의 비밀과 자유도 제한한다.', 'C. 공직자의 자질ㆍ도덕성ㆍ청렴성에 관한 사실이 개인적인 사생활에 관한 것이라면, 순수한 사생활의 영역에 있다고 보아야 할 것이므로 공적인 관심 사안에 해당할 수 없다.', ""D. 자동차를 도로에서 운전하는 중에 좌석안전띠를 착용할 것인가 여부의 생활관계가 개인의 전체적 인격과 생존에 관계되는 '사생활의 기본조건'이라거나 자기결정의 핵심적 영역 또는 인격적 핵심과 관련된다고 보기 어려워, 운전할 때 운전자가 좌석안전띠를 착용할 의무는 운전자의 사생활의 비밀과 자유를 침해하는 것이라 할 수 없다.""]",C,"A. 사생활의 비밀은 국가가 사생활영역을 들여다보는 것에 대한 보호를 제공하는 기본권이며, 사생활의 자유는 국가가 사생활의 자유로운 형성을 방해하거나 금지하는 것에 대한 보호를 의미한다.
B. 인터넷회선 감청은 타인과의 관계를 전제로 하는 개인의 사적 영역을 보호하려는 헌법 제18조의 통신의 비밀과 자유 외에 헌법 제17조 사생활의 비밀과 자유도 제한한다.
C. 공직자의 자질ㆍ도덕성ㆍ청렴성에 관한 사실이 개인적인 사생활에 관한 것이라면, 순수한 사생활의 영역에 있다고 보아야 할 것이므로 공적인 관심 사안에 해당할 수 없다.
D. 자동차를 도로에서 운전하는 중에 좌석안전띠를 착용할 것인가 여부의 생활관계가 개인의 전체적 인격과 생존에 관계되는 '사생활의 기본조건'이라거나 자기결정의 핵심적 영역 또는 인격적 핵심과 관련된다고 보기 어려워, 운전할 때 운전자가 좌석안전띠를 착용할 의무는 운전자의 사생활의 비밀과 자유를 침해하는 것이라 할 수 없다.
","다음은 한국사회의 법에 대한 문제이다.
사생활의 비밀과 자유에 대한 설명으로 옳지 않은 것은? (다툼이 있는 경우 판례에 의함)
A. 사생활의 비밀은 국가가 사생활영역을 들여다보는 것에 대한 보호를 제공하는 기본권이며, 사생활의 자유는 국가가 사생활의 자유로운 형성을 방해하거나 금지하는 것에 대한 보호를 의미한다.
B. 인터넷회선 감청은 타인과의 관계를 전제로 하는 개인의 사적 영역을 보호하려는 헌법 제18조의 통신의 비밀과 자유 외에 헌법 제17조 사생활의 비밀과 자유도 제한한다.
C. 공직자의 자질ㆍ도덕성ㆍ청렴성에 관한 사실이 개인적인 사생활에 관한 것이라면, 순수한 사생활의 영역에 있다고 보아야 할 것이므로 공적인 관심 사안에 해당할 수 없다.
D. 자동차를 도로에서 운전하는 중에 좌석안전띠를 착용할 것인가 여부의 생활관계가 개인의 전체적 인격과 생존에 관계되는 '사생활의 기본조건'이라거나 자기결정의 핵심적 영역 또는 인격적 핵심과 관련된다고 보기 어려워, 운전할 때 운전자가 좌석안전띠를 착용할 의무는 운전자의 사생활의 비밀과 자유를 침해하는 것이라 할 수 없다.
","Next is the issue of law in Korean society.
Which of the following is not correct regarding privacy and freedom? (In case of dispute, according to precedent)
A. Secrecy of private life is a basic right that provides protection against the state looking into private areas, and freedom of privacy means protection against the state interfering with or prohibiting the free formation of private life.
B. Internet wiretapping not only restricts the secrecy and freedom of communication under Article 18 of the Constitution, which seeks to protect an individual's private sphere based on relationships with others, but also restricts the secrecy and freedom of private life under Article 17 of the Constitution.
C. If facts about the qualifications, morality, and integrity of public officials are related to personal privacy, they should be considered to be in the realm of pure privacy, and therefore cannot be a matter of public interest.
D. It is difficult to regard the life relationship of whether or not to wear a seat belt while driving a car on the road as a 'basic condition of privacy' related to an individual's overall personality and survival, or as related to the core area of ​​self-determination or the core of personality. , the driver's obligation to wear a seat belt when driving cannot be said to be an infringement on the driver's privacy and freedom.
"
650,PSAT_22_10,,"다음은 한국사회의 법에 대한 문제이다.
사회적 기본권에 대한 설명으로 옳지 않은 것은? (다툼이 있는 경우 판례에 의함)","[""A. 상 '대학원에 재학 중인 사람'과 '부모에게 버림받아 부모를 알 수 없는 사람'을 조건 부과 유예의 대상자에 포함시키지 않았다는 사정만으로 국가가 인간다운 생활을 보장하기 위한 조치를 취함에 있어서 실현해야 할 객관적 내용의 최소한도 보장에 이르지 못하였다거나 헌법상 용인될 수 있는 재량의 범위를 명백히 일탈하였다고는 보기 어렵다."", 'B. 지뢰피해자 및 그 유족에 대한 위로금 산정 시 사망 또는 상이를 입을 당시의 월평균임금을 기준으로 하고, 그 기준으로 산정한 위로금이 2천만 원에 이르지 아니할 경우 2천만 원을 초과하지 아니하는 범위에서 조정ㆍ지급할 수 있도록 한 지뢰피해자 지원에 관한 특별법 조항은 인간다운 생활을 할 권리를 침해한다고 볼 수 없다.', 'C. 구공무원연금법상 유족급여수급권이 헌법상 보장되는 재산권에 포함되기 때문에 대통령령이 정하는 정도의 장애 상태에 있지 아니한 19세 이상의 자녀를 유족의 범위에서 제외한 것은 유족급여수급권의 본질적 내용을 침해하여 입법형성권의 범위를 벗어난 것이다.', ""D. 산재피해 근로자에게 인정되는 산재보험수급권은 입법재량권의 행사에 의하여 제정된 산업재해보상보험법에 의하여 비로소 구체화되는 '법률상의 권리'이며, 개인에게 국가에 대한 사회보장ㆍ사회복지 또는 재해예방 등과 관련된 적극적 급부청구권이 인정되는 것은 아니다.""]",C,"A. 상 '대학원에 재학 중인 사람'과 '부모에게 버림받아 부모를 알 수 없는 사람'을 조건 부과 유예의 대상자에 포함시키지 않았다는 사정만으로 국가가 인간다운 생활을 보장하기 위한 조치를 취함에 있어서 실현해야 할 객관적 내용의 최소한도 보장에 이르지 못하였다거나 헌법상 용인될 수 있는 재량의 범위를 명백히 일탈하였다고는 보기 어렵다.
B. 지뢰피해자 및 그 유족에 대한 위로금 산정 시 사망 또는 상이를 입을 당시의 월평균임금을 기준으로 하고, 그 기준으로 산정한 위로금이 2천만 원에 이르지 아니할 경우 2천만 원을 초과하지 아니하는 범위에서 조정ㆍ지급할 수 있도록 한 지뢰피해자 지원에 관한 특별법 조항은 인간다운 생활을 할 권리를 침해한다고 볼 수 없다.
C. 구공무원연금법상 유족급여수급권이 헌법상 보장되는 재산권에 포함되기 때문에 대통령령이 정하는 정도의 장애 상태에 있지 아니한 19세 이상의 자녀를 유족의 범위에서 제외한 것은 유족급여수급권의 본질적 내용을 침해하여 입법형성권의 범위를 벗어난 것이다.
D. 산재피해 근로자에게 인정되는 산재보험수급권은 입법재량권의 행사에 의하여 제정된 산업재해보상보험법에 의하여 비로소 구체화되는 '법률상의 권리'이며, 개인에게 국가에 대한 사회보장ㆍ사회복지 또는 재해예방 등과 관련된 적극적 급부청구권이 인정되는 것은 아니다.
","다음은 한국사회의 법에 대한 문제이다.
사회적 기본권에 대한 설명으로 옳지 않은 것은? (다툼이 있는 경우 판례에 의함)
A. 상 '대학원에 재학 중인 사람'과 '부모에게 버림받아 부모를 알 수 없는 사람'을 조건 부과 유예의 대상자에 포함시키지 않았다는 사정만으로 국가가 인간다운 생활을 보장하기 위한 조치를 취함에 있어서 실현해야 할 객관적 내용의 최소한도 보장에 이르지 못하였다거나 헌법상 용인될 수 있는 재량의 범위를 명백히 일탈하였다고는 보기 어렵다.
B. 지뢰피해자 및 그 유족에 대한 위로금 산정 시 사망 또는 상이를 입을 당시의 월평균임금을 기준으로 하고, 그 기준으로 산정한 위로금이 2천만 원에 이르지 아니할 경우 2천만 원을 초과하지 아니하는 범위에서 조정ㆍ지급할 수 있도록 한 지뢰피해자 지원에 관한 특별법 조항은 인간다운 생활을 할 권리를 침해한다고 볼 수 없다.
C. 구공무원연금법상 유족급여수급권이 헌법상 보장되는 재산권에 포함되기 때문에 대통령령이 정하는 정도의 장애 상태에 있지 아니한 19세 이상의 자녀를 유족의 범위에서 제외한 것은 유족급여수급권의 본질적 내용을 침해하여 입법형성권의 범위를 벗어난 것이다.
D. 산재피해 근로자에게 인정되는 산재보험수급권은 입법재량권의 행사에 의하여 제정된 산업재해보상보험법에 의하여 비로소 구체화되는 '법률상의 권리'이며, 개인에게 국가에 대한 사회보장ㆍ사회복지 또는 재해예방 등과 관련된 적극적 급부청구권이 인정되는 것은 아니다.
","Next is the issue of law in Korean society.
Which of the following is incorrect regarding basic social rights? (In case of dispute, according to precedent)
A. This is realized when the state takes measures to guarantee a decent life simply because ‘persons enrolled in graduate school’ and ‘persons who have been abandoned by their parents and do not know their parents’ are not included in the list of subjects subject to the suspension of conditional imposition. It is difficult to say that the minimum objective content that should be guaranteed was not achieved or that it clearly deviated from the scope of discretion that can be tolerated under the Constitution.
B. When calculating the compensation for landmine victims and their surviving family members, the average monthly wage at the time of death or injury shall be based on the compensation, and if the compensation calculated based on that does not reach 20 million won, it shall not exceed 20 million won. The provisions of the Special Act on Support for Landmine Victims, which allows for adjustment and payment, cannot be seen as infringing on the right to live a decent life.
C. Since the right to receive beneficiary benefits under the former Public Officials Pension Act is included in the right to receive bereavement benefits under the Constitution, the exclusion of children over 19 years of age who do not suffer from a disability to the degree prescribed by the Presidential Decree from the scope of bereaved family members is enacted in violation of the essential content of the right to be entitled to bereaved benefactors. It is outside the scope of the right to form.
D. The right to receive industrial accident insurance recognized by workers who have suffered industrial accidents is a 'legal right' that is finally specified by the Industrial Accident Compensation Insurance Act enacted through the exercise of legislative discretion, and provides individuals with social security, social welfare, disaster prevention, etc. from the state. The related active right to claim benefits is not recognized.
"
651,PSAT_22_11,,"다음은 한국사회의 법에 대한 문제이다.
기본권 제한 및 한계에 대한 설명으로 옳지 않은 것은? (다툼이 있는 경우 판례에 의함)","['A. 금치처분을 받은 수형자에 대하여 집필의 목적과 내용 등을 묻지 아니하고 일체의 집필행위를 금지하는 것은 입법목적 달성을 위한 필요최소한의 제한이라는 한계를 벗어난 것으로서 과잉금지의 원칙에 위반된다.', ""B. 방송사업자가 구방송법상 심의규정을 위반한 경우 방송통신위원회로 하여금 전문성과 독립성을 갖춘 방송통신심의위원회의 심의를 거쳐 '시청자에 대한 사과'를 명할 수 있도록 규정한 것은 침해의 최소성원칙에 위배되지 않는다."", 'C. 정부에 대한 반대 견해나 비판에 대하여 합리적인 홍보와 설득으로 대처하는 것이 아니라 비판적 견해를 가졌다는 이유만으로 국가의 지원에서 일방적으로 배제함으로써 정치적 표현의 자유를 제재하는 공권력의 행사는 헌법의 근본원리인 국민주권주의와 자유민주적 기본질서에 반하는 것으로 그 목적의 정당성을 인정할 수 없다.', 'D. 육군3사관학교 사관생도는 군 장교를 배출하기 위하여 국가가 모든 재정을 부담하는 특수교육기관인 육군3사관학교의 구성원이므로 그 존립 목적을 달성하기 위하여 필요한 한도 내에서 일반 국민보다 상대적으로 기본권이 더 제한될 수 있으나, 그러한 경우에도 법률유보원칙, 과잉금지원칙 등 기본권 제한의 헌법상 원칙들을 지켜야 한다.']",B,"A. 금치처분을 받은 수형자에 대하여 집필의 목적과 내용 등을 묻지 아니하고 일체의 집필행위를 금지하는 것은 입법목적 달성을 위한 필요최소한의 제한이라는 한계를 벗어난 것으로서 과잉금지의 원칙에 위반된다.
B. 방송사업자가 구방송법상 심의규정을 위반한 경우 방송통신위원회로 하여금 전문성과 독립성을 갖춘 방송통신심의위원회의 심의를 거쳐 '시청자에 대한 사과'를 명할 수 있도록 규정한 것은 침해의 최소성원칙에 위배되지 않는다.
C. 정부에 대한 반대 견해나 비판에 대하여 합리적인 홍보와 설득으로 대처하는 것이 아니라 비판적 견해를 가졌다는 이유만으로 국가의 지원에서 일방적으로 배제함으로써 정치적 표현의 자유를 제재하는 공권력의 행사는 헌법의 근본원리인 국민주권주의와 자유민주적 기본질서에 반하는 것으로 그 목적의 정당성을 인정할 수 없다.
D. 육군3사관학교 사관생도는 군 장교를 배출하기 위하여 국가가 모든 재정을 부담하는 특수교육기관인 육군3사관학교의 구성원이므로 그 존립 목적을 달성하기 위하여 필요한 한도 내에서 일반 국민보다 상대적으로 기본권이 더 제한될 수 있으나, 그러한 경우에도 법률유보원칙, 과잉금지원칙 등 기본권 제한의 헌법상 원칙들을 지켜야 한다.
","다음은 한국사회의 법에 대한 문제이다.
기본권 제한 및 한계에 대한 설명으로 옳지 않은 것은? (다툼이 있는 경우 판례에 의함)
A. 금치처분을 받은 수형자에 대하여 집필의 목적과 내용 등을 묻지 아니하고 일체의 집필행위를 금지하는 것은 입법목적 달성을 위한 필요최소한의 제한이라는 한계를 벗어난 것으로서 과잉금지의 원칙에 위반된다.
B. 방송사업자가 구방송법상 심의규정을 위반한 경우 방송통신위원회로 하여금 전문성과 독립성을 갖춘 방송통신심의위원회의 심의를 거쳐 '시청자에 대한 사과'를 명할 수 있도록 규정한 것은 침해의 최소성원칙에 위배되지 않는다.
C. 정부에 대한 반대 견해나 비판에 대하여 합리적인 홍보와 설득으로 대처하는 것이 아니라 비판적 견해를 가졌다는 이유만으로 국가의 지원에서 일방적으로 배제함으로써 정치적 표현의 자유를 제재하는 공권력의 행사는 헌법의 근본원리인 국민주권주의와 자유민주적 기본질서에 반하는 것으로 그 목적의 정당성을 인정할 수 없다.
D. 육군3사관학교 사관생도는 군 장교를 배출하기 위하여 국가가 모든 재정을 부담하는 특수교육기관인 육군3사관학교의 구성원이므로 그 존립 목적을 달성하기 위하여 필요한 한도 내에서 일반 국민보다 상대적으로 기본권이 더 제한될 수 있으나, 그러한 경우에도 법률유보원칙, 과잉금지원칙 등 기본권 제한의 헌법상 원칙들을 지켜야 한다.
","Next is the issue of law in Korean society.
Which of the following is incorrect regarding the restrictions and limitations of basic rights? (In case of dispute, according to precedent)
A. Prohibiting a prisoner who has been placed under confinement from any writing activity without inquiring about the purpose and content of the writing, etc., violates the principle of excessive prohibition as it exceeds the limit of the minimum necessary restrictions to achieve the legislative purpose.
B. The principle of minimum infringement stipulates that if a broadcasting business operator violates the deliberation regulations under the old Broadcasting Act, the Korea Communications Commission can order an ‘apology to viewers’ after deliberation by the Korea Communications Standards Commission, which has expertise and independence. does not violate
C. The exercise of public power to restrict freedom of political expression by unilaterally excluding opposing views or criticisms of the government from state support simply because they hold critical views, rather than responding with reasonable publicity and persuasion, is a fundamental principle of the Constitution. The legitimacy of its purpose cannot be recognized as it runs counter to popular sovereignty and the basic liberal democratic order.
D. Cadets at the 3rd Army Military Academy are members of the 3rd Army Military Academy, a special educational institution for which the government bears all the financial burden to produce military officers, so their basic rights are relatively more limited than those of ordinary citizens to the extent necessary to achieve the purpose of its existence. However, even in such a case, the constitutional principles of restricting basic rights, such as the principle of legal reservation and the principle of prohibition of excess, must be observed.
"
652,PSAT_22_12,,"다음은 한국사회의 법에 대한 문제이다.
행정입법에 대한 설명으로 옳지 않은 것은? (다툼이 있는 경우 판례에 의함)","['A. 법령의 규정이 특정 행정기관에게 법령 내용의 구체적 사항을 정할 수 있는 권한을 부여하면서 권한행사의 절차나 방법을 특정하지 아니한 경우에는 수임 행정기관은 행정규칙이나 규정 형식으로 법령 내용이 될 사항을 구체적으로 정할 수 있다.', 'B. 헌법 제75조는 위임입법의 근거를 마련함과 동시에, 위임은 구체적으로 범위를 정하여 하도록 하여 그 한계를 제시하며 행정부에 입법을 위임하는 수권법률의 명확성 원칙에 관한 것으로서, 법률의 명확성 원칙이 행정입법에 관하여 구체화된 특별규정이라고 할 수 있다.', ""C. 행정규칙이 행정기관에 법령의 구체적 내용을 보충할 권한을 부여한 법령 규정의 효력에 근거하여 예외적으로 대외적 구속력이 인정되는 경우에도 행정규칙이나 규정의 '내용'이 상위법령의 위임범위를 벗어난 경우뿐만 아니라 상위법령의 위임규정에서 특정하여 정한 권한 행사의 '절차'나 '방식'에 위배되는 경우에는 대외적 구속력을 가지는 법규명령으로서 효력이 인정될 수 없다."", 'D. 행정규칙은 법규명령과 같은 엄격한 제정 및 개정절차를 필요로 하지 아니하므로, 기본권을 제한하는 내용의 입법을 위임할 때에는 법규명령에 위임하는 것이 원칙이고, 고시와 같은 형식으로 입법위임을 할 때에는 법령이 전문적ㆍ기술적 사항이나 경미한 사항으로서 업무의 성질상 위임이 불가피한 사항에 한정되나, 이때 법률의 위임은 반드시 구체적ㆍ개별적으로 한정된 사항에 대해 행하여져야 하는 것은 아니다.']",D,"A. 법령의 규정이 특정 행정기관에게 법령 내용의 구체적 사항을 정할 수 있는 권한을 부여하면서 권한행사의 절차나 방법을 특정하지 아니한 경우에는 수임 행정기관은 행정규칙이나 규정 형식으로 법령 내용이 될 사항을 구체적으로 정할 수 있다.
B. 헌법 제75조는 위임입법의 근거를 마련함과 동시에, 위임은 구체적으로 범위를 정하여 하도록 하여 그 한계를 제시하며 행정부에 입법을 위임하는 수권법률의 명확성 원칙에 관한 것으로서, 법률의 명확성 원칙이 행정입법에 관하여 구체화된 특별규정이라고 할 수 있다.
C. 행정규칙이 행정기관에 법령의 구체적 내용을 보충할 권한을 부여한 법령 규정의 효력에 근거하여 예외적으로 대외적 구속력이 인정되는 경우에도 행정규칙이나 규정의 '내용'이 상위법령의 위임범위를 벗어난 경우뿐만 아니라 상위법령의 위임규정에서 특정하여 정한 권한 행사의 '절차'나 '방식'에 위배되는 경우에는 대외적 구속력을 가지는 법규명령으로서 효력이 인정될 수 없다.
D. 행정규칙은 법규명령과 같은 엄격한 제정 및 개정절차를 필요로 하지 아니하므로, 기본권을 제한하는 내용의 입법을 위임할 때에는 법규명령에 위임하는 것이 원칙이고, 고시와 같은 형식으로 입법위임을 할 때에는 법령이 전문적ㆍ기술적 사항이나 경미한 사항으로서 업무의 성질상 위임이 불가피한 사항에 한정되나, 이때 법률의 위임은 반드시 구체적ㆍ개별적으로 한정된 사항에 대해 행하여져야 하는 것은 아니다.
","다음은 한국사회의 법에 대한 문제이다.
행정입법에 대한 설명으로 옳지 않은 것은? (다툼이 있는 경우 판례에 의함)
A. 법령의 규정이 특정 행정기관에게 법령 내용의 구체적 사항을 정할 수 있는 권한을 부여하면서 권한행사의 절차나 방법을 특정하지 아니한 경우에는 수임 행정기관은 행정규칙이나 규정 형식으로 법령 내용이 될 사항을 구체적으로 정할 수 있다.
B. 헌법 제75조는 위임입법의 근거를 마련함과 동시에, 위임은 구체적으로 범위를 정하여 하도록 하여 그 한계를 제시하며 행정부에 입법을 위임하는 수권법률의 명확성 원칙에 관한 것으로서, 법률의 명확성 원칙이 행정입법에 관하여 구체화된 특별규정이라고 할 수 있다.
C. 행정규칙이 행정기관에 법령의 구체적 내용을 보충할 권한을 부여한 법령 규정의 효력에 근거하여 예외적으로 대외적 구속력이 인정되는 경우에도 행정규칙이나 규정의 '내용'이 상위법령의 위임범위를 벗어난 경우뿐만 아니라 상위법령의 위임규정에서 특정하여 정한 권한 행사의 '절차'나 '방식'에 위배되는 경우에는 대외적 구속력을 가지는 법규명령으로서 효력이 인정될 수 없다.
D. 행정규칙은 법규명령과 같은 엄격한 제정 및 개정절차를 필요로 하지 아니하므로, 기본권을 제한하는 내용의 입법을 위임할 때에는 법규명령에 위임하는 것이 원칙이고, 고시와 같은 형식으로 입법위임을 할 때에는 법령이 전문적ㆍ기술적 사항이나 경미한 사항으로서 업무의 성질상 위임이 불가피한 사항에 한정되나, 이때 법률의 위임은 반드시 구체적ㆍ개별적으로 한정된 사항에 대해 행하여져야 하는 것은 아니다.
","Next is the issue of law in Korean society.
Which of the following is incorrect regarding administrative legislation? (In case of dispute, according to precedent)
A. If the provisions of a law grant a specific administrative agency the authority to determine specific details of the content of the law but do not specify the procedure or method of exercising the authority, the entrusted administrative agency shall determine the matters that will become the content of the law in the form of administrative rules or regulations. can be determined specifically.
B. Article 75 of the Constitution establishes the basis for delegated legislation and at the same time sets out the scope and limits of delegation and concerns the principle of clarity in authorizing laws that delegates legislation to the executive branch. The principle of clarity in law governs the executive branch. It can be said to be a special regulation specified in relation to legislation.
C. Even in cases where administrative rules are exceptionally recognized as externally binding based on the effect of statutory provisions that grant administrative agencies the authority to supplement the specific content of laws and regulations, the ‘content’ of administrative rules or regulations is outside the scope of delegation of higher-level laws and regulations. In addition, if it violates the 'procedure' or 'method' of exercising authority specifically set in the delegation provisions of higher-level laws, it cannot be recognized as an externally binding legal order.
D. Since administrative rules do not require strict enactment and revision procedures like legal orders, when entrusting legislation restricting basic rights, the principle is to delegate to legal orders, and legislative delegation can be done in a form such as a notice. In this case, the law is limited to professional, technical matters or minor matters for which delegation is inevitable due to the nature of the work, but in this case, the delegation of law does not necessarily have to be made for specific or individually limited matters.
"
653,PSAT_22_13,,"다음은 한국사회의 법에 대한 문제이다.
국무총리 및 국무위원에 대한 설명으로 옳은 것은?","['A. 국무위원이 그 직무집행에 있어서 헌법이나 법률을 위배한 때에는 국회는 탄핵의 소추를 의결할 수 있다.', 'B. 국무총리가 대통령에게 국무위원의 해임을 건의하는 경우 국회의 동의를 얻어야 한다.', 'C. 국무위원은 소관사무에 관하여 대통령령이나 총리령의 위임 또는 직권으로 부령을 발할 수 있다.', 'D. 국무위원은 행정각부의 장 중에서 국무총리의 제청으로 대통령이 임명한다.']",A,"A. 국무위원이 그 직무집행에 있어서 헌법이나 법률을 위배한 때에는 국회는 탄핵의 소추를 의결할 수 있다.
B. 국무총리가 대통령에게 국무위원의 해임을 건의하는 경우 국회의 동의를 얻어야 한다.
C. 국무위원은 소관사무에 관하여 대통령령이나 총리령의 위임 또는 직권으로 부령을 발할 수 있다.
D. 국무위원은 행정각부의 장 중에서 국무총리의 제청으로 대통령이 임명한다.
","다음은 한국사회의 법에 대한 문제이다.
국무총리 및 국무위원에 대한 설명으로 옳은 것은?
A. 국무위원이 그 직무집행에 있어서 헌법이나 법률을 위배한 때에는 국회는 탄핵의 소추를 의결할 수 있다.
B. 국무총리가 대통령에게 국무위원의 해임을 건의하는 경우 국회의 동의를 얻어야 한다.
C. 국무위원은 소관사무에 관하여 대통령령이나 총리령의 위임 또는 직권으로 부령을 발할 수 있다.
D. 국무위원은 행정각부의 장 중에서 국무총리의 제청으로 대통령이 임명한다.
","Next is the issue of law in Korean society.
Which of the following is correct regarding the Prime Minister and State Council members?
A. If a State Council member violates the Constitution or the law in the performance of his/her duties, the National Assembly may decide to impeach him/her.
B. If the Prime Minister proposes to the President the dismissal of a State Council member, the consent of the National Assembly must be obtained.
C. State Council members may issue ministerial decrees on behalf of the President or Prime Minister, or ex officio, with respect to affairs under their jurisdiction.
D. State Council members are appointed by the President from among the heads of administrative departments upon the recommendation of the Prime Minister.
"
654,PSAT_22_14,,"다음은 한국사회의 법에 대한 문제이다.
대통령의 권한에 대한 설명으로 옳은 것은?","['A. 대통령이 국회의 임시회의 집회를 요구할 때에는 기간과 집회요구의 이유를 명시하여야 한다.', 'B. 대통령은 법률이 정하는 바에 의하여 사면ㆍ감형 또는 복권을 명할 수 있고, 특별사면의 경우 이를 명하려면 국회의 동의를 얻어야 한다.', 'C. 계엄을 선포할 때에는 대통령은 지체없이 국회에 보고하고 승인을 얻어야 한다.', 'D. 국회의 요구가 있을 때에는 대통령은 출석ㆍ답변하여야 하며, 대통령이 출석요구를 받은 때에는 국무총리 또는 국무위원으로 하여금 출석ㆍ답변하게 할 수 있다.']",A,"A. 대통령이 국회의 임시회의 집회를 요구할 때에는 기간과 집회요구의 이유를 명시하여야 한다.
B. 대통령은 법률이 정하는 바에 의하여 사면ㆍ감형 또는 복권을 명할 수 있고, 특별사면의 경우 이를 명하려면 국회의 동의를 얻어야 한다.
C. 계엄을 선포할 때에는 대통령은 지체없이 국회에 보고하고 승인을 얻어야 한다.
D. 국회의 요구가 있을 때에는 대통령은 출석ㆍ답변하여야 하며, 대통령이 출석요구를 받은 때에는 국무총리 또는 국무위원으로 하여금 출석ㆍ답변하게 할 수 있다.
","다음은 한국사회의 법에 대한 문제이다.
대통령의 권한에 대한 설명으로 옳은 것은?
A. 대통령이 국회의 임시회의 집회를 요구할 때에는 기간과 집회요구의 이유를 명시하여야 한다.
B. 대통령은 법률이 정하는 바에 의하여 사면ㆍ감형 또는 복권을 명할 수 있고, 특별사면의 경우 이를 명하려면 국회의 동의를 얻어야 한다.
C. 계엄을 선포할 때에는 대통령은 지체없이 국회에 보고하고 승인을 얻어야 한다.
D. 국회의 요구가 있을 때에는 대통령은 출석ㆍ답변하여야 하며, 대통령이 출석요구를 받은 때에는 국무총리 또는 국무위원으로 하여금 출석ㆍ답변하게 할 수 있다.
","Next is the issue of law in Korean society.
Which of the following is correct regarding the president's powers?
A. When the President requests a special meeting of the National Assembly, the period and reason for the request must be specified.
B. The President may order a pardon, commutation of sentence, or reinstatement in accordance with the provisions of the law, and in the case of a special pardon, the consent of the National Assembly must be obtained to order such a pardon.
C. When declaring martial law, the President must report to the National Assembly without delay and obtain approval.
D. When there is a request from the National Assembly, the President must appear and answer, and when the President receives a request for attendance, he may have the Prime Minister or a member of the State Council appear and answer.
"
655,PSAT_22_15,,"다음은 한국사회의 법에 대한 문제이다.
감사원에 대한 설명으로 옳은 것은? (다툼이 있는 경우 판례에 의함)","['A. 감사원장 및 감사위원은 국회의 동의를 얻어 대통령이 임명한다.', 'B. 감사원이 지방자치단체의 자치사무에 대하여 합목적성 감사까지 한다면 지방자치제도의 본질적 내용을 침해하는 것이다.', 'C. 감사원은 원장을 포함한 5인 이상 11인 이하의 감사위원으로 구성한다.', 'D. 감사원장은 중임할 수 없으나, 감사위원은 1차에 한하여 중임할 수 있다.']",C,"A. 감사원장 및 감사위원은 국회의 동의를 얻어 대통령이 임명한다.
B. 감사원이 지방자치단체의 자치사무에 대하여 합목적성 감사까지 한다면 지방자치제도의 본질적 내용을 침해하는 것이다.
C. 감사원은 원장을 포함한 5인 이상 11인 이하의 감사위원으로 구성한다.
D. 감사원장은 중임할 수 없으나, 감사위원은 1차에 한하여 중임할 수 있다.
","다음은 한국사회의 법에 대한 문제이다.
감사원에 대한 설명으로 옳은 것은? (다툼이 있는 경우 판례에 의함)
A. 감사원장 및 감사위원은 국회의 동의를 얻어 대통령이 임명한다.
B. 감사원이 지방자치단체의 자치사무에 대하여 합목적성 감사까지 한다면 지방자치제도의 본질적 내용을 침해하는 것이다.
C. 감사원은 원장을 포함한 5인 이상 11인 이하의 감사위원으로 구성한다.
D. 감사원장은 중임할 수 없으나, 감사위원은 1차에 한하여 중임할 수 있다.
","Next is the issue of law in Korean society.
Which of the following is correct about the Board of Audit and Inspection? (In case of dispute, according to precedent)
A. The Chairman of the Board of Audit and Inspection and the Audit Committee members are appointed by the President with the consent of the National Assembly.
B. If the Board of Audit and Inspection were to conduct a fit-for-purpose audit on the autonomous affairs of local governments, it would be infringing on the essential content of the local autonomy system.
C. The Board of Audit and Inspection is composed of 5 to 11 audit committee members, including the president.
D. The Chairman of the Board of Audit and Inspection cannot be reappointed, but audit committee members can only be reappointed for the first time.
"
656,PSAT_22_16,,"다음은 한국사회의 법에 대한 문제이다.
문화국가원리에 대한 설명으로 옳지 않은 것은? (다툼이 있는 경우 판례에 의함)","['A. 우리 헌법상 문화국가원리는 견해와 사상의 다양성을 그 본질로 하며, 이를 실현하는 국가의 문화정책은 불편부당의 원칙에 따라야 하는바, 모든 국민은 정치적 견해 등에 관계없이 문화 표현과 활동에서 차별을 받지 않아야 한다.', 'B. 국가의 문화육성의 대상에는 원칙적으로 모든 사람에게 문화창조의 기회를 부여한다는 의미에서 모든 문화가 포함되므로 엘리트문화뿐만 아니라 서민문화, 대중문화도 그 가치를 인정하고 정책적인 배려의 대상으로 하여야 한다.', 'C. 헌법은 문화국가를 실현하기 위하여 보장되어야 할 정신적 기본권으로 양심과 사상의 자유, 종교의 자유, 언론ㆍ출판의 자유, 학문과 예술의 자유 등을 규정하고 있는바, 이들 기본권은 견해와 사상의 다양성을 그 본질로 하는 문화국가원리의 불가결의 조건이라고 할 것이다.', 'D. 오늘날 문화국가에서의 문화정책은 문화가 생겨날 수 있는 문화풍토를 조성하는 것이 아니라 문화 그 자체에 초점을 두어야 한다.']",D,"A. 우리 헌법상 문화국가원리는 견해와 사상의 다양성을 그 본질로 하며, 이를 실현하는 국가의 문화정책은 불편부당의 원칙에 따라야 하는바, 모든 국민은 정치적 견해 등에 관계없이 문화 표현과 활동에서 차별을 받지 않아야 한다.
B. 국가의 문화육성의 대상에는 원칙적으로 모든 사람에게 문화창조의 기회를 부여한다는 의미에서 모든 문화가 포함되므로 엘리트문화뿐만 아니라 서민문화, 대중문화도 그 가치를 인정하고 정책적인 배려의 대상으로 하여야 한다.
C. 헌법은 문화국가를 실현하기 위하여 보장되어야 할 정신적 기본권으로 양심과 사상의 자유, 종교의 자유, 언론ㆍ출판의 자유, 학문과 예술의 자유 등을 규정하고 있는바, 이들 기본권은 견해와 사상의 다양성을 그 본질로 하는 문화국가원리의 불가결의 조건이라고 할 것이다.
D. 오늘날 문화국가에서의 문화정책은 문화가 생겨날 수 있는 문화풍토를 조성하는 것이 아니라 문화 그 자체에 초점을 두어야 한다.
","다음은 한국사회의 법에 대한 문제이다.
문화국가원리에 대한 설명으로 옳지 않은 것은? (다툼이 있는 경우 판례에 의함)
A. 우리 헌법상 문화국가원리는 견해와 사상의 다양성을 그 본질로 하며, 이를 실현하는 국가의 문화정책은 불편부당의 원칙에 따라야 하는바, 모든 국민은 정치적 견해 등에 관계없이 문화 표현과 활동에서 차별을 받지 않아야 한다.
B. 국가의 문화육성의 대상에는 원칙적으로 모든 사람에게 문화창조의 기회를 부여한다는 의미에서 모든 문화가 포함되므로 엘리트문화뿐만 아니라 서민문화, 대중문화도 그 가치를 인정하고 정책적인 배려의 대상으로 하여야 한다.
C. 헌법은 문화국가를 실현하기 위하여 보장되어야 할 정신적 기본권으로 양심과 사상의 자유, 종교의 자유, 언론ㆍ출판의 자유, 학문과 예술의 자유 등을 규정하고 있는바, 이들 기본권은 견해와 사상의 다양성을 그 본질로 하는 문화국가원리의 불가결의 조건이라고 할 것이다.
D. 오늘날 문화국가에서의 문화정책은 문화가 생겨날 수 있는 문화풍토를 조성하는 것이 아니라 문화 그 자체에 초점을 두어야 한다.
","Next is the issue of law in Korean society.
Which of the following is incorrect regarding the cultural state principle? (In case of dispute, according to precedent)
A. The cultural national principle under our Constitution has diversity of opinions and ideas as its essence, and the country's cultural policy that realizes this must follow the principle of impartiality. All citizens, regardless of political views, etc., can participate in cultural expressions and activities. There should be no discrimination.
B. In principle, the target of national cultural development includes all cultures in the sense that everyone is given the opportunity to create culture, so not only elite culture but also ordinary people's culture and popular culture should be recognized for their value and made the subject of policy consideration. do.
C. The Constitution stipulates freedom of conscience and thought, freedom of religion, freedom of speech and publication, and freedom of study and art as basic spiritual rights that must be guaranteed in order to realize a cultural nation. These basic rights include freedom of opinion and thought. It can be said that diversity is an indispensable condition of the cultural national principle, which has its essence.
D. Cultural policy in today's cultural countries should focus on culture itself, rather than creating a cultural climate in which culture can arise.
"
657,PSAT_22_18,,"다음은 한국사회의 법에 대한 문제이다.
국회의 조직 및 운영에 대한 설명으로 옳지 않은 것은? (다툼이 있는 경우 판례에 의함)","['A. 국회의원 총선거 후 처음 선출된 의장과 부의장의 임기는 그 선출된 날부터 개시하여 의원의 임기 개시 후 2년이 되는 날까지로 한다.', 'B. 헌법 제50조제1항의 의사공개원칙은 모든 국회의 회의를 항상 공개하여야 하는 것은 아니나 이를 공개하지 아니할 경우에는 헌법에서 정하고 있는 일정한 요건을 갖추어야 함을 의미하는 것이며, 헌법 제50조제1항 단서가 정하고 있는 회의의 비공개를 위한 절차나 사유는 그 문언이 매우 구체적이므로 예외적인 비공개 사유는 문언에 따라 엄격하게 해석되어야 한다.', 'C. 의장이 심신상실 등 부득이한 사유로 의사표시를 할 수 없게 되어 직무대리자를 지정할 수 없을 때에는 임시의장을 선출하여 의장의 직무를 대행하게 한다.', 'D. 국회에 제출된 법률안 기타의 의안은 회기 중에 의결되지 못한 이유로 폐기되지 아니하나, 국회의원의 임기가 만료된 때에는 그러하지 아니하다.']",C,"A. 국회의원 총선거 후 처음 선출된 의장과 부의장의 임기는 그 선출된 날부터 개시하여 의원의 임기 개시 후 2년이 되는 날까지로 한다.
B. 헌법 제50조제1항의 의사공개원칙은 모든 국회의 회의를 항상 공개하여야 하는 것은 아니나 이를 공개하지 아니할 경우에는 헌법에서 정하고 있는 일정한 요건을 갖추어야 함을 의미하는 것이며, 헌법 제50조제1항 단서가 정하고 있는 회의의 비공개를 위한 절차나 사유는 그 문언이 매우 구체적이므로 예외적인 비공개 사유는 문언에 따라 엄격하게 해석되어야 한다.
C. 의장이 심신상실 등 부득이한 사유로 의사표시를 할 수 없게 되어 직무대리자를 지정할 수 없을 때에는 임시의장을 선출하여 의장의 직무를 대행하게 한다.
D. 국회에 제출된 법률안 기타의 의안은 회기 중에 의결되지 못한 이유로 폐기되지 아니하나, 국회의원의 임기가 만료된 때에는 그러하지 아니하다.
","다음은 한국사회의 법에 대한 문제이다.
국회의 조직 및 운영에 대한 설명으로 옳지 않은 것은? (다툼이 있는 경우 판례에 의함)
A. 국회의원 총선거 후 처음 선출된 의장과 부의장의 임기는 그 선출된 날부터 개시하여 의원의 임기 개시 후 2년이 되는 날까지로 한다.
B. 헌법 제50조제1항의 의사공개원칙은 모든 국회의 회의를 항상 공개하여야 하는 것은 아니나 이를 공개하지 아니할 경우에는 헌법에서 정하고 있는 일정한 요건을 갖추어야 함을 의미하는 것이며, 헌법 제50조제1항 단서가 정하고 있는 회의의 비공개를 위한 절차나 사유는 그 문언이 매우 구체적이므로 예외적인 비공개 사유는 문언에 따라 엄격하게 해석되어야 한다.
C. 의장이 심신상실 등 부득이한 사유로 의사표시를 할 수 없게 되어 직무대리자를 지정할 수 없을 때에는 임시의장을 선출하여 의장의 직무를 대행하게 한다.
D. 국회에 제출된 법률안 기타의 의안은 회기 중에 의결되지 못한 이유로 폐기되지 아니하나, 국회의원의 임기가 만료된 때에는 그러하지 아니하다.
","Next is the issue of law in Korean society.
Which of the following is incorrect regarding the organization and operation of the National Assembly? (In case of dispute, according to precedent)
A. The term of office of the Chairman and Vice-Chairman first elected after the general election of the National Assembly begins from the date of election and continues until two years after the commencement of the term of office of the National Assembly member.
B. The principle of disclosure of proceedings in Article 50, Paragraph 1 of the Constitution does not mean that all National Assembly meetings must always be made public, but in cases where they are not disclosed, certain requirements set forth in the Constitution must be met, and the proviso to Article 50, Paragraph 1 of the Constitution The procedures and reasons for non-disclosure of meetings that are assumed are very specific in their language, so exceptional reasons for non-disclosure must be interpreted strictly according to the language.
C. When the chairperson is unable to express his or her mind due to unavoidable reasons such as mental or physical loss and cannot appoint a substitute chairperson, a temporary chairperson shall be elected to perform the chairperson's duties on behalf of the chairperson.
D. Legislation and other bills submitted to the National Assembly shall not be discarded because they were not resolved during the session, but this does not apply when the term of office of the National Assembly member has expired.
"
658,PSAT_22_20,,"다음은 한국사회의 법에 대한 문제이다.
국회의 회의 및 의사운영에 대한 설명으로 옳지 않은 것은?","['A. 정기회의 회기는 100일을, 임시회의 회기는 30일을 초과할 수 없으며, 임시회는 대통령 또는 국회재적의원 4분의 1 이상의 요구에 의하여 집회된다.', 'B. 본회의는 재적의원 5분의 1 이상의 출석으로 개의하고, 의사는 헌법이나 국회법에 특별한 규정이 없으면 재적의원 과반수의 출석과 출석의원 과반수의 찬성으로 의결한다.', 'C. 국회가 행정각부의 장을 탄핵소추하기 위해서는 국회재적의원 3분의 1 이상의 발의가 있어야 하며 그 의결은 국회재적의원 과반수의 찬성이 있어야 한다.', 'D. 의장은 임시회의 집회 요구가 있는 경우 집회기일 2일 전에 공고하며, 이 경우 둘 이상의 집회 요구가 있을 때에는 그 요구서가 먼저 제출된 것을 공고한다.']",D,"A. 정기회의 회기는 100일을, 임시회의 회기는 30일을 초과할 수 없으며, 임시회는 대통령 또는 국회재적의원 4분의 1 이상의 요구에 의하여 집회된다.
B. 본회의는 재적의원 5분의 1 이상의 출석으로 개의하고, 의사는 헌법이나 국회법에 특별한 규정이 없으면 재적의원 과반수의 출석과 출석의원 과반수의 찬성으로 의결한다.
C. 국회가 행정각부의 장을 탄핵소추하기 위해서는 국회재적의원 3분의 1 이상의 발의가 있어야 하며 그 의결은 국회재적의원 과반수의 찬성이 있어야 한다.
D. 의장은 임시회의 집회 요구가 있는 경우 집회기일 2일 전에 공고하며, 이 경우 둘 이상의 집회 요구가 있을 때에는 그 요구서가 먼저 제출된 것을 공고한다.
","다음은 한국사회의 법에 대한 문제이다.
국회의 회의 및 의사운영에 대한 설명으로 옳지 않은 것은?
A. 정기회의 회기는 100일을, 임시회의 회기는 30일을 초과할 수 없으며, 임시회는 대통령 또는 국회재적의원 4분의 1 이상의 요구에 의하여 집회된다.
B. 본회의는 재적의원 5분의 1 이상의 출석으로 개의하고, 의사는 헌법이나 국회법에 특별한 규정이 없으면 재적의원 과반수의 출석과 출석의원 과반수의 찬성으로 의결한다.
C. 국회가 행정각부의 장을 탄핵소추하기 위해서는 국회재적의원 3분의 1 이상의 발의가 있어야 하며 그 의결은 국회재적의원 과반수의 찬성이 있어야 한다.
D. 의장은 임시회의 집회 요구가 있는 경우 집회기일 2일 전에 공고하며, 이 경우 둘 이상의 집회 요구가 있을 때에는 그 요구서가 먼저 제출된 것을 공고한다.
","Next is the issue of law in Korean society.
Which of the following is not correct regarding the meetings and proceedings of the National Assembly?
A. The regular session cannot exceed 100 days, and the special session cannot exceed 30 days. Extraordinary sessions are held at the request of the President or more than 1/4 of the National Assembly members.
B. The plenary session opens with the attendance of more than one-fifth of the registered members, and unless there are special provisions in the Constitution or the National Assembly Act, decisions are made with the attendance of a majority of the registered members and the approval of a majority of the members present.
C. In order for the National Assembly to impeach the head of each administrative branch, there must be a motion by more than one-third of the members of the National Assembly, and the resolution must be approved by a majority of the members of the National Assembly.
D. If there is a request for an extraordinary meeting, the chairman will announce it 2 days before the meeting date. In this case, if there are more than one request for assembly, the chairman will announce which request was submitted first.
"
659,PSAT_22_21,,"다음은 한국사회의 법에 대한 문제이다.
헌법재판에 대한 설명으로 옳지 않은 것은? (다툼이 있는 경우 판례에 의함)","['A. 유예기간을 두고 있는 법령의 경우, 헌법소원심판 청구기간의 기산점은 그 법령의 시행일이 아니라 유예기간 경과일이다.', 'B. 헌법소원제도는 개인의 주관적인 권리구제뿐만 아니라 헌법질서를 보장하는 기능도 있으므로 주관적 권리보호이익은 소멸하였다고 하더라도, 그러한 침해행위가 앞으로도 반복될 위험이 있거나 당해 분쟁의 해결이 헌법질서의 수호ㆍ유지를 위하여 긴요한 사항이어서 헌법적으로 그 해명이 중대한 의미를 지니는 경우에는 심판청구의 이익을 인정할 수 있다.', 'C. 헌법재판소에서 법률의 위헌결정, 탄핵의 결정, 권한쟁의에 관한 인용결정 또는 헌법소원에 관한 인용결정을 할 때에는 재판관 6인 이상의 찬성이 있어야 한다.', 'D. 공권력의 불행사로 인한 기본권침해는 그 불행사가 계속되는 한 기본권침해의 부작위가 계속된다 할 것이므로, 공권력의 불행사에 대한 헌법소원심판은 그 불행사가 계속되는 한 기간의 제약없이 적법하게 청구할 수 있다.']",C,"A. 유예기간을 두고 있는 법령의 경우, 헌법소원심판 청구기간의 기산점은 그 법령의 시행일이 아니라 유예기간 경과일이다.
B. 헌법소원제도는 개인의 주관적인 권리구제뿐만 아니라 헌법질서를 보장하는 기능도 있으므로 주관적 권리보호이익은 소멸하였다고 하더라도, 그러한 침해행위가 앞으로도 반복될 위험이 있거나 당해 분쟁의 해결이 헌법질서의 수호ㆍ유지를 위하여 긴요한 사항이어서 헌법적으로 그 해명이 중대한 의미를 지니는 경우에는 심판청구의 이익을 인정할 수 있다.
C. 헌법재판소에서 법률의 위헌결정, 탄핵의 결정, 권한쟁의에 관한 인용결정 또는 헌법소원에 관한 인용결정을 할 때에는 재판관 6인 이상의 찬성이 있어야 한다.
D. 공권력의 불행사로 인한 기본권침해는 그 불행사가 계속되는 한 기본권침해의 부작위가 계속된다 할 것이므로, 공권력의 불행사에 대한 헌법소원심판은 그 불행사가 계속되는 한 기간의 제약없이 적법하게 청구할 수 있다.
","다음은 한국사회의 법에 대한 문제이다.
헌법재판에 대한 설명으로 옳지 않은 것은? (다툼이 있는 경우 판례에 의함)
A. 유예기간을 두고 있는 법령의 경우, 헌법소원심판 청구기간의 기산점은 그 법령의 시행일이 아니라 유예기간 경과일이다.
B. 헌법소원제도는 개인의 주관적인 권리구제뿐만 아니라 헌법질서를 보장하는 기능도 있으므로 주관적 권리보호이익은 소멸하였다고 하더라도, 그러한 침해행위가 앞으로도 반복될 위험이 있거나 당해 분쟁의 해결이 헌법질서의 수호ㆍ유지를 위하여 긴요한 사항이어서 헌법적으로 그 해명이 중대한 의미를 지니는 경우에는 심판청구의 이익을 인정할 수 있다.
C. 헌법재판소에서 법률의 위헌결정, 탄핵의 결정, 권한쟁의에 관한 인용결정 또는 헌법소원에 관한 인용결정을 할 때에는 재판관 6인 이상의 찬성이 있어야 한다.
D. 공권력의 불행사로 인한 기본권침해는 그 불행사가 계속되는 한 기본권침해의 부작위가 계속된다 할 것이므로, 공권력의 불행사에 대한 헌법소원심판은 그 불행사가 계속되는 한 기간의 제약없이 적법하게 청구할 수 있다.
","Next is the issue of law in Korean society.
Which of the following is not an accurate explanation of constitutional trials? (In case of dispute, according to precedent)
A. In the case of a law with a grace period, the starting point for the period for filing a constitutional appeal is not the enforcement date of the law, but the date of elapse of the grace period.
B. The constitutional appeal system has the function of not only relieving the subjective rights of individuals but also guaranteeing the constitutional order, so even if the subjective rights protection interests have been extinguished, there is a risk that such infringements will be repeated in the future, or if the resolution of the dispute is necessary to protect the constitutional order. If the explanation is constitutionally significant because it is essential for maintenance, the benefit of the request for adjudication may be recognized.
C. When the Constitutional Court makes a decision on the unconstitutionality of a law, a decision on impeachment, a decision to cite a power dispute, or a decision to cite a constitutional complaint, there must be the approval of at least 6 judges.
D. Since the violation of fundamental rights due to the non-execution of public power is said to continue as the omission of basic rights infringement as long as the non-execution of public power continues, a constitutional appeal adjudication against the non-execution of public power can be legally requested without any time limit as long as the non-execution of public power continues.
"
660,PSAT_22_22,,"다음은 한국사회의 법에 대한 문제이다.
권한쟁의심판에 대한 설명으로 옳지 않은 것은? (다툼이 있는 경우 판례에 의함)","['A. 지방자치단체가 기관위임사무를 처리할 권한이 침해되었다고 주장하면서 권한쟁의심판을 청구하는 것은 부적법하다.', 'B. 권한쟁의심판을 청구하려면 청구인과 피청구인 상호간에 헌법 또는 법률에 의하여 부여받은 권한의 존부 또는 범위에 관하여 다툼이 있어야 하고, 피청구인의 처분 또는 부작위가 헌법 또는 법률에 의하여 부여받은 청구인의 권한을 침해하였거나 침해할 현저한 위험이 있는 경우이어야 한다.', ""C. 국민 개인이 대법원장을 상대로 제기한 국가기관 간의 권한쟁의심판에서 '국민'인 청구인은 그 자체로는 헌법에 의하여 설치되고 헌법과 법률에 의하여 독자적인 권한을 부여받은 기관이라고 할 수 없으므로, '국민'인 청구인은 권한쟁의심판의 당사자가 되는 '국가기관'이 아니다."", 'D. 지방자치단체의 의결기관인 지방의회와 지방자치단체의 집행기관인 지방자치단체장 간의 내부적 분쟁도 헌법재판소법에 의하여 헌법재판소가 관장하는 지방자치단체 상호간의 권한쟁의심판에 해당한다고 볼 수 있다.']",D,"A. 지방자치단체가 기관위임사무를 처리할 권한이 침해되었다고 주장하면서 권한쟁의심판을 청구하는 것은 부적법하다.
B. 권한쟁의심판을 청구하려면 청구인과 피청구인 상호간에 헌법 또는 법률에 의하여 부여받은 권한의 존부 또는 범위에 관하여 다툼이 있어야 하고, 피청구인의 처분 또는 부작위가 헌법 또는 법률에 의하여 부여받은 청구인의 권한을 침해하였거나 침해할 현저한 위험이 있는 경우이어야 한다.
C. 국민 개인이 대법원장을 상대로 제기한 국가기관 간의 권한쟁의심판에서 '국민'인 청구인은 그 자체로는 헌법에 의하여 설치되고 헌법과 법률에 의하여 독자적인 권한을 부여받은 기관이라고 할 수 없으므로, '국민'인 청구인은 권한쟁의심판의 당사자가 되는 '국가기관'이 아니다.
D. 지방자치단체의 의결기관인 지방의회와 지방자치단체의 집행기관인 지방자치단체장 간의 내부적 분쟁도 헌법재판소법에 의하여 헌법재판소가 관장하는 지방자치단체 상호간의 권한쟁의심판에 해당한다고 볼 수 있다.
","다음은 한국사회의 법에 대한 문제이다.
권한쟁의심판에 대한 설명으로 옳지 않은 것은? (다툼이 있는 경우 판례에 의함)
A. 지방자치단체가 기관위임사무를 처리할 권한이 침해되었다고 주장하면서 권한쟁의심판을 청구하는 것은 부적법하다.
B. 권한쟁의심판을 청구하려면 청구인과 피청구인 상호간에 헌법 또는 법률에 의하여 부여받은 권한의 존부 또는 범위에 관하여 다툼이 있어야 하고, 피청구인의 처분 또는 부작위가 헌법 또는 법률에 의하여 부여받은 청구인의 권한을 침해하였거나 침해할 현저한 위험이 있는 경우이어야 한다.
C. 국민 개인이 대법원장을 상대로 제기한 국가기관 간의 권한쟁의심판에서 '국민'인 청구인은 그 자체로는 헌법에 의하여 설치되고 헌법과 법률에 의하여 독자적인 권한을 부여받은 기관이라고 할 수 없으므로, '국민'인 청구인은 권한쟁의심판의 당사자가 되는 '국가기관'이 아니다.
D. 지방자치단체의 의결기관인 지방의회와 지방자치단체의 집행기관인 지방자치단체장 간의 내부적 분쟁도 헌법재판소법에 의하여 헌법재판소가 관장하는 지방자치단체 상호간의 권한쟁의심판에 해당한다고 볼 수 있다.
","Next is the issue of law in Korean society.
Which of the following is not correct regarding authority dispute adjudication? (In case of dispute, according to precedent)
A. It is illegal for a local government to request an authority dispute adjudication, claiming that its authority to handle agency-delegated affairs has been violated.
B. In order to request a power dispute adjudication, there must be a dispute between the claimant and the respondent regarding the existence or scope of the authority granted by the Constitution or law, and the respondent's disposition or omission infringes the claimant's authority granted by the Constitution or law. It must be a case where there is a significant risk of infringement.
C. In the adjudication of a power dispute between state agencies filed by an individual citizen against the Chief Justice of the Supreme Court, the claimant, who is a 'citizen', cannot be said to be an institution established by the Constitution and granted independent authority by the Constitution and laws, and therefore cannot be said to be a 'citizen.' 'The claimant is not a 'state agency' that is a party to the authority dispute adjudication.
D. Internal disputes between the local council, which is the decision-making body of the local government, and the head of the local government, which is the executive body of the local government, can also be considered as an adjudication of authority disputes between local governments governed by the Constitutional Court under the Constitutional Court Act.
"
661,PSAT_22_23,,"다음은 한국사회의 법에 대한 문제이다.
법관에 대한 설명으로 옳은 것은?","['A. 법관으로서 퇴직 후 3년이 지나지 아니한 사람은 대통령비서실의 직위에 임용될 수 없다.', 'B. 대법관회의는 대법관 전원의 3분의 2 이상의 출석과 출석인원 과반수의 찬성으로 의결한다.', 'C. 법관은 탄핵 또는 벌금 이상의 형의 선고에 의하지 아니하고는 파면되지 아니하며, 징계처분에 의하지 아니하고는 정직ㆍ감봉 기타 불리한 처분을 받지 아니한다.', 'D. 법관이 중대한 신체상 또는 정신상의 장해로 직무를 수행할 수 없을 때에는, 대법관인 경우에는 법원행정처장의 제청으로 대법원장이 퇴직을 명할 수 있고, 판사인 경우에는 인사위원회의 심의를 거쳐 판사가 소속된 법원의 법원장이 퇴직을 명할 수 있다.']",B,"A. 법관으로서 퇴직 후 3년이 지나지 아니한 사람은 대통령비서실의 직위에 임용될 수 없다.
B. 대법관회의는 대법관 전원의 3분의 2 이상의 출석과 출석인원 과반수의 찬성으로 의결한다.
C. 법관은 탄핵 또는 벌금 이상의 형의 선고에 의하지 아니하고는 파면되지 아니하며, 징계처분에 의하지 아니하고는 정직ㆍ감봉 기타 불리한 처분을 받지 아니한다.
D. 법관이 중대한 신체상 또는 정신상의 장해로 직무를 수행할 수 없을 때에는, 대법관인 경우에는 법원행정처장의 제청으로 대법원장이 퇴직을 명할 수 있고, 판사인 경우에는 인사위원회의 심의를 거쳐 판사가 소속된 법원의 법원장이 퇴직을 명할 수 있다.
","다음은 한국사회의 법에 대한 문제이다.
법관에 대한 설명으로 옳은 것은?
A. 법관으로서 퇴직 후 3년이 지나지 아니한 사람은 대통령비서실의 직위에 임용될 수 없다.
B. 대법관회의는 대법관 전원의 3분의 2 이상의 출석과 출석인원 과반수의 찬성으로 의결한다.
C. 법관은 탄핵 또는 벌금 이상의 형의 선고에 의하지 아니하고는 파면되지 아니하며, 징계처분에 의하지 아니하고는 정직ㆍ감봉 기타 불리한 처분을 받지 아니한다.
D. 법관이 중대한 신체상 또는 정신상의 장해로 직무를 수행할 수 없을 때에는, 대법관인 경우에는 법원행정처장의 제청으로 대법원장이 퇴직을 명할 수 있고, 판사인 경우에는 인사위원회의 심의를 거쳐 판사가 소속된 법원의 법원장이 퇴직을 명할 수 있다.
","Next is the issue of law in Korean society.
Which of the following is correct regarding judges?
A. A judge who has been retired for less than three years cannot be appointed to a position in the Presidential Secretariat.
B. The Supreme Court Justices' Meeting makes decisions with the attendance of more than two-thirds of all Supreme Court Justices and the approval of a majority of those present.
C. Judges shall not be dismissed from office unless impeached or sentenced to a fine or heavier punishment, and shall not be subject to suspension, salary reduction, or other unfavorable measures except through disciplinary action.
D. If a judge is unable to perform his or her duties due to a serious physical or mental disability, in the case of a Supreme Court Justice, the Chief Justice of the Supreme Court may order retirement upon the recommendation of the Director of the National Court Administration, and in the case of a judge, the judge may be assigned to the judge after deliberation by the Personnel Committee. The chief judge of a court may order retirement.
"
662,PSAT_22_24,,"다음은 한국사회의 법에 대한 문제이다.
선거관리에 대한 설명으로 옳지 않은 것은? (다툼이 있는 경우 판례에 의함)","['A. 상 선거운동에 해당한다.', 'B. 선거일전 180일부터 선거일까지 인터넷상 선거와 관련한 정치적 표현 및 선거운동을 금지하고 처벌하는 것은 후보자 간 경제력 차이에 따른 불균형 및 흑색선전을 통한 부당한 경쟁을 막고, 선거의 평온과 공정을 해하는 결과를 방지한다는 입법목적 달성을 위하여 적합한 수단이라고 할 수 없다.', 'C. 선거공영제의 내용은 우리의 선거문화와 풍토, 정치문화 및 국가의 재정상황과 국민의 법감정 등 여러 가지 요소를 종합적으로 고려하여 입법자가 정책적으로 결정할 사항으로서 넓은 입법형성권이 인정되는 영역이라고 할 것이다.', 'D. 중앙선거관리위원회는 법령의 범위 안에서 선거관리ㆍ국민투표관리 또는 정당사무에 관한 규칙을 제정할 수 있으며, 법률에 저촉되지 아니하는 범위 안에서 내부규율에 관한 규칙을 제정할 수 있다.']",A,"A. 상 선거운동에 해당한다.
B. 선거일전 180일부터 선거일까지 인터넷상 선거와 관련한 정치적 표현 및 선거운동을 금지하고 처벌하는 것은 후보자 간 경제력 차이에 따른 불균형 및 흑색선전을 통한 부당한 경쟁을 막고, 선거의 평온과 공정을 해하는 결과를 방지한다는 입법목적 달성을 위하여 적합한 수단이라고 할 수 없다.
C. 선거공영제의 내용은 우리의 선거문화와 풍토, 정치문화 및 국가의 재정상황과 국민의 법감정 등 여러 가지 요소를 종합적으로 고려하여 입법자가 정책적으로 결정할 사항으로서 넓은 입법형성권이 인정되는 영역이라고 할 것이다.
D. 중앙선거관리위원회는 법령의 범위 안에서 선거관리ㆍ국민투표관리 또는 정당사무에 관한 규칙을 제정할 수 있으며, 법률에 저촉되지 아니하는 범위 안에서 내부규율에 관한 규칙을 제정할 수 있다.
","다음은 한국사회의 법에 대한 문제이다.
선거관리에 대한 설명으로 옳지 않은 것은? (다툼이 있는 경우 판례에 의함)
A. 상 선거운동에 해당한다.
B. 선거일전 180일부터 선거일까지 인터넷상 선거와 관련한 정치적 표현 및 선거운동을 금지하고 처벌하는 것은 후보자 간 경제력 차이에 따른 불균형 및 흑색선전을 통한 부당한 경쟁을 막고, 선거의 평온과 공정을 해하는 결과를 방지한다는 입법목적 달성을 위하여 적합한 수단이라고 할 수 없다.
C. 선거공영제의 내용은 우리의 선거문화와 풍토, 정치문화 및 국가의 재정상황과 국민의 법감정 등 여러 가지 요소를 종합적으로 고려하여 입법자가 정책적으로 결정할 사항으로서 넓은 입법형성권이 인정되는 영역이라고 할 것이다.
D. 중앙선거관리위원회는 법령의 범위 안에서 선거관리ㆍ국민투표관리 또는 정당사무에 관한 규칙을 제정할 수 있으며, 법률에 저촉되지 아니하는 범위 안에서 내부규율에 관한 규칙을 제정할 수 있다.
","Next is the issue of law in Korean society.
Which of the following is incorrect regarding election management? (In case of dispute, according to precedent)
A. This applies to election campaigns.
B. Prohibiting and punishing political expressions and campaigns related to elections on the Internet from 180 days before the election day to the election day prevents unfair competition through imbalance and black propaganda due to differences in economic power between candidates, and harms the tranquility and fairness of elections. It cannot be said to be an appropriate means to achieve the legislative purpose of preventing .
C. The contents of the public election system are matters to be decided by the legislator in terms of policy by comprehensively considering various factors such as our election culture and climate, political culture, national financial situation, and public legal sentiment, and it can be said to be an area where a wide right to form legislation is recognized. will be.
D. The National Election Commission may establish rules on election management, referendum management, or political party affairs within the scope of laws and regulations, and may establish rules on internal discipline within the scope that do not conflict with the law.
"
663,PSAT_22_25,,"다음은 한국사회의 법에 대한 문제이다.
조례에 대한 설명으로 옳지 않은 것은? (다툼이 있는 경우 판례에 의함)","['A. 지방자치단체는 법령의 범위에서 그 사무에 관하여 조례를 제정할 수 있다. 다만, 주민의 권리 제한 또는 의무 부과에 관한 사항이나 벌칙을 정할 때에는 법률의 위임이 있어야 한다.', 'B. 조례는 특별한 규정이 없으면 공포한 날부터 20일이 지나면 효력을 발생한다.', 'C. 지방자치단체는 그 고유사무인 자치사무와 법령에 따라 지방자치단체에 속하는 사무에 관하여 법령에 위반되지 않는 범위 안에서 스스로 조례를 제정할 수 있지만, 국가사무인 기관위임사무에 관하여는 개별 법령에서 일정한 사항을 조례로 정하도록 위임하고 있더라도 조례를 제정할 수 없다.', 'D. 지방자치단체는 헌법상 자치입법권이 인정되고, 법령의 범위 안에서 그 권한에 속하는 모든 사무에 관하여 조례를 제정할 수 있다는 점과 조례는 선거를 통하여 선출된 그 지역의 지방의원으로 구성된 주민의 대표기관인 지방의회에서 제정되므로 지역적인 민주적 정당성까지 갖고 있다는 점을 고려하면, 조례에 위임할 사항은 헌법 제75조 소정의 행정입법에 위임할 사항보다 더 포괄적이어도 헌법에 반하지 않는다.']",C,"A. 지방자치단체는 법령의 범위에서 그 사무에 관하여 조례를 제정할 수 있다. 다만, 주민의 권리 제한 또는 의무 부과에 관한 사항이나 벌칙을 정할 때에는 법률의 위임이 있어야 한다.
B. 조례는 특별한 규정이 없으면 공포한 날부터 20일이 지나면 효력을 발생한다.
C. 지방자치단체는 그 고유사무인 자치사무와 법령에 따라 지방자치단체에 속하는 사무에 관하여 법령에 위반되지 않는 범위 안에서 스스로 조례를 제정할 수 있지만, 국가사무인 기관위임사무에 관하여는 개별 법령에서 일정한 사항을 조례로 정하도록 위임하고 있더라도 조례를 제정할 수 없다.
D. 지방자치단체는 헌법상 자치입법권이 인정되고, 법령의 범위 안에서 그 권한에 속하는 모든 사무에 관하여 조례를 제정할 수 있다는 점과 조례는 선거를 통하여 선출된 그 지역의 지방의원으로 구성된 주민의 대표기관인 지방의회에서 제정되므로 지역적인 민주적 정당성까지 갖고 있다는 점을 고려하면, 조례에 위임할 사항은 헌법 제75조 소정의 행정입법에 위임할 사항보다 더 포괄적이어도 헌법에 반하지 않는다.
","다음은 한국사회의 법에 대한 문제이다.
조례에 대한 설명으로 옳지 않은 것은? (다툼이 있는 경우 판례에 의함)
A. 지방자치단체는 법령의 범위에서 그 사무에 관하여 조례를 제정할 수 있다. 다만, 주민의 권리 제한 또는 의무 부과에 관한 사항이나 벌칙을 정할 때에는 법률의 위임이 있어야 한다.
B. 조례는 특별한 규정이 없으면 공포한 날부터 20일이 지나면 효력을 발생한다.
C. 지방자치단체는 그 고유사무인 자치사무와 법령에 따라 지방자치단체에 속하는 사무에 관하여 법령에 위반되지 않는 범위 안에서 스스로 조례를 제정할 수 있지만, 국가사무인 기관위임사무에 관하여는 개별 법령에서 일정한 사항을 조례로 정하도록 위임하고 있더라도 조례를 제정할 수 없다.
D. 지방자치단체는 헌법상 자치입법권이 인정되고, 법령의 범위 안에서 그 권한에 속하는 모든 사무에 관하여 조례를 제정할 수 있다는 점과 조례는 선거를 통하여 선출된 그 지역의 지방의원으로 구성된 주민의 대표기관인 지방의회에서 제정되므로 지역적인 민주적 정당성까지 갖고 있다는 점을 고려하면, 조례에 위임할 사항은 헌법 제75조 소정의 행정입법에 위임할 사항보다 더 포괄적이어도 헌법에 반하지 않는다.
","Next is the issue of law in Korean society.
Which of the following is incorrect regarding the ordinance? (In case of dispute, according to precedent)
A. Local governments may enact ordinances regarding their affairs within the scope of the law. However, when determining matters or penalties related to restrictions on the rights of residents or the imposition of obligations, there must be legal delegation.
B. Unless otherwise specified, ordinances take effect 20 days from the date of promulgation.
C. Local governments may enact their own ordinances with respect to autonomous affairs, which are their own affairs, and affairs belonging to local governments according to laws and regulations, to the extent that they do not violate laws and regulations, but with regard to agency-delegated affairs, which are state affairs, individual laws and regulations Even if certain matters are delegated to be established by ordinance, ordinances cannot be enacted.
D. Local governments are recognized under the Constitution as having the right to legislate for self-government, and can enact ordinances regarding all affairs falling under their authority within the scope of the law. Ordinances are made by local residents who are elected through elections. Considering that it is enacted by the local council, a representative body, and therefore has local democratic legitimacy, the matters delegated to the ordinance do not conflict with the Constitution even if they are more comprehensive than the matters delegated to the administrative legislation prescribed in Article 75 of the Constitution.
"
664,PSAT_23_1,,"다음은 한국사회의 법에 대한 문제이다.
헌법의 기본이념과 질서에 대한 설명으로 옳지 않은 것은?","['A. 국민주권주의는 국가권력의 민주적 정당성을 요구하는 것이므로, 국민전체가 직접 국가기관으로서 통치권을 행사하여야 한다는 것을 의미한다.', 'B. 국제연합(UN)의 “인권에 관한 세계선언” 각 조항이 바로 보편적인 법적 구속력을 가지거나 국제법적 효력을 갖는 것으로 볼 것은 아니다.', ""C. '남북사이의화해와불가침및교류협력에관한합의서'는 일종의 공동성명 또는 신사협정에 준하는 성격을 가짐에 불과하여 법률이 아님은 물론 국내법과 동일한 효력이 있는 조약이나 이에 준하는 것으로 볼 수 없다."", 'D. 원칙적으로 모든 국민이 균등하게 선거에 참여할 것을 요청하는 보통ㆍ평등선거원칙은 국민의 자기지배를 의미하는 국민주권의 원리에 입각한 민주국가를 실현하기 위한 필수적 요건이다.']",A,"A. 국민주권주의는 국가권력의 민주적 정당성을 요구하는 것이므로, 국민전체가 직접 국가기관으로서 통치권을 행사하여야 한다는 것을 의미한다.
B. 국제연합(UN)의 “인권에 관한 세계선언” 각 조항이 바로 보편적인 법적 구속력을 가지거나 국제법적 효력을 갖는 것으로 볼 것은 아니다.
C. '남북사이의화해와불가침및교류협력에관한합의서'는 일종의 공동성명 또는 신사협정에 준하는 성격을 가짐에 불과하여 법률이 아님은 물론 국내법과 동일한 효력이 있는 조약이나 이에 준하는 것으로 볼 수 없다.
D. 원칙적으로 모든 국민이 균등하게 선거에 참여할 것을 요청하는 보통ㆍ평등선거원칙은 국민의 자기지배를 의미하는 국민주권의 원리에 입각한 민주국가를 실현하기 위한 필수적 요건이다.
","다음은 한국사회의 법에 대한 문제이다.
헌법의 기본이념과 질서에 대한 설명으로 옳지 않은 것은?
A. 국민주권주의는 국가권력의 민주적 정당성을 요구하는 것이므로, 국민전체가 직접 국가기관으로서 통치권을 행사하여야 한다는 것을 의미한다.
B. 국제연합(UN)의 “인권에 관한 세계선언” 각 조항이 바로 보편적인 법적 구속력을 가지거나 국제법적 효력을 갖는 것으로 볼 것은 아니다.
C. '남북사이의화해와불가침및교류협력에관한합의서'는 일종의 공동성명 또는 신사협정에 준하는 성격을 가짐에 불과하여 법률이 아님은 물론 국내법과 동일한 효력이 있는 조약이나 이에 준하는 것으로 볼 수 없다.
D. 원칙적으로 모든 국민이 균등하게 선거에 참여할 것을 요청하는 보통ㆍ평등선거원칙은 국민의 자기지배를 의미하는 국민주권의 원리에 입각한 민주국가를 실현하기 위한 필수적 요건이다.
","Next is the issue of law in Korean society.
Which of the following is incorrect regarding the basic principles and order of the Constitution?
A. Since popular sovereignty requires democratic legitimacy of state power, it means that the entire people should directly exercise the right to rule as a state institution.
B. Each article of the United Nations (UN) “Universal Declaration on Human Rights” should not be considered to have universal legal binding or international legal effect.
C. The 'Agreement on Reconciliation, Non-aggression, and Exchange and Cooperation between South and North Korea' has the nature of a kind of joint statement or a gentleman's agreement, so it is not a law and cannot be considered a treaty with the same effect as domestic law or equivalent thereto. .
D. In principle, the principle of universal and equal elections, which requires all citizens to participate equally in elections, is an essential requirement for realizing a democratic state based on the principle of popular sovereignty, which means self-rule by the people.
"
665,PSAT_23_2,,"다음은 한국사회의 법에 대한 문제이다.
헌법개정에 대한 설명으로 옳지 않은 것은?","['A. 헌법개정은 국회재적의원 과반수 또는 대통령의 발의로 제안된다.', 'B. 제안된 헌법개정안은 대통령이 30일 이상의 기간 이를 공고하여야 한다.', 'C. 국회는 헌법개정안이 공고된 날로부터 60일 이내에 의결하여야 하며, 국회의 의결은 재적의원 3분의 2 이상의 찬성을 얻어야 한다.', 'D. 헌법개정안은 국회가 의결한 후 30일 이내에 국민투표에 붙여 국회의원선거권자 과반수의 투표와 투표자 과반수의 찬성을 얻어야 한다.']",B,"A. 헌법개정은 국회재적의원 과반수 또는 대통령의 발의로 제안된다.
B. 제안된 헌법개정안은 대통령이 30일 이상의 기간 이를 공고하여야 한다.
C. 국회는 헌법개정안이 공고된 날로부터 60일 이내에 의결하여야 하며, 국회의 의결은 재적의원 3분의 2 이상의 찬성을 얻어야 한다.
D. 헌법개정안은 국회가 의결한 후 30일 이내에 국민투표에 붙여 국회의원선거권자 과반수의 투표와 투표자 과반수의 찬성을 얻어야 한다.
","다음은 한국사회의 법에 대한 문제이다.
헌법개정에 대한 설명으로 옳지 않은 것은?
A. 헌법개정은 국회재적의원 과반수 또는 대통령의 발의로 제안된다.
B. 제안된 헌법개정안은 대통령이 30일 이상의 기간 이를 공고하여야 한다.
C. 국회는 헌법개정안이 공고된 날로부터 60일 이내에 의결하여야 하며, 국회의 의결은 재적의원 3분의 2 이상의 찬성을 얻어야 한다.
D. 헌법개정안은 국회가 의결한 후 30일 이내에 국민투표에 붙여 국회의원선거권자 과반수의 투표와 투표자 과반수의 찬성을 얻어야 한다.
","Next is the issue of law in Korean society.
Which of the following is incorrect regarding the constitutional amendment?
A. Constitutional amendments are proposed by a majority of the members of the National Assembly or by the President.
B. Proposed constitutional amendments must be publicly announced by the President for a period of at least 30 days.
C. The National Assembly must pass a resolution on the constitutional amendment within 60 days from the date it is announced, and the resolution of the National Assembly must receive the approval of more than two-thirds of the registered members.
D. The constitutional amendment must be submitted to a national referendum within 30 days after resolution by the National Assembly and must be approved by a majority of voters eligible to vote in the National Assembly.
"
666,PSAT_23_3,,"다음은 한국사회의 법에 대한 문제이다.
기본권 제한에 대한 설명으로 옳지 않은 것은?","['A. 에 근거를 둔 적법한 경찰작용이다.', 'B. 음주운전 금지규정 위반 또는 음주측정거부 전력을 가중요건으로 삼으면서 해당 전력과 관련하여 아무런 시간적 제한도 두지 않은 채 뒤에 행해진 음주운전 금지규정 위반행위를 가중처벌하는 것은 책임에 비해 과도한 형벌을 규정한 것이다.', ""C. 음주운전의 경우 운전의 개념에 '도로 외의 곳'을 포함하도록 한 도로교통법 조항은 건전한 일반상식을 가진 사람에 의하여 일의적으로 파악되기 어려우므로 죄형법정주의의 명확성 원칙에 위배된다."", 'D. 음주측정거부자에 대해 필요적으로 면허를 취소할 것을 규정한 도로교통법 조항은 재산권, 직업선택의 자유, 행복추구권 또는 양심의 자유에 대한 과도한 제한에 해당하지 않는다.']",C,"A. 에 근거를 둔 적법한 경찰작용이다.
B. 음주운전 금지규정 위반 또는 음주측정거부 전력을 가중요건으로 삼으면서 해당 전력과 관련하여 아무런 시간적 제한도 두지 않은 채 뒤에 행해진 음주운전 금지규정 위반행위를 가중처벌하는 것은 책임에 비해 과도한 형벌을 규정한 것이다.
C. 음주운전의 경우 운전의 개념에 '도로 외의 곳'을 포함하도록 한 도로교통법 조항은 건전한 일반상식을 가진 사람에 의하여 일의적으로 파악되기 어려우므로 죄형법정주의의 명확성 원칙에 위배된다.
D. 음주측정거부자에 대해 필요적으로 면허를 취소할 것을 규정한 도로교통법 조항은 재산권, 직업선택의 자유, 행복추구권 또는 양심의 자유에 대한 과도한 제한에 해당하지 않는다.
","다음은 한국사회의 법에 대한 문제이다.
기본권 제한에 대한 설명으로 옳지 않은 것은?
A. 에 근거를 둔 적법한 경찰작용이다.
B. 음주운전 금지규정 위반 또는 음주측정거부 전력을 가중요건으로 삼으면서 해당 전력과 관련하여 아무런 시간적 제한도 두지 않은 채 뒤에 행해진 음주운전 금지규정 위반행위를 가중처벌하는 것은 책임에 비해 과도한 형벌을 규정한 것이다.
C. 음주운전의 경우 운전의 개념에 '도로 외의 곳'을 포함하도록 한 도로교통법 조항은 건전한 일반상식을 가진 사람에 의하여 일의적으로 파악되기 어려우므로 죄형법정주의의 명확성 원칙에 위배된다.
D. 음주측정거부자에 대해 필요적으로 면허를 취소할 것을 규정한 도로교통법 조항은 재산권, 직업선택의 자유, 행복추구권 또는 양심의 자유에 대한 과도한 제한에 해당하지 않는다.
","Next is the issue of law in Korean society.
Which of the following is not an accurate statement regarding restrictions on basic rights?
A. It is a legitimate police action based on.
B. Considering the history of violation of the prohibition of drunk driving or refusal to take a breathalyzer test as an aggravating factor and imposing additional punishment on subsequent violations of the prohibition of drunk driving without setting any time limit related to the history, the punishment is excessive compared to the responsibility. It was done.
C. In the case of drunk driving, the provision of the Road Traffic Act that includes 'places other than the road' in the concept of driving is difficult to understand univocally by people with sound general knowledge, and therefore violates the principle of clarity in criminal law.
D. The provisions of the Road Traffic Act that stipulate the necessary cancellation of licenses for those who refuse breathalyzer tests do not constitute excessive restrictions on property rights, freedom of choice of occupation, right to pursue happiness, or freedom of conscience.
"
667,PSAT_23_4,,"다음은 한국사회의 법에 대한 문제이다.
종교의 자유에 대한 설명으로 옳지 않은 것은?","['A. 헌법상 보호되는 종교의 자유에는 특정 종교단체가 그 종교의 지도자와 교리자를 자체적으로 교육시킬 수 있는 종교교육의 자유가 포함된다.', 'B. 종교적 집회ㆍ결사의 자유는 그 자체가 내심의 자유의 핵심이기 때문에 헌법 제37조제2항의 과잉금지의 원칙이 적용되지 않는다.', ""C. '2010학년도 법학적성시험 시행계획 공고'가 시험의 시행일을 일요일로 정한 것은 청구인의 종교의 자유를 침해하는 것이라 할 수 없다."", 'D. 국가에 의한 특정 종교의 우대나 차별대우는 금지된다.']",B,"A. 헌법상 보호되는 종교의 자유에는 특정 종교단체가 그 종교의 지도자와 교리자를 자체적으로 교육시킬 수 있는 종교교육의 자유가 포함된다.
B. 종교적 집회ㆍ결사의 자유는 그 자체가 내심의 자유의 핵심이기 때문에 헌법 제37조제2항의 과잉금지의 원칙이 적용되지 않는다.
C. '2010학년도 법학적성시험 시행계획 공고'가 시험의 시행일을 일요일로 정한 것은 청구인의 종교의 자유를 침해하는 것이라 할 수 없다.
D. 국가에 의한 특정 종교의 우대나 차별대우는 금지된다.
","다음은 한국사회의 법에 대한 문제이다.
종교의 자유에 대한 설명으로 옳지 않은 것은?
A. 헌법상 보호되는 종교의 자유에는 특정 종교단체가 그 종교의 지도자와 교리자를 자체적으로 교육시킬 수 있는 종교교육의 자유가 포함된다.
B. 종교적 집회ㆍ결사의 자유는 그 자체가 내심의 자유의 핵심이기 때문에 헌법 제37조제2항의 과잉금지의 원칙이 적용되지 않는다.
C. '2010학년도 법학적성시험 시행계획 공고'가 시험의 시행일을 일요일로 정한 것은 청구인의 종교의 자유를 침해하는 것이라 할 수 없다.
D. 국가에 의한 특정 종교의 우대나 차별대우는 금지된다.
","Next is the issue of law in Korean society.
Which of the following is incorrect regarding religious freedom?
A. Religious freedom protected under the Constitution includes the freedom of religious education, which allows specific religious groups to educate their religious leaders and believers on their own.
B. Since freedom of religious assembly and association is itself the core of freedom, the principle of prohibition of excess in Article 37, Paragraph 2 of the Constitution does not apply.
C. The fact that the '2010 Jurisprudence Aptitude Test Implementation Plan Announcement' sets the examination date as Sunday cannot be said to be an infringement on the applicant's freedom of religion.
D. Preferential treatment or discriminatory treatment of certain religions by the state is prohibited.
"
668,PSAT_23_5,,"다음은 한국사회의 법에 대한 문제이다.
헌법의 기본원리에 대한 설명으로 옳지 않은 것은?","['A. 헌법의 기본원리는 헌법의 이념적 기초인 동시에 헌법을 지배하는 지도원리로서 입법이나 정책 결정의 방향을 제시하며 공무원을 비롯한 모든 국민ㆍ국가기관이 헌법을 존중하고 수호하도록 하는 지침이 된다.', 'B. 헌법의 기본원리는 기본권의 해석 및 기본권 제한 입법의 합헌성 심사에 있어 해석기준의 하나로서 작용한다.', ""C. 기본적 인권, 국가권력의 법률기속, 권력분립 등의 관념들은 자유주의의 요청에 해당하며, 우리 헌법상에는 '법치주의 원리'로 반영되어 있다."", 'D. 국회의장의 불법적인 의안처리로 헌법의 기본원리가 훼손되었다면 그로 인하여 구체적 기본권을 침해당했는지 여부와 상관없이 국회의원의 헌법소원심판청구는 허용된다.']",D,"A. 헌법의 기본원리는 헌법의 이념적 기초인 동시에 헌법을 지배하는 지도원리로서 입법이나 정책 결정의 방향을 제시하며 공무원을 비롯한 모든 국민ㆍ국가기관이 헌법을 존중하고 수호하도록 하는 지침이 된다.
B. 헌법의 기본원리는 기본권의 해석 및 기본권 제한 입법의 합헌성 심사에 있어 해석기준의 하나로서 작용한다.
C. 기본적 인권, 국가권력의 법률기속, 권력분립 등의 관념들은 자유주의의 요청에 해당하며, 우리 헌법상에는 '법치주의 원리'로 반영되어 있다.
D. 국회의장의 불법적인 의안처리로 헌법의 기본원리가 훼손되었다면 그로 인하여 구체적 기본권을 침해당했는지 여부와 상관없이 국회의원의 헌법소원심판청구는 허용된다.
","다음은 한국사회의 법에 대한 문제이다.
헌법의 기본원리에 대한 설명으로 옳지 않은 것은?
A. 헌법의 기본원리는 헌법의 이념적 기초인 동시에 헌법을 지배하는 지도원리로서 입법이나 정책 결정의 방향을 제시하며 공무원을 비롯한 모든 국민ㆍ국가기관이 헌법을 존중하고 수호하도록 하는 지침이 된다.
B. 헌법의 기본원리는 기본권의 해석 및 기본권 제한 입법의 합헌성 심사에 있어 해석기준의 하나로서 작용한다.
C. 기본적 인권, 국가권력의 법률기속, 권력분립 등의 관념들은 자유주의의 요청에 해당하며, 우리 헌법상에는 '법치주의 원리'로 반영되어 있다.
D. 국회의장의 불법적인 의안처리로 헌법의 기본원리가 훼손되었다면 그로 인하여 구체적 기본권을 침해당했는지 여부와 상관없이 국회의원의 헌법소원심판청구는 허용된다.
","Next is the issue of law in Korean society.
Which of the following is incorrect regarding the basic principles of the Constitution?
A. The basic principles of the Constitution are the ideological basis of the Constitution and at the same time the guiding principles that govern the Constitution, provide direction for legislation and policy decisions, and serve as guidelines for all citizens and state agencies, including public officials, to respect and protect the Constitution.
B. The basic principles of the Constitution serve as one of the standards for interpretation in the interpretation of fundamental rights and in reviewing the constitutionality of legislation restricting fundamental rights.
C. Concepts such as basic human rights, legal binding of state power, and separation of powers correspond to the demands of liberalism, and are reflected in our Constitution as the ‘principle of the rule of law.’
D. If the basic principles of the Constitution have been damaged by the Speaker of the National Assembly's illegal handling of the bill, the National Assembly member's request for constitutional appeal is permitted regardless of whether specific fundamental rights have been violated as a result.
"
669,PSAT_23_6,,"다음은 한국사회의 법에 대한 문제이다.
변호인의 조력을 받을 권리에 대한 설명으로 옳지 않은 것은?","['A. 형사절차가 종료되어 교정시설에 수용 중인 수형자는 원칙적으로 변호인의 조력을 받을 권리의 주체가 된다.', 'B. 변호인의 조력을 받을 권리는 체포 또는 구속을 당하지 아니한 불구속 피의자나 피고인에게도 인정된다.', 'C. 행정절차에서 구속된 사람에게도 변호인의 조력을 받을 권리가 인정된다.', 'D. 변호인이 피의자신문에 자유롭게 참여할 수 있는 권리는 피의자가 가지는 변호인의 조력을 받을 권리를 실현하는 수단이므로 헌법상 기본권인 변호인의 변호권으로서 보호되어야 한다.']",A,"A. 형사절차가 종료되어 교정시설에 수용 중인 수형자는 원칙적으로 변호인의 조력을 받을 권리의 주체가 된다.
B. 변호인의 조력을 받을 권리는 체포 또는 구속을 당하지 아니한 불구속 피의자나 피고인에게도 인정된다.
C. 행정절차에서 구속된 사람에게도 변호인의 조력을 받을 권리가 인정된다.
D. 변호인이 피의자신문에 자유롭게 참여할 수 있는 권리는 피의자가 가지는 변호인의 조력을 받을 권리를 실현하는 수단이므로 헌법상 기본권인 변호인의 변호권으로서 보호되어야 한다.
","다음은 한국사회의 법에 대한 문제이다.
변호인의 조력을 받을 권리에 대한 설명으로 옳지 않은 것은?
A. 형사절차가 종료되어 교정시설에 수용 중인 수형자는 원칙적으로 변호인의 조력을 받을 권리의 주체가 된다.
B. 변호인의 조력을 받을 권리는 체포 또는 구속을 당하지 아니한 불구속 피의자나 피고인에게도 인정된다.
C. 행정절차에서 구속된 사람에게도 변호인의 조력을 받을 권리가 인정된다.
D. 변호인이 피의자신문에 자유롭게 참여할 수 있는 권리는 피의자가 가지는 변호인의 조력을 받을 권리를 실현하는 수단이므로 헌법상 기본권인 변호인의 변호권으로서 보호되어야 한다.
","Next is the issue of law in Korean society.
Which of the following is incorrect regarding the right to receive assistance from an attorney?
A. In principle, inmates who have completed their criminal proceedings and are being held in a correctional facility have the right to receive assistance from a lawyer.
B. The right to receive assistance from a lawyer is also recognized for non-detained suspects and defendants who have not been arrested or detained.
C. The right to receive assistance from a lawyer is also recognized for persons arrested in administrative proceedings.
D. The right of a defense attorney to freely participate in the interrogation of a suspect is a means of realizing the suspect's right to receive assistance from a defense attorney, and must be protected as a fundamental right under the Constitution.
"
670,PSAT_23_7,,"다음은 한국사회의 법에 대한 문제이다.
양심의 자유에 대한 설명으로 옳지 않은 것은?","['A. 수범자가 수혜를 스스로 포기하거나 권고를 거부함으로써 법질서와 충돌하지 아니한 채 자신의 양심을 유지, 보존하는 경우에도 양심 변경에 대한 강요로서 양심의 자유 침해가 된다.', 'B. 양심실현은 적극적인 작위의 방법으로도 실현될 수 있지만 소극적으로 부작위에 의해서도 그 실현이 가능하다.', 'C. 내심적 자유, 즉 양심형성의 자유와 양심적 결정의 자유는 내심에 머무르는 한 절대적 자유라고 할 수 있다.', 'D. 양심의 자유에서 현실적으로 문제가 되는 것은 사회적 다수의 양심이 아니라, 국가의 법질서나 사회의 도덕률에서 벗어나려는 소수의 양심이다.']",A,"A. 수범자가 수혜를 스스로 포기하거나 권고를 거부함으로써 법질서와 충돌하지 아니한 채 자신의 양심을 유지, 보존하는 경우에도 양심 변경에 대한 강요로서 양심의 자유 침해가 된다.
B. 양심실현은 적극적인 작위의 방법으로도 실현될 수 있지만 소극적으로 부작위에 의해서도 그 실현이 가능하다.
C. 내심적 자유, 즉 양심형성의 자유와 양심적 결정의 자유는 내심에 머무르는 한 절대적 자유라고 할 수 있다.
D. 양심의 자유에서 현실적으로 문제가 되는 것은 사회적 다수의 양심이 아니라, 국가의 법질서나 사회의 도덕률에서 벗어나려는 소수의 양심이다.
","다음은 한국사회의 법에 대한 문제이다.
양심의 자유에 대한 설명으로 옳지 않은 것은?
A. 수범자가 수혜를 스스로 포기하거나 권고를 거부함으로써 법질서와 충돌하지 아니한 채 자신의 양심을 유지, 보존하는 경우에도 양심 변경에 대한 강요로서 양심의 자유 침해가 된다.
B. 양심실현은 적극적인 작위의 방법으로도 실현될 수 있지만 소극적으로 부작위에 의해서도 그 실현이 가능하다.
C. 내심적 자유, 즉 양심형성의 자유와 양심적 결정의 자유는 내심에 머무르는 한 절대적 자유라고 할 수 있다.
D. 양심의 자유에서 현실적으로 문제가 되는 것은 사회적 다수의 양심이 아니라, 국가의 법질서나 사회의 도덕률에서 벗어나려는 소수의 양심이다.
","Next is the issue of law in Korean society.
Which of the following is incorrect regarding freedom of conscience?
A. Even if the prisoner maintains and preserves his or her conscience without conflicting with the law and order by voluntarily giving up the benefit or rejecting the recommendation, it is a violation of freedom of conscience as a coercion to change one's conscience.
B. Realization of conscience can be realized through active action, but it can also be realized passively through omission.
C. Inner freedom, that is, freedom of forming conscience and freedom of conscientious decision, can be said to be absolute freedom as long as it remains within.
D. What is realistically problematic in terms of freedom of conscience is not the conscience of the social majority, but the conscience of a minority that tries to break away from the legal order of the country or the moral laws of society.
"
671,PSAT_23_8,,"다음은 한국사회의 법에 대한 문제이다.
기본권의 범위 또는 보호영역에 대한 설명으로 옳은 것은?","['A. 지방자치단체의 장 선거권은 주민투표권과 마찬가지로 법률이 보장하는 권리일 뿐이지 헌법이 보장하는 기본권으로 볼 수 없다.', 'B. 오늘날 전쟁과 테러 혹은 무력행위로부터 자유로워야 하는 것은 인간의 존엄과 가치를 실현하고 행복을 추구하기 위한 기본전제가 되므로 헌법 제10조로부터 평화적 생존권을 인정할 수 있다.', 'C. 음란표현은 언론ㆍ출판의 자유의 보호영역 내에 있지 않다.', 'D. 육아휴직신청권은 헌법 제36조제1항 등으로부터 개인에게 직접 주어지는 헌법적 차원의 권리라고 볼 수는 없고, 입법자가 여러 가지 요소를 고려하여 제정하는 입법에 적용요건, 적용대상, 기간 등 구체적인 사항이 규정될 때 비로소 형성되는 법률상의 권리이다.']",D,"A. 지방자치단체의 장 선거권은 주민투표권과 마찬가지로 법률이 보장하는 권리일 뿐이지 헌법이 보장하는 기본권으로 볼 수 없다.
B. 오늘날 전쟁과 테러 혹은 무력행위로부터 자유로워야 하는 것은 인간의 존엄과 가치를 실현하고 행복을 추구하기 위한 기본전제가 되므로 헌법 제10조로부터 평화적 생존권을 인정할 수 있다.
C. 음란표현은 언론ㆍ출판의 자유의 보호영역 내에 있지 않다.
D. 육아휴직신청권은 헌법 제36조제1항 등으로부터 개인에게 직접 주어지는 헌법적 차원의 권리라고 볼 수는 없고, 입법자가 여러 가지 요소를 고려하여 제정하는 입법에 적용요건, 적용대상, 기간 등 구체적인 사항이 규정될 때 비로소 형성되는 법률상의 권리이다.
","다음은 한국사회의 법에 대한 문제이다.
기본권의 범위 또는 보호영역에 대한 설명으로 옳은 것은?
A. 지방자치단체의 장 선거권은 주민투표권과 마찬가지로 법률이 보장하는 권리일 뿐이지 헌법이 보장하는 기본권으로 볼 수 없다.
B. 오늘날 전쟁과 테러 혹은 무력행위로부터 자유로워야 하는 것은 인간의 존엄과 가치를 실현하고 행복을 추구하기 위한 기본전제가 되므로 헌법 제10조로부터 평화적 생존권을 인정할 수 있다.
C. 음란표현은 언론ㆍ출판의 자유의 보호영역 내에 있지 않다.
D. 육아휴직신청권은 헌법 제36조제1항 등으로부터 개인에게 직접 주어지는 헌법적 차원의 권리라고 볼 수는 없고, 입법자가 여러 가지 요소를 고려하여 제정하는 입법에 적용요건, 적용대상, 기간 등 구체적인 사항이 규정될 때 비로소 형성되는 법률상의 권리이다.
","Next is the issue of law in Korean society.
Which of the following is correct regarding the scope or protection area of ​​basic rights?
A. The right to vote for the head of a local government, like the right to vote, is only a right guaranteed by law and cannot be considered a basic right guaranteed by the Constitution.
B. Today, being free from war, terrorism, or acts of force is a basic premise for realizing human dignity and value and pursuing happiness, so the right to peaceful existence can be recognized under Article 10 of the Constitution.
C. Obscene expressions are not within the scope of protection of freedom of speech and the press.
D. The right to apply for childcare leave cannot be considered a constitutional right given directly to individuals under Article 36, Paragraph 1 of the Constitution, etc., and the application requirements, application targets, period, etc. are enacted by the legislator in consideration of various factors. It is a legal right that is formed only when specific details are stipulated.
"
672,PSAT_23_9,,"다음은 한국사회의 법에 대한 문제이다.
대통령의 법률안거부권에 대한 설명으로 옳지 않은 것은?","['A. 법률안에 이의가 있을 때에는 대통령은 정부에 이송된 때로부터 15일 이내에 이의서를 붙여 국회로 환부하고, 그 재의를 요구할 수 있으며, 국회의 폐회 중에도 또한 같다.', 'B. 대통령은 법률안의 일부에 대하여 또는 법률안을 수정하여 재의를 요구할 수 있다.', 'C. 대통령이 국회에서 의결되어 정부에 이송된 법률안에 대해 15일 이내에 공포나 재의의 요구를 하지 아니한 때에는 그 법률안은 법률로서 확정된다.', 'D. 대통령의 재의의 요구가 있을 때에는 국회는 재의에 붙이고, 재적의원 과반수의 출석과 출석의원 3분의 2 이상의 찬성으로 전과 같은 의결을 하면 그 법률안은 법률로서 확정된다.']",B,"A. 법률안에 이의가 있을 때에는 대통령은 정부에 이송된 때로부터 15일 이내에 이의서를 붙여 국회로 환부하고, 그 재의를 요구할 수 있으며, 국회의 폐회 중에도 또한 같다.
B. 대통령은 법률안의 일부에 대하여 또는 법률안을 수정하여 재의를 요구할 수 있다.
C. 대통령이 국회에서 의결되어 정부에 이송된 법률안에 대해 15일 이내에 공포나 재의의 요구를 하지 아니한 때에는 그 법률안은 법률로서 확정된다.
D. 대통령의 재의의 요구가 있을 때에는 국회는 재의에 붙이고, 재적의원 과반수의 출석과 출석의원 3분의 2 이상의 찬성으로 전과 같은 의결을 하면 그 법률안은 법률로서 확정된다.
","다음은 한국사회의 법에 대한 문제이다.
대통령의 법률안거부권에 대한 설명으로 옳지 않은 것은?
A. 법률안에 이의가 있을 때에는 대통령은 정부에 이송된 때로부터 15일 이내에 이의서를 붙여 국회로 환부하고, 그 재의를 요구할 수 있으며, 국회의 폐회 중에도 또한 같다.
B. 대통령은 법률안의 일부에 대하여 또는 법률안을 수정하여 재의를 요구할 수 있다.
C. 대통령이 국회에서 의결되어 정부에 이송된 법률안에 대해 15일 이내에 공포나 재의의 요구를 하지 아니한 때에는 그 법률안은 법률로서 확정된다.
D. 대통령의 재의의 요구가 있을 때에는 국회는 재의에 붙이고, 재적의원 과반수의 출석과 출석의원 3분의 2 이상의 찬성으로 전과 같은 의결을 하면 그 법률안은 법률로서 확정된다.
","Next is the issue of law in Korean society.
Which of the following is incorrect regarding the President's right to veto legislation?
A. If there is an objection to the bill, the President may return it to the National Assembly with a written objection within 15 days from the time it is transferred to the government and request reconsideration. The same also applies when the National Assembly is out of session.
B. The President may request reconsideration of part of a bill or by revising the bill.
C. If the President does not request promulgation or reconsideration of a bill passed by the National Assembly and transferred to the government within 15 days, the bill becomes confirmed as law.
D. When the President requests a reconsideration, the National Assembly reconsiders it, and if the same resolution as before is made with the attendance of a majority of the registered members and the approval of more than two-thirds of the members present, the bill becomes law.
"
673,PSAT_23_10,,"다음은 한국사회의 법에 대한 문제이다.
알 권리에 대한 설명으로 옳지 않은 것은?","['A. 의 조항은 변호사시험에 응시하여 합격한 청구인들의 알 권리를 침해하지 않는다.', 'B. 알 권리는 표현의 자유와 표리일체의 관계에 있고, 정보의 공개청구권은 알 권리의 당연한 내용이 되는 것이다.', 'C. 형사재판이 확정되면 속기록, 녹음물 또는 영상녹화물을 폐기하도록 규정한 형사소송규칙의 조항은 피고인이었던 청구인의 알 권리를 침해하지 않는다.', 'D. 교원의 개인정보 공개를 금지하고 있는 교육관련기관의 정보공개에 관한 특례법의 조항은 학부모들의 알 권리를 침해하지 않는다.']",A,"A. 의 조항은 변호사시험에 응시하여 합격한 청구인들의 알 권리를 침해하지 않는다.
B. 알 권리는 표현의 자유와 표리일체의 관계에 있고, 정보의 공개청구권은 알 권리의 당연한 내용이 되는 것이다.
C. 형사재판이 확정되면 속기록, 녹음물 또는 영상녹화물을 폐기하도록 규정한 형사소송규칙의 조항은 피고인이었던 청구인의 알 권리를 침해하지 않는다.
D. 교원의 개인정보 공개를 금지하고 있는 교육관련기관의 정보공개에 관한 특례법의 조항은 학부모들의 알 권리를 침해하지 않는다.
","다음은 한국사회의 법에 대한 문제이다.
알 권리에 대한 설명으로 옳지 않은 것은?
A. 의 조항은 변호사시험에 응시하여 합격한 청구인들의 알 권리를 침해하지 않는다.
B. 알 권리는 표현의 자유와 표리일체의 관계에 있고, 정보의 공개청구권은 알 권리의 당연한 내용이 되는 것이다.
C. 형사재판이 확정되면 속기록, 녹음물 또는 영상녹화물을 폐기하도록 규정한 형사소송규칙의 조항은 피고인이었던 청구인의 알 권리를 침해하지 않는다.
D. 교원의 개인정보 공개를 금지하고 있는 교육관련기관의 정보공개에 관한 특례법의 조항은 학부모들의 알 권리를 침해하지 않는다.
","Next is the issue of law in Korean society.
Which of the following is incorrect regarding the right to know?
The provisions of A. do not infringe on the right to know of claimants who took and passed the bar exam.
B. The right to know is directly related to freedom of expression, and the right to request disclosure of information is a natural part of the right to know.
C. The provisions of the Criminal Procedure Rules stipulating that stenography, audio recordings, or video recordings be destroyed once a criminal trial is confirmed do not infringe on the right to know of the claimant who was the defendant.
D. The provisions of the Special Act on Disclosure of Information by Education-related Institutions, which prohibits the disclosure of teachers’ personal information, do not infringe on parents’ right to know.
"
674,PSAT_23_11,,"다음은 한국사회의 법에 대한 문제이다.
국가긴급권에 대한 설명으로 옳지 않은 것은?","['A. 계엄을 선포한 때에는 대통령은 지체없이 국회에 통고하여야 한다.', 'B. 긴급재정경제명령은 정상적인 재정운용ㆍ경제운용이 불가능한 중대한 재정ㆍ경제상의 위기가 현실적으로 발생하였거나 발생할 우려가 있을 때만 발할 수 있다.', 'C. 국회가 재적의원 과반수의 찬성으로 계엄의 해제를 요구한 때에는 대통령은 이를 해제하여야 한다.', 'D. 비상계엄이 선포된 때에는 법률이 정하는 바에 의하여 영장제도, 언론ㆍ출판ㆍ집회ㆍ결사의 자유, 정부나 법원의 권한에 관하여 특별한 조치를 할 수 있다.']",B,"A. 계엄을 선포한 때에는 대통령은 지체없이 국회에 통고하여야 한다.
B. 긴급재정경제명령은 정상적인 재정운용ㆍ경제운용이 불가능한 중대한 재정ㆍ경제상의 위기가 현실적으로 발생하였거나 발생할 우려가 있을 때만 발할 수 있다.
C. 국회가 재적의원 과반수의 찬성으로 계엄의 해제를 요구한 때에는 대통령은 이를 해제하여야 한다.
D. 비상계엄이 선포된 때에는 법률이 정하는 바에 의하여 영장제도, 언론ㆍ출판ㆍ집회ㆍ결사의 자유, 정부나 법원의 권한에 관하여 특별한 조치를 할 수 있다.
","다음은 한국사회의 법에 대한 문제이다.
국가긴급권에 대한 설명으로 옳지 않은 것은?
A. 계엄을 선포한 때에는 대통령은 지체없이 국회에 통고하여야 한다.
B. 긴급재정경제명령은 정상적인 재정운용ㆍ경제운용이 불가능한 중대한 재정ㆍ경제상의 위기가 현실적으로 발생하였거나 발생할 우려가 있을 때만 발할 수 있다.
C. 국회가 재적의원 과반수의 찬성으로 계엄의 해제를 요구한 때에는 대통령은 이를 해제하여야 한다.
D. 비상계엄이 선포된 때에는 법률이 정하는 바에 의하여 영장제도, 언론ㆍ출판ㆍ집회ㆍ결사의 자유, 정부나 법원의 권한에 관하여 특별한 조치를 할 수 있다.
","Next is the issue of law in Korean society.
Which of the following is incorrect regarding national emergency powers?
A. When martial law is declared, the President must notify the National Assembly without delay.
B. Emergency financial and economic orders can be issued only when a serious financial or economic crisis that makes normal financial or economic management impossible has actually occurred or is likely to occur.
C. When the National Assembly requests the lifting of martial law with the approval of a majority of the registered members, the President shall lift it.
D. When martial law is declared, special measures may be taken with regard to the warrant system, freedom of speech, publication, assembly, and association, and the authority of the government or courts in accordance with the provisions of the law.
"
675,PSAT_23_12,,"다음은 한국사회의 법에 대한 문제이다.
감사원에 대한 설명으로 옳은 것은?","['A. 감사원은 원장과 5인 이상 11인 이하의 감사위원으로 구성한다.', 'B. 헌법은 “감사원은 감사에 관한 절차, 감사원의 내부 규율과 감사사무 처리에 관한 규칙을 제정할 수 있다”고 규정하고 있다.', 'C. 감사원은 세입ㆍ세출의 결산을 매년 검사하여 대통령과 차년도국회에 그 결과를 보고하여야 한다.', 'D. 국가의 세입ㆍ세출의 결산, 국가 및 법률이 정한 단체의 회계검사와 행정기관 및 공무원의 직무에 관한 감찰을 하기 위하여 국무총리 소속하에 감사원을 둔다.']",C,"A. 감사원은 원장과 5인 이상 11인 이하의 감사위원으로 구성한다.
B. 헌법은 “감사원은 감사에 관한 절차, 감사원의 내부 규율과 감사사무 처리에 관한 규칙을 제정할 수 있다”고 규정하고 있다.
C. 감사원은 세입ㆍ세출의 결산을 매년 검사하여 대통령과 차년도국회에 그 결과를 보고하여야 한다.
D. 국가의 세입ㆍ세출의 결산, 국가 및 법률이 정한 단체의 회계검사와 행정기관 및 공무원의 직무에 관한 감찰을 하기 위하여 국무총리 소속하에 감사원을 둔다.
","다음은 한국사회의 법에 대한 문제이다.
감사원에 대한 설명으로 옳은 것은?
A. 감사원은 원장과 5인 이상 11인 이하의 감사위원으로 구성한다.
B. 헌법은 “감사원은 감사에 관한 절차, 감사원의 내부 규율과 감사사무 처리에 관한 규칙을 제정할 수 있다”고 규정하고 있다.
C. 감사원은 세입ㆍ세출의 결산을 매년 검사하여 대통령과 차년도국회에 그 결과를 보고하여야 한다.
D. 국가의 세입ㆍ세출의 결산, 국가 및 법률이 정한 단체의 회계검사와 행정기관 및 공무원의 직무에 관한 감찰을 하기 위하여 국무총리 소속하에 감사원을 둔다.
","Next is the issue of law in Korean society.
Which of the following is correct about the Board of Audit and Inspection?
A. The Board of Audit and Inspection is composed of the president and an audit committee member of not less than 5 but not more than 11 members.
B. The Constitution stipulates that “the Board of Audit and Inspection may establish rules regarding audit procedures, internal discipline of the Board of Audit and Inspection, and handling of audit work.”
C. The Board of Audit and Inspection shall inspect the settlement of revenues and expenditures every year and report the results to the President and the National Assembly in the following year.
D. The Board of Audit and Inspection shall be established under the Prime Minister in order to settle the national revenue and expenditure, inspect the accounting of the state and organizations prescribed by law, and inspect the duties of administrative agencies and public officials.
"
676,PSAT_23_13,,"다음은 한국사회의 법에 대한 문제이다.
국회와 행정부의 관계에 대한 설명으로 옳지 않은 것은?","['A. 헌법은 “정부는 회계연도마다 예산안을 편성하여 회계연도 개시 90일 전까지 국회에 제출하고, 국회는 회계연도 개시 30일 전까지 이를 의결하여야 한다”고 규정하고 있다.', 'B. 국회는 정부의 동의 없이 정부가 제출한 지출예산 각항의 금액을 증가하거나 새 비목을 설치할 수 있다.', 'C. 행정각부의 장이 그 직무집행에 있어서 헌법이나 법률을 위배한 때에는 국회는 탄핵의 소추를 의결할 수 있다.', 'D. 대통령은 국회에 출석하여 발언하거나 서한으로 의견을 표시할 수 있다.']",B,"A. 헌법은 “정부는 회계연도마다 예산안을 편성하여 회계연도 개시 90일 전까지 국회에 제출하고, 국회는 회계연도 개시 30일 전까지 이를 의결하여야 한다”고 규정하고 있다.
B. 국회는 정부의 동의 없이 정부가 제출한 지출예산 각항의 금액을 증가하거나 새 비목을 설치할 수 있다.
C. 행정각부의 장이 그 직무집행에 있어서 헌법이나 법률을 위배한 때에는 국회는 탄핵의 소추를 의결할 수 있다.
D. 대통령은 국회에 출석하여 발언하거나 서한으로 의견을 표시할 수 있다.
","다음은 한국사회의 법에 대한 문제이다.
국회와 행정부의 관계에 대한 설명으로 옳지 않은 것은?
A. 헌법은 “정부는 회계연도마다 예산안을 편성하여 회계연도 개시 90일 전까지 국회에 제출하고, 국회는 회계연도 개시 30일 전까지 이를 의결하여야 한다”고 규정하고 있다.
B. 국회는 정부의 동의 없이 정부가 제출한 지출예산 각항의 금액을 증가하거나 새 비목을 설치할 수 있다.
C. 행정각부의 장이 그 직무집행에 있어서 헌법이나 법률을 위배한 때에는 국회는 탄핵의 소추를 의결할 수 있다.
D. 대통령은 국회에 출석하여 발언하거나 서한으로 의견을 표시할 수 있다.
","Next is the issue of law in Korean society.
Which of the following is incorrect regarding the relationship between the National Assembly and the executive branch?
A. The Constitution stipulates that “the government must prepare a budget for each fiscal year and submit it to the National Assembly 90 days before the start of the fiscal year, and the National Assembly must vote on it at least 30 days before the start of the fiscal year.”
B. The National Assembly may increase the amount of each item of the expenditure budget submitted by the government or establish a new expenditure item without the consent of the government.
C. If the head of each administrative department violates the Constitution or laws in the performance of his/her duties, the National Assembly may decide to impeach him/her.
D. The President may attend the National Assembly and speak or express his or her opinion in a letter.
"
677,PSAT_23_14,,"다음은 한국사회의 법에 대한 문제이다.
국회의원에 대한 설명으로 옳은 것은?","['A. 국회의원이 회기 전에 현행범인으로 체포 또는 구금된 때에는 국회의 요구가 있으면 회기 중 석방된다.', 'B. 국회의원은 그 지위를 남용하여 국가ㆍ공공단체 또는 기업체와의 계약이나 그 처분에 의하여 재산상의 권리ㆍ이익 또는 직위를 취득하거나 타인을 위하여 그 취득을 알선할 수 없다.', 'C. 국회의원은 국회에서 직무상 행한 발언과 표결에 관하여 국회 내에서 책임을 지지 아니한다.', 'D. 국회는 국회의원을 제명하려면 국회재적의원 과반수의 찬성이 있어야 한다.']",B,"A. 국회의원이 회기 전에 현행범인으로 체포 또는 구금된 때에는 국회의 요구가 있으면 회기 중 석방된다.
B. 국회의원은 그 지위를 남용하여 국가ㆍ공공단체 또는 기업체와의 계약이나 그 처분에 의하여 재산상의 권리ㆍ이익 또는 직위를 취득하거나 타인을 위하여 그 취득을 알선할 수 없다.
C. 국회의원은 국회에서 직무상 행한 발언과 표결에 관하여 국회 내에서 책임을 지지 아니한다.
D. 국회는 국회의원을 제명하려면 국회재적의원 과반수의 찬성이 있어야 한다.
","다음은 한국사회의 법에 대한 문제이다.
국회의원에 대한 설명으로 옳은 것은?
A. 국회의원이 회기 전에 현행범인으로 체포 또는 구금된 때에는 국회의 요구가 있으면 회기 중 석방된다.
B. 국회의원은 그 지위를 남용하여 국가ㆍ공공단체 또는 기업체와의 계약이나 그 처분에 의하여 재산상의 권리ㆍ이익 또는 직위를 취득하거나 타인을 위하여 그 취득을 알선할 수 없다.
C. 국회의원은 국회에서 직무상 행한 발언과 표결에 관하여 국회 내에서 책임을 지지 아니한다.
D. 국회는 국회의원을 제명하려면 국회재적의원 과반수의 찬성이 있어야 한다.
","Next is the issue of law in Korean society.
Which of the following is correct regarding members of the National Assembly?
A. If a member of the National Assembly is arrested or detained for an active crime before the session, he or she may be released during the session if requested by the National Assembly.
B. Members of the National Assembly may not abuse their position to acquire property rights, interests, or positions through contracts or dispositions with the state, public organizations, or corporations, or to mediate their acquisition for others.
C. Members of the National Assembly are not responsible within the National Assembly for comments and votes made in the course of their duties.
D. In order to expel a member of the National Assembly, the approval of a majority of the members of the National Assembly must be obtained.
"
678,PSAT_23_15,,"다음은 한국사회의 법에 대한 문제이다.
국회의 회의운영과 의사원칙에 대한 설명으로 옳지 않은 것은?","['A. 국회의 임시회는 대통령 또는 국회재적의원 5분의 1 이상의 요구에 의하여 집회된다.', 'B. 국회의 회의는 공개한다. 다만, 출석의원 과반수의 찬성이 있거나 의장이 국가의 안전보장을 위하여 필요하다고 인정할 때에는 공개하지 아니할 수 있다.', 'C. 국회에 제출된 법률안 기타의 의안은 회기 중에 의결되지 못한 이유로 폐기되지 아니한다. 다만, 국회의원의 임기가 만료된 때에는 그러하지 아니하다.', 'D. 국회의 정기회는 법률이 정하는 바에 의하여 매년 1회 집회된다.']",A,"A. 국회의 임시회는 대통령 또는 국회재적의원 5분의 1 이상의 요구에 의하여 집회된다.
B. 국회의 회의는 공개한다. 다만, 출석의원 과반수의 찬성이 있거나 의장이 국가의 안전보장을 위하여 필요하다고 인정할 때에는 공개하지 아니할 수 있다.
C. 국회에 제출된 법률안 기타의 의안은 회기 중에 의결되지 못한 이유로 폐기되지 아니한다. 다만, 국회의원의 임기가 만료된 때에는 그러하지 아니하다.
D. 국회의 정기회는 법률이 정하는 바에 의하여 매년 1회 집회된다.
","다음은 한국사회의 법에 대한 문제이다.
국회의 회의운영과 의사원칙에 대한 설명으로 옳지 않은 것은?
A. 국회의 임시회는 대통령 또는 국회재적의원 5분의 1 이상의 요구에 의하여 집회된다.
B. 국회의 회의는 공개한다. 다만, 출석의원 과반수의 찬성이 있거나 의장이 국가의 안전보장을 위하여 필요하다고 인정할 때에는 공개하지 아니할 수 있다.
C. 국회에 제출된 법률안 기타의 의안은 회기 중에 의결되지 못한 이유로 폐기되지 아니한다. 다만, 국회의원의 임기가 만료된 때에는 그러하지 아니하다.
D. 국회의 정기회는 법률이 정하는 바에 의하여 매년 1회 집회된다.
","Next is the issue of law in Korean society.
Which of the following is not a correct explanation of the National Assembly's meeting operation and deliberation principles?
A. Extraordinary sessions of the National Assembly are held at the request of the President or more than one-fifth of the members of the National Assembly.
B. Meetings of the National Assembly are open to the public. However, it may not be disclosed when there is the approval of a majority of the members present or when the chairman deems it necessary to ensure national security.
C. Legislation and other bills submitted to the National Assembly shall not be discarded because they were not resolved during the session. However, this does not apply when the term of office of the National Assembly member expires.
D. The regular session of the National Assembly is held once a year as prescribed by law.
"
679,PSAT_23_16,,"다음은 한국사회의 법에 대한 문제이다.
헌법재판소법 제68조제2항의 헌법소원에 대한 설명으로 옳지 않은 것은?","['A. 제41조제1항에 따른 법률의 위헌 여부 심판의 제청신청이 기각된 때에는 그 신청을 한 당사자는 헌법재판소에 헌법소원심판을 청구할 수 있다.', 'B. 헌법소원이 인용된 경우에 해당 헌법소원과 관련된 소송사건이 이미 확정된 때에는 당사자는 재심을 청구할 수 있다.', 'C. 헌법재판소가 인용결정을 하는 경우에는 재판관 6명 이상의 찬성이 있어야 한다.', 'D. 지정재판부의 사전심사를 거쳐야 하는 것은 아니며, 변호사강제주의가 적용되지도 않는다.']",D,"A. 제41조제1항에 따른 법률의 위헌 여부 심판의 제청신청이 기각된 때에는 그 신청을 한 당사자는 헌법재판소에 헌법소원심판을 청구할 수 있다.
B. 헌법소원이 인용된 경우에 해당 헌법소원과 관련된 소송사건이 이미 확정된 때에는 당사자는 재심을 청구할 수 있다.
C. 헌법재판소가 인용결정을 하는 경우에는 재판관 6명 이상의 찬성이 있어야 한다.
D. 지정재판부의 사전심사를 거쳐야 하는 것은 아니며, 변호사강제주의가 적용되지도 않는다.
","다음은 한국사회의 법에 대한 문제이다.
헌법재판소법 제68조제2항의 헌법소원에 대한 설명으로 옳지 않은 것은?
A. 제41조제1항에 따른 법률의 위헌 여부 심판의 제청신청이 기각된 때에는 그 신청을 한 당사자는 헌법재판소에 헌법소원심판을 청구할 수 있다.
B. 헌법소원이 인용된 경우에 해당 헌법소원과 관련된 소송사건이 이미 확정된 때에는 당사자는 재심을 청구할 수 있다.
C. 헌법재판소가 인용결정을 하는 경우에는 재판관 6명 이상의 찬성이 있어야 한다.
D. 지정재판부의 사전심사를 거쳐야 하는 것은 아니며, 변호사강제주의가 적용되지도 않는다.
","Next is the issue of law in Korean society.
Which of the following is not correct regarding constitutional complaints in Article 68 (2) of the Constitutional Court Act?
A. When an application for adjudication of the unconstitutionality of a law under Article 41 (1) is rejected, the party who made the request may request a constitutional appeal adjudication at the Constitutional Court.
B. In the case where a constitutional complaint is cited and the case related to the constitutional complaint has already been confirmed, the parties may request a retrial.
C. When the Constitutional Court makes a decision to cite, there must be the approval of at least six judges.
D. It is not necessary to undergo a prior review by a designated court, and the law of attorney coercion does not apply.
"
680,PSAT_23_17,,"다음은 한국사회의 법에 대한 문제이다.
헌법에 명시된 경제에 대한 설명으로 옳지 않은 것은?","['A. 농업생산성의 제고와 농지의 합리적인 이용을 위하거나 불가피한 사정으로 발생하는 농지의 소작과 위탁경영은 법률이 정하는 바에 의하여 인정된다.', 'B. 국가는 국민 모두의 생산 및 생활의 기반이 되는 국토의 효율적이고 균형있는 이용ㆍ개발과 보전을 위하여 법률이 정하는 바에 의하여 그에 관한 필요한 제한과 의무를 과할 수 있다.', 'C. 국가는 건전한 소비행위를 계도하고 생산품의 품질향상을 촉구하기 위한 소비자보호운동을 법률이 정하는 바에 의하여 보장한다.', 'D. 국가는 농ㆍ어민과 중소기업의 자조조직을 육성하여야 하며, 그 자율적 활동과 발전을 보장한다.']",A,"A. 농업생산성의 제고와 농지의 합리적인 이용을 위하거나 불가피한 사정으로 발생하는 농지의 소작과 위탁경영은 법률이 정하는 바에 의하여 인정된다.
B. 국가는 국민 모두의 생산 및 생활의 기반이 되는 국토의 효율적이고 균형있는 이용ㆍ개발과 보전을 위하여 법률이 정하는 바에 의하여 그에 관한 필요한 제한과 의무를 과할 수 있다.
C. 국가는 건전한 소비행위를 계도하고 생산품의 품질향상을 촉구하기 위한 소비자보호운동을 법률이 정하는 바에 의하여 보장한다.
D. 국가는 농ㆍ어민과 중소기업의 자조조직을 육성하여야 하며, 그 자율적 활동과 발전을 보장한다.
","다음은 한국사회의 법에 대한 문제이다.
헌법에 명시된 경제에 대한 설명으로 옳지 않은 것은?
A. 농업생산성의 제고와 농지의 합리적인 이용을 위하거나 불가피한 사정으로 발생하는 농지의 소작과 위탁경영은 법률이 정하는 바에 의하여 인정된다.
B. 국가는 국민 모두의 생산 및 생활의 기반이 되는 국토의 효율적이고 균형있는 이용ㆍ개발과 보전을 위하여 법률이 정하는 바에 의하여 그에 관한 필요한 제한과 의무를 과할 수 있다.
C. 국가는 건전한 소비행위를 계도하고 생산품의 품질향상을 촉구하기 위한 소비자보호운동을 법률이 정하는 바에 의하여 보장한다.
D. 국가는 농ㆍ어민과 중소기업의 자조조직을 육성하여야 하며, 그 자율적 활동과 발전을 보장한다.
","Next is the issue of law in Korean society.
Which of the following is incorrect regarding the explanation of the economy specified in the Constitution?
A. Tenancy and consignment management of farmland for the purpose of improving agricultural productivity and rational use of farmland or for unavoidable circumstances are recognized in accordance with the provisions of the law.
B. The state may impose necessary restrictions and obligations in accordance with the provisions of law for the efficient and balanced use, development and preservation of the national land, which is the basis for production and life of all citizens.
C. The state guarantees consumer protection campaigns to encourage healthy consumption behavior and improve the quality of products as prescribed by law.
D. The state must foster self-help organizations of farmers, fishermen, and small and medium-sized enterprises and guarantee their autonomous activities and development.
"
681,PSAT_23_18,,"다음은 한국사회의 법에 대한 문제이다.
재판청구권에 대한 설명으로 옳은 것은?","['A. 상의 항고를 거치도록 한 것은 신속한 재판을 받을 권리를 침해한다.', ""B. 운전자의 업무상 과실 또는 중대한 과실로 인하여 교통사고 피해자가 '중상해가 아닌 상해'를 입은 경우, 가해 운전자에 대하여 공소를 제기할 수 없도록 한 것은 과잉금지원칙에 반한다."", ""C. '피고인이 스스로 치료감호를 청구할 수 있는 권리'는 헌법상 재판청구권의 보호범위에 포함된다."", 'D. 현역병의 군대 입대 전 범죄에 대한 군사법원의 재판권을 규정하고 있는 군사법원법 조항은 재판청구권을 침해하지 않는다.']",D,"A. 상의 항고를 거치도록 한 것은 신속한 재판을 받을 권리를 침해한다.
B. 운전자의 업무상 과실 또는 중대한 과실로 인하여 교통사고 피해자가 '중상해가 아닌 상해'를 입은 경우, 가해 운전자에 대하여 공소를 제기할 수 없도록 한 것은 과잉금지원칙에 반한다.
C. '피고인이 스스로 치료감호를 청구할 수 있는 권리'는 헌법상 재판청구권의 보호범위에 포함된다.
D. 현역병의 군대 입대 전 범죄에 대한 군사법원의 재판권을 규정하고 있는 군사법원법 조항은 재판청구권을 침해하지 않는다.
","다음은 한국사회의 법에 대한 문제이다.
재판청구권에 대한 설명으로 옳은 것은?
A. 상의 항고를 거치도록 한 것은 신속한 재판을 받을 권리를 침해한다.
B. 운전자의 업무상 과실 또는 중대한 과실로 인하여 교통사고 피해자가 '중상해가 아닌 상해'를 입은 경우, 가해 운전자에 대하여 공소를 제기할 수 없도록 한 것은 과잉금지원칙에 반한다.
C. '피고인이 스스로 치료감호를 청구할 수 있는 권리'는 헌법상 재판청구권의 보호범위에 포함된다.
D. 현역병의 군대 입대 전 범죄에 대한 군사법원의 재판권을 규정하고 있는 군사법원법 조항은 재판청구권을 침해하지 않는다.
","Next is the issue of law in Korean society.
Which of the following is correct regarding the right to request a trial?
A. Requiring a person to go through an appeal violates the right to a speedy trial.
B. If a traffic accident victim suffers 'an injury other than a serious injury' due to the driver's professional negligence or gross negligence, the prohibition of filing a lawsuit against the at-fault driver is against the principle of prohibition of excess.
C. 'The defendant's right to request medical treatment and custody' is included in the scope of protection of the right to seek trial under the Constitution.
D. The provisions of the Military Court Act, which regulates the jurisdiction of military courts for crimes committed by active-duty soldiers before enlisting in the military, do not infringe on the right to trial.
"
682,PSAT_23_19,,"다음은 한국사회의 법에 대한 문제이다.
국무회의에 대한 설명으로 옳은 것은?","['A. 국무회의의 의결은 국가기관의 외부적 의사결정 행위이므로 그 자체로 국민에 대하여 직접적인 법률효과를 발생시킨다.', 'B. 국무회의는 대통령ㆍ국무총리를 포함한 15인 이상 30인 이하의 국무위원으로 구성한다.', ""C. '예산안ㆍ결산ㆍ국유재산처분의 기본계획ㆍ국가의 부담이 될 계약 기타 재정에 관한 중요사항'은 국무회의의 심의를 거쳐야 한다."", ""D. '정부에 제출 또는 회부된 정부의 정책에 관계되는 청원의 심사'는 국무회의의 심의사항이 아니다.""]",C,"A. 국무회의의 의결은 국가기관의 외부적 의사결정 행위이므로 그 자체로 국민에 대하여 직접적인 법률효과를 발생시킨다.
B. 국무회의는 대통령ㆍ국무총리를 포함한 15인 이상 30인 이하의 국무위원으로 구성한다.
C. '예산안ㆍ결산ㆍ국유재산처분의 기본계획ㆍ국가의 부담이 될 계약 기타 재정에 관한 중요사항'은 국무회의의 심의를 거쳐야 한다.
D. '정부에 제출 또는 회부된 정부의 정책에 관계되는 청원의 심사'는 국무회의의 심의사항이 아니다.
","다음은 한국사회의 법에 대한 문제이다.
국무회의에 대한 설명으로 옳은 것은?
A. 국무회의의 의결은 국가기관의 외부적 의사결정 행위이므로 그 자체로 국민에 대하여 직접적인 법률효과를 발생시킨다.
B. 국무회의는 대통령ㆍ국무총리를 포함한 15인 이상 30인 이하의 국무위원으로 구성한다.
C. '예산안ㆍ결산ㆍ국유재산처분의 기본계획ㆍ국가의 부담이 될 계약 기타 재정에 관한 중요사항'은 국무회의의 심의를 거쳐야 한다.
D. '정부에 제출 또는 회부된 정부의 정책에 관계되는 청원의 심사'는 국무회의의 심의사항이 아니다.
","Next is the issue of law in Korean society.
Which of the following is correct about the Cabinet meeting?
A. Since the resolution of the State Council is an external decision-making act of a state agency, it in itself has a direct legal effect on the people.
B. The State Council is composed of 15 to 30 State Council members, including the President and Prime Minister.
C. 'Budget plan, settlement of accounts, basic plan for disposal of state-owned property, contracts that will burden the state, and other important matters related to finances' must be reviewed by the State Council.
D. 'Examination of petitions related to government policies submitted or referred to the government' is not a matter for deliberation by the State Council.
"
683,PSAT_23_20,,"다음은 한국사회의 법에 대한 문제이다.
법률의 공포와 효력발생에 대한 설명으로 옳지 않은 것은?","['A. 법률의 공포일은 해당 법률을 게재한 관보 또는 신문이 발행된 날로 한다.', 'B. 법률에 시행일이 명시된 경우에 시행일까지 공포되지 않으면 그 법률은 시행일부터 효력을 발생한다.', 'C. 관보의 내용 해석 및 적용 시기 등에 대하여 종이관보와 전자관보는 동일한 효력을 가진다.', 'D. 국민의 권리 제한 또는 의무 부과와 직접 관련되는 법률은 긴급히 시행하여야 할 특별한 사유가 있는 경우를 제외하고는 공포일부터 적어도 30일이 경과한 날부터 시행되도록 하여야 한다.']",B,"A. 법률의 공포일은 해당 법률을 게재한 관보 또는 신문이 발행된 날로 한다.
B. 법률에 시행일이 명시된 경우에 시행일까지 공포되지 않으면 그 법률은 시행일부터 효력을 발생한다.
C. 관보의 내용 해석 및 적용 시기 등에 대하여 종이관보와 전자관보는 동일한 효력을 가진다.
D. 국민의 권리 제한 또는 의무 부과와 직접 관련되는 법률은 긴급히 시행하여야 할 특별한 사유가 있는 경우를 제외하고는 공포일부터 적어도 30일이 경과한 날부터 시행되도록 하여야 한다.
","다음은 한국사회의 법에 대한 문제이다.
법률의 공포와 효력발생에 대한 설명으로 옳지 않은 것은?
A. 법률의 공포일은 해당 법률을 게재한 관보 또는 신문이 발행된 날로 한다.
B. 법률에 시행일이 명시된 경우에 시행일까지 공포되지 않으면 그 법률은 시행일부터 효력을 발생한다.
C. 관보의 내용 해석 및 적용 시기 등에 대하여 종이관보와 전자관보는 동일한 효력을 가진다.
D. 국민의 권리 제한 또는 의무 부과와 직접 관련되는 법률은 긴급히 시행하여야 할 특별한 사유가 있는 경우를 제외하고는 공포일부터 적어도 30일이 경과한 날부터 시행되도록 하여야 한다.
","Next is the issue of law in Korean society.
Which of the following is incorrect regarding the promulgation and effectuation of the law?
A. The date of promulgation of a law is the date on which the official gazette or newspaper that published the law was published.
B. If an enforcement date is specified in a law and is not promulgated by the enforcement date, the law takes effect from the enforcement date.
C. The paper Gazette and the electronic Gazette have the same effect with respect to the interpretation of the contents of the Gazette and the timing of application.
D. Laws directly related to restrictions on citizens' rights or imposition of obligations must be implemented at least 30 days after the date of promulgation, except in cases where there are special reasons for urgent enforcement.
"
684,PSAT_23_21,,"다음은 한국사회의 법에 대한 문제이다.
평등권에 대한 설명으로 옳지 않은 것은?","['A. 에서 규율하는 대학 교원들의 단결권을 인정하지 않더라도, 대학 교원은 헌법과 법률로써 신분이 보장되고 정당가입과 선거운동 등이 가능하므로 평등권을 침해하는 것은 아니다.', 'B. 사법시험에 합격하여 사법연수원의 과정을 마친 자와 달리 변호사시험 합격자들에게 6개월의 실무수습을 거치도록 하는 변호사법 규정이 합리적 이유가 없는 자의적 차별이라고 보기는 어렵다.', 'C. 대한민국 국민인 남자에 한하여 병역의무를 부과한 구병역법 조항이 성별을 기준으로 병역의무자의 범위를 정한 것은 평등권을 침해하지 않는다.', 'D. 제대군인지원에 관한 법률에 규정된 가산점제도(과목별 만점의 5% 또는 3%를 가산)는 제대군인에 비하여 여성 및 제대군인이 아닌 남성을 부당한 방법으로 지나치게 차별하는 것으로서 헌법 제11조에 위배된다.']",A,"A. 에서 규율하는 대학 교원들의 단결권을 인정하지 않더라도, 대학 교원은 헌법과 법률로써 신분이 보장되고 정당가입과 선거운동 등이 가능하므로 평등권을 침해하는 것은 아니다.
B. 사법시험에 합격하여 사법연수원의 과정을 마친 자와 달리 변호사시험 합격자들에게 6개월의 실무수습을 거치도록 하는 변호사법 규정이 합리적 이유가 없는 자의적 차별이라고 보기는 어렵다.
C. 대한민국 국민인 남자에 한하여 병역의무를 부과한 구병역법 조항이 성별을 기준으로 병역의무자의 범위를 정한 것은 평등권을 침해하지 않는다.
D. 제대군인지원에 관한 법률에 규정된 가산점제도(과목별 만점의 5% 또는 3%를 가산)는 제대군인에 비하여 여성 및 제대군인이 아닌 남성을 부당한 방법으로 지나치게 차별하는 것으로서 헌법 제11조에 위배된다.
","다음은 한국사회의 법에 대한 문제이다.
평등권에 대한 설명으로 옳지 않은 것은?
A. 에서 규율하는 대학 교원들의 단결권을 인정하지 않더라도, 대학 교원은 헌법과 법률로써 신분이 보장되고 정당가입과 선거운동 등이 가능하므로 평등권을 침해하는 것은 아니다.
B. 사법시험에 합격하여 사법연수원의 과정을 마친 자와 달리 변호사시험 합격자들에게 6개월의 실무수습을 거치도록 하는 변호사법 규정이 합리적 이유가 없는 자의적 차별이라고 보기는 어렵다.
C. 대한민국 국민인 남자에 한하여 병역의무를 부과한 구병역법 조항이 성별을 기준으로 병역의무자의 범위를 정한 것은 평등권을 침해하지 않는다.
D. 제대군인지원에 관한 법률에 규정된 가산점제도(과목별 만점의 5% 또는 3%를 가산)는 제대군인에 비하여 여성 및 제대군인이 아닌 남성을 부당한 방법으로 지나치게 차별하는 것으로서 헌법 제11조에 위배된다.
","Next is the issue of law in Korean society.
Which of the following is not correct regarding equal rights?
A. Even if the right to organize of university teachers regulated in is not recognized, it does not infringe on the right to equality because university teachers' status is guaranteed by the Constitution and law and they can join political parties and campaign for elections.
B. Unlike those who passed the bar exam and completed the course at the Judicial Research and Training Institute, it is difficult to view the Bar Act's provision of requiring those who passed the bar exam to undergo 6 months of practical training as arbitrary discrimination without reasonable grounds.
C. The provision of the old Military Service Act, which imposed military service obligation only on male citizens of the Republic of Korea, and defines the scope of those liable for military service based on gender, does not violate the right to equality.
D. The additional point system (5% or 3% of the total score for each subject) stipulated in the Act on Support for Veterans unfairly and excessively discriminates against women and men who are not veterans compared to veterans, and is prohibited by Article 11 of the Constitution. It is a violation.
"
685,PSAT_23_22,,"다음은 한국사회의 법에 대한 문제이다.
국회의 자율권에 대한 설명으로 옳지 않은 것은?","['A. 국회는 의원의 자격을 심사하며, 의원을 징계할 수 있다.', 'B. 국회는 법률에 저촉되지 아니하는 범위 안에서 의사와 내부규율에 관한 규칙을 제정할 수 있다.', 'C. 국회의 의원 제명처분에 대해서는 법원에 제소할 수 있다.', 'D. 국회의원은 법률이 정하는 직을 겸할 수 없다.']",C,"A. 국회는 의원의 자격을 심사하며, 의원을 징계할 수 있다.
B. 국회는 법률에 저촉되지 아니하는 범위 안에서 의사와 내부규율에 관한 규칙을 제정할 수 있다.
C. 국회의 의원 제명처분에 대해서는 법원에 제소할 수 있다.
D. 국회의원은 법률이 정하는 직을 겸할 수 없다.
","다음은 한국사회의 법에 대한 문제이다.
국회의 자율권에 대한 설명으로 옳지 않은 것은?
A. 국회는 의원의 자격을 심사하며, 의원을 징계할 수 있다.
B. 국회는 법률에 저촉되지 아니하는 범위 안에서 의사와 내부규율에 관한 규칙을 제정할 수 있다.
C. 국회의 의원 제명처분에 대해서는 법원에 제소할 수 있다.
D. 국회의원은 법률이 정하는 직을 겸할 수 없다.
","Next is the issue of law in Korean society.
Which of the following is incorrect regarding the autonomy of the National Assembly?
A. The National Assembly reviews the qualifications of members and may discipline members.
B. The National Assembly may enact rules regarding deliberation and internal discipline within the scope that do not conflict with the law.
C. The expulsion of members of the National Assembly can be filed in court.
D. Members of the National Assembly cannot concurrently hold positions prescribed by law.
"
686,PSAT_23_23,,"다음은 한국사회의 법에 대한 문제이다.
법원과 법관에 대한 설명으로 옳지 않은 것은?","['A. 법관은 헌법과 법률에 의하여 그 양심에 따라 독립하여 심판한다.', 'B. 법관의 신분보장은 법관의 재판상의 독립을 보장하는데 있어서 필수적인 전제로서 정당한 법절차에 따르지 않은 법관의 파면이나 면직처분 내지 불이익처분의 금지를 의미한다.', 'C. 대법관은 국무총리의 제청으로 국무회의의 심의를 거쳐 대통령이 임명한다.', 'D. 헌법 제110조제1항에서 “특별법원으로서 군사법원을 둘 수 있다”는 의미는 군사법원을 일반법원과 조직ㆍ권한 및 재판관의 자격을 달리하여 특별법원으로 설치할 수 있다는 뜻으로 해석된다.']",C,"A. 법관은 헌법과 법률에 의하여 그 양심에 따라 독립하여 심판한다.
B. 법관의 신분보장은 법관의 재판상의 독립을 보장하는데 있어서 필수적인 전제로서 정당한 법절차에 따르지 않은 법관의 파면이나 면직처분 내지 불이익처분의 금지를 의미한다.
C. 대법관은 국무총리의 제청으로 국무회의의 심의를 거쳐 대통령이 임명한다.
D. 헌법 제110조제1항에서 “특별법원으로서 군사법원을 둘 수 있다”는 의미는 군사법원을 일반법원과 조직ㆍ권한 및 재판관의 자격을 달리하여 특별법원으로 설치할 수 있다는 뜻으로 해석된다.
","다음은 한국사회의 법에 대한 문제이다.
법원과 법관에 대한 설명으로 옳지 않은 것은?
A. 법관은 헌법과 법률에 의하여 그 양심에 따라 독립하여 심판한다.
B. 법관의 신분보장은 법관의 재판상의 독립을 보장하는데 있어서 필수적인 전제로서 정당한 법절차에 따르지 않은 법관의 파면이나 면직처분 내지 불이익처분의 금지를 의미한다.
C. 대법관은 국무총리의 제청으로 국무회의의 심의를 거쳐 대통령이 임명한다.
D. 헌법 제110조제1항에서 “특별법원으로서 군사법원을 둘 수 있다”는 의미는 군사법원을 일반법원과 조직ㆍ권한 및 재판관의 자격을 달리하여 특별법원으로 설치할 수 있다는 뜻으로 해석된다.
","Next is the issue of law in Korean society.
Which of the following is not a correct description of courts and judges?
A. Judges judge independently according to their conscience and in accordance with the Constitution and laws.
B. Guaranteeing the status of judges is an essential premise in ensuring the judicial independence of judges and means prohibiting the dismissal, dismissal, or disadvantageous treatment of judges who do not follow due legal procedures.
C. Supreme Court Justices are appointed by the President upon the recommendation of the Prime Minister and after deliberation by the State Council.
D. The meaning of “military courts may be established as special courts” in Article 110, Paragraph 1 of the Constitution is interpreted to mean that military courts may be established as special courts with different organization, authority, and judge qualifications from general courts.
"
687,PSAT_23_24,,"다음은 한국사회의 법에 대한 문제이다.
선거관리위원회에 대한 설명으로 옳지 않은 것은?","['A. 법관과 법원공무원 및 교육공무원 이외의 공무원은 각급 선거관리위원회의 위원이 될 수 없다.', 'B. 각급 구ㆍ시ㆍ군 선거관리위원회는 권한쟁의심판청구의 당사자 능력이 인정된다.', 'C. 각급 선거관리위원회는 선거인명부의 작성 등 선거사무와 국민투표사무에 관하여 관계 행정기관에 필요한 지시를 할 수 있다.', 'D. 헌법은 “중앙선거관리위원회는 대통령이 임명하는 3인, 국회에서 선출하는 3인과 대법원장이 지명하는 3인의 위원으로 구성한다. 위원장은 대통령이 임명한다”고 규정하고 있다.']",D,"A. 법관과 법원공무원 및 교육공무원 이외의 공무원은 각급 선거관리위원회의 위원이 될 수 없다.
B. 각급 구ㆍ시ㆍ군 선거관리위원회는 권한쟁의심판청구의 당사자 능력이 인정된다.
C. 각급 선거관리위원회는 선거인명부의 작성 등 선거사무와 국민투표사무에 관하여 관계 행정기관에 필요한 지시를 할 수 있다.
D. 헌법은 “중앙선거관리위원회는 대통령이 임명하는 3인, 국회에서 선출하는 3인과 대법원장이 지명하는 3인의 위원으로 구성한다. 위원장은 대통령이 임명한다”고 규정하고 있다.
","다음은 한국사회의 법에 대한 문제이다.
선거관리위원회에 대한 설명으로 옳지 않은 것은?
A. 법관과 법원공무원 및 교육공무원 이외의 공무원은 각급 선거관리위원회의 위원이 될 수 없다.
B. 각급 구ㆍ시ㆍ군 선거관리위원회는 권한쟁의심판청구의 당사자 능력이 인정된다.
C. 각급 선거관리위원회는 선거인명부의 작성 등 선거사무와 국민투표사무에 관하여 관계 행정기관에 필요한 지시를 할 수 있다.
D. 헌법은 “중앙선거관리위원회는 대통령이 임명하는 3인, 국회에서 선출하는 3인과 대법원장이 지명하는 3인의 위원으로 구성한다. 위원장은 대통령이 임명한다”고 규정하고 있다.
","Next is the issue of law in Korean society.
Which of the following is not correct regarding the Election Commission?
A. Public officials other than judges, court officials, and educational officials cannot be members of the election management committee at any level.
B. The district, city, and county election commissions at each level are recognized as parties to the request for authority dispute adjudication.
C. Election commissions at each level may give necessary instructions to relevant administrative agencies regarding election affairs and referendum affairs, including the preparation of voter lists.
D. The Constitution states, “The National Election Commission consists of three members appointed by the President, three members elected by the National Assembly, and three members appointed by the Chief Justice of the Supreme Court. “The chairman is appointed by the president.”
"
688,PSAT_23_25,,"다음은 한국사회의 법에 대한 문제이다.
교육을 받을 권리에 대한 설명으로 옳지 않은 것은?","[""A. 검정고시로 고등학교 졸업학력을 취득한 사람들의 수시모집 지원을 제한하는 내용의 국립교육대학교 등의 '2017학년도 신입생 수시모집 입시요강'은 청구인들의 균등하게 교육을 받을 권리를 침해한다."", 'B. 자녀의 양육과 교육은 일차적으로 부모의 천부적인 권리인 동시에 부모에게 부과된 의무이기도 하다.', 'C. 학교운영지원비를 학교회계 세입항목에 포함시키도록 한 구초ㆍ중등교육법 규정은 헌법 제31조제3항에 규정되어 있는 의무교육 무상의 원칙에 위배되지 않는다.', 'D. 의무교육제도는 국민에 대하여 보호하는 자녀들을 취학시키도록 한다는 의무부과의 면보다는 국가에 대하여 인적ㆍ물적 교육시설을 정비하고 교육환경을 개선하여야 한다는 의무부과의 측면이 보다 더 중요한 의미를 갖는다.']",C,"A. 검정고시로 고등학교 졸업학력을 취득한 사람들의 수시모집 지원을 제한하는 내용의 국립교육대학교 등의 '2017학년도 신입생 수시모집 입시요강'은 청구인들의 균등하게 교육을 받을 권리를 침해한다.
B. 자녀의 양육과 교육은 일차적으로 부모의 천부적인 권리인 동시에 부모에게 부과된 의무이기도 하다.
C. 학교운영지원비를 학교회계 세입항목에 포함시키도록 한 구초ㆍ중등교육법 규정은 헌법 제31조제3항에 규정되어 있는 의무교육 무상의 원칙에 위배되지 않는다.
D. 의무교육제도는 국민에 대하여 보호하는 자녀들을 취학시키도록 한다는 의무부과의 면보다는 국가에 대하여 인적ㆍ물적 교육시설을 정비하고 교육환경을 개선하여야 한다는 의무부과의 측면이 보다 더 중요한 의미를 갖는다.
","다음은 한국사회의 법에 대한 문제이다.
교육을 받을 권리에 대한 설명으로 옳지 않은 것은?
A. 검정고시로 고등학교 졸업학력을 취득한 사람들의 수시모집 지원을 제한하는 내용의 국립교육대학교 등의 '2017학년도 신입생 수시모집 입시요강'은 청구인들의 균등하게 교육을 받을 권리를 침해한다.
B. 자녀의 양육과 교육은 일차적으로 부모의 천부적인 권리인 동시에 부모에게 부과된 의무이기도 하다.
C. 학교운영지원비를 학교회계 세입항목에 포함시키도록 한 구초ㆍ중등교육법 규정은 헌법 제31조제3항에 규정되어 있는 의무교육 무상의 원칙에 위배되지 않는다.
D. 의무교육제도는 국민에 대하여 보호하는 자녀들을 취학시키도록 한다는 의무부과의 면보다는 국가에 대하여 인적ㆍ물적 교육시설을 정비하고 교육환경을 개선하여야 한다는 의무부과의 측면이 보다 더 중요한 의미를 갖는다.
","Next is the issue of law in Korean society.
Which of the following is incorrect regarding the right to education?
A. The '2017 New Student Admission Guidelines' of the National University of Education, etc., which restricts the application for regular recruitment of those who have obtained a high school diploma through the GED, infringes on the claimants' right to receive equal education.
B. Raising and educating children is primarily a natural right of parents, but is also a duty imposed on them.
C. The provisions of the Old Elementary and Secondary Education Act that require school operating support expenses to be included in school accounting revenue items do not violate the principle of free compulsory education stipulated in Article 31, Paragraph 3 of the Constitution.
D. The compulsory education system has a more important meaning in that it imposes an obligation on the nation to maintain human and material educational facilities and improve the educational environment, rather than in the aspect of imposing an obligation on citizens to enroll their children in school. .
"
